Berichtsjahr;Segment;Antriebsart;Jahr der Erstzulassung;Anzahl
2016;Minis;Benzin;1990;202
2016;Minis;Benzin;1991;391
2016;Minis;Benzin;1992;728
2016;Minis;Benzin;1993;1850
2016;Minis;Benzin;1994;2626
2016;Minis;Benzin;1995;4991
2016;Minis;Benzin;1996;7284
2016;Minis;Benzin;1997;15838
2016;Minis;Benzin;1998;22307
2016;Minis;Benzin;1999;39422
2016;Minis;Benzin;2000;31496
2016;Minis;Benzin;2001;36172
2016;Minis;Benzin;2002;27924
2016;Minis;Benzin;2003;24357
2016;Minis;Benzin;2004;18603
2016;Minis;Benzin;2005;22274
2016;Minis;Benzin;2006;20184
2016;Minis;Benzin;2007;18047
2016;Minis;Benzin;2008;17763
2016;Minis;Benzin;2009;29912
2016;Minis;Benzin;2010;18104
2016;Minis;Benzin;2011;16642
2016;Minis;Benzin;2012;30476
2016;Minis;Benzin;2013;30443
2016;Minis;Benzin;2014;15826
2016;Minis;Benzin;2015;37395
2016;Minis;Benzin;2016;42437
2016;Minis;Diesel;1992;1
2016;Minis;Diesel;1993;27
2016;Minis;Diesel;1994;12
2016;Minis;Diesel;1995;21
2016;Minis;Diesel;1996;31
2016;Minis;Diesel;1997;42
2016;Minis;Diesel;1998;289
2016;Minis;Diesel;1999;1179
2016;Minis;Diesel;2000;2641
2016;Minis;Diesel;2001;3089
2016;Minis;Diesel;2002;2206
2016;Minis;Diesel;2003;1599
2016;Minis;Diesel;2004;1232
2016;Minis;Diesel;2005;1166
2016;Minis;Diesel;2006;1384
2016;Minis;Diesel;2007;1316
2016;Minis;Diesel;2008;1564
2016;Minis;Diesel;2009;1111
2016;Minis;Diesel;2010;821
2016;Minis;Diesel;2011;690
2016;Minis;Diesel;2012;713
2016;Minis;Diesel;2013;786
2016;Minis;Diesel;2014;301
2016;Minis;Diesel;2015;1415
2016;Minis;Diesel;2016;1764
2016;Minis;Elektro (BEV);1997;1
2016;Minis;Elektro (BEV);1998;2
2016;Minis;Elektro (BEV);1999;2
2016;Minis;Elektro (BEV);2000;3
2016;Minis;Elektro (BEV);2001;1
2016;Minis;Elektro (BEV);2002;1
2016;Minis;Elektro (BEV);2003;1
2016;Minis;Elektro (BEV);2004;1
2016;Minis;Elektro (BEV);2006;1
2016;Minis;Elektro (BEV);2009;6
2016;Minis;Elektro (BEV);2010;19
2016;Minis;Elektro (BEV);2011;116
2016;Minis;Elektro (BEV);2012;247
2016;Minis;Elektro (BEV);2013;416
2016;Minis;Elektro (BEV);2014;290
2016;Minis;Elektro (BEV);2015;253
2016;Minis;Elektro (BEV);2016;109
2016;Minis;Hybrid;1997;1
2016;Minis;Hybrid;2001;1
2016;Minis;Hybrid;2003;1
2016;Minis;Sonstige;1995;2
2016;Minis;Sonstige;1996;1
2016;Minis;Sonstige;1998;1
2016;Minis;Sonstige;2001;1
2016;Minis;Sonstige;2002;3
2016;Minis;Sonstige;2003;2
2016;Minis;Sonstige;2004;2
2016;Minis;Sonstige;2005;1
2016;Minis;Sonstige;2006;1
2016;Minis;Sonstige;2007;1
2016;Minis;Sonstige;2012;1
2016;Minis;Flüssiggas (LPG) (einschl. bivalent);1990;1
2016;Minis;Flüssiggas (LPG) (einschl. bivalent);1991;2
2016;Minis;Flüssiggas (LPG) (einschl. bivalent);1993;3
2016;Minis;Flüssiggas (LPG) (einschl. bivalent);1994;2
2016;Minis;Flüssiggas (LPG) (einschl. bivalent);1995;10
2016;Minis;Flüssiggas (LPG) (einschl. bivalent);1996;13
2016;Minis;Flüssiggas (LPG) (einschl. bivalent);1997;22
2016;Minis;Flüssiggas (LPG) (einschl. bivalent);1998;31
2016;Minis;Flüssiggas (LPG) (einschl. bivalent);1999;64
2016;Minis;Flüssiggas (LPG) (einschl. bivalent);2000;52
2016;Minis;Flüssiggas (LPG) (einschl. bivalent);2001;95
2016;Minis;Flüssiggas (LPG) (einschl. bivalent);2002;109
2016;Minis;Flüssiggas (LPG) (einschl. bivalent);2003;111
2016;Minis;Flüssiggas (LPG) (einschl. bivalent);2004;128
2016;Minis;Flüssiggas (LPG) (einschl. bivalent);2005;218
2016;Minis;Flüssiggas (LPG) (einschl. bivalent);2006;277
2016;Minis;Flüssiggas (LPG) (einschl. bivalent);2007;309
2016;Minis;Flüssiggas (LPG) (einschl. bivalent);2008;397
2016;Minis;Flüssiggas (LPG) (einschl. bivalent);2009;254
2016;Minis;Flüssiggas (LPG) (einschl. bivalent);2010;142
2016;Minis;Flüssiggas (LPG) (einschl. bivalent);2011;133
2016;Minis;Flüssiggas (LPG) (einschl. bivalent);2012;113
2016;Minis;Flüssiggas (LPG) (einschl. bivalent);2013;44
2016;Minis;Flüssiggas (LPG) (einschl. bivalent);2014;67
2016;Minis;Flüssiggas (LPG) (einschl. bivalent);2015;47
2016;Minis;Flüssiggas (LPG) (einschl. bivalent);2016;75
2016;Minis;Erdgas (CNG) (einschl. bivalent);1997;2
2016;Minis;Erdgas (CNG) (einschl. bivalent);1998;6
2016;Minis;Erdgas (CNG) (einschl. bivalent);1999;7
2016;Minis;Erdgas (CNG) (einschl. bivalent);2000;6
2016;Minis;Erdgas (CNG) (einschl. bivalent);2001;18
2016;Minis;Erdgas (CNG) (einschl. bivalent);2002;13
2016;Minis;Erdgas (CNG) (einschl. bivalent);2003;13
2016;Minis;Erdgas (CNG) (einschl. bivalent);2004;7
2016;Minis;Erdgas (CNG) (einschl. bivalent);2005;7
2016;Minis;Erdgas (CNG) (einschl. bivalent);2006;12
2016;Minis;Erdgas (CNG) (einschl. bivalent);2007;120
2016;Minis;Erdgas (CNG) (einschl. bivalent);2008;139
2016;Minis;Erdgas (CNG) (einschl. bivalent);2009;42
2016;Minis;Erdgas (CNG) (einschl. bivalent);2010;31
2016;Minis;Erdgas (CNG) (einschl. bivalent);2011;34
2016;Minis;Erdgas (CNG) (einschl. bivalent);2012;37
2016;Minis;Erdgas (CNG) (einschl. bivalent);2013;678
2016;Minis;Erdgas (CNG) (einschl. bivalent);2014;204
2016;Minis;Erdgas (CNG) (einschl. bivalent);2015;115
2016;Minis;Erdgas (CNG) (einschl. bivalent);2016;45
2016;Kleinwagen;Benzin;1990;2676
2016;Kleinwagen;Benzin;1991;7291
2016;Kleinwagen;Benzin;1992;6624
2016;Kleinwagen;Benzin;1993;10334
2016;Kleinwagen;Benzin;1994;14828
2016;Kleinwagen;Benzin;1995;42174
2016;Kleinwagen;Benzin;1996;53336
2016;Kleinwagen;Benzin;1997;74577
2016;Kleinwagen;Benzin;1998;66564
2016;Kleinwagen;Benzin;1999;87926
2016;Kleinwagen;Benzin;2000;73132
2016;Kleinwagen;Benzin;2001;83495
2016;Kleinwagen;Benzin;2002;74856
2016;Kleinwagen;Benzin;2003;80873
2016;Kleinwagen;Benzin;2004;62749
2016;Kleinwagen;Benzin;2005;62024
2016;Kleinwagen;Benzin;2006;60467
2016;Kleinwagen;Benzin;2007;54389
2016;Kleinwagen;Benzin;2008;47382
2016;Kleinwagen;Benzin;2009;64392
2016;Kleinwagen;Benzin;2010;40971
2016;Kleinwagen;Benzin;2011;45254
2016;Kleinwagen;Benzin;2012;54839
2016;Kleinwagen;Benzin;2013;48534
2016;Kleinwagen;Benzin;2014;25973
2016;Kleinwagen;Benzin;2015;69732
2016;Kleinwagen;Benzin;2016;75331
2016;Kleinwagen;Diesel;1990;6
2016;Kleinwagen;Diesel;1991;87
2016;Kleinwagen;Diesel;1992;72
2016;Kleinwagen;Diesel;1993;68
2016;Kleinwagen;Diesel;1994;61
2016;Kleinwagen;Diesel;1995;83
2016;Kleinwagen;Diesel;1996;202
2016;Kleinwagen;Diesel;1997;399
2016;Kleinwagen;Diesel;1998;794
2016;Kleinwagen;Diesel;1999;1124
2016;Kleinwagen;Diesel;2000;2693
2016;Kleinwagen;Diesel;2001;4935
2016;Kleinwagen;Diesel;2002;6784
2016;Kleinwagen;Diesel;2003;9208
2016;Kleinwagen;Diesel;2004;10569
2016;Kleinwagen;Diesel;2005;9715
2016;Kleinwagen;Diesel;2006;10369
2016;Kleinwagen;Diesel;2007;11037
2016;Kleinwagen;Diesel;2008;8324
2016;Kleinwagen;Diesel;2009;6804
2016;Kleinwagen;Diesel;2010;6491
2016;Kleinwagen;Diesel;2011;8802
2016;Kleinwagen;Diesel;2012;11527
2016;Kleinwagen;Diesel;2013;12356
2016;Kleinwagen;Diesel;2014;5906
2016;Kleinwagen;Diesel;2015;13146
2016;Kleinwagen;Diesel;2016;9554
2016;Kleinwagen;Elektro (BEV);1993;1
2016;Kleinwagen;Elektro (BEV);1994;1
2016;Kleinwagen;Elektro (BEV);1995;2
2016;Kleinwagen;Elektro (BEV);1996;2
2016;Kleinwagen;Elektro (BEV);1997;4
2016;Kleinwagen;Elektro (BEV);1998;1
2016;Kleinwagen;Elektro (BEV);1999;3
2016;Kleinwagen;Elektro (BEV);2000;2
2016;Kleinwagen;Elektro (BEV);2001;3
2016;Kleinwagen;Elektro (BEV);2002;2
2016;Kleinwagen;Elektro (BEV);2003;3
2016;Kleinwagen;Elektro (BEV);2008;2
2016;Kleinwagen;Elektro (BEV);2009;3
2016;Kleinwagen;Elektro (BEV);2010;1
2016;Kleinwagen;Elektro (BEV);2012;19
2016;Kleinwagen;Elektro (BEV);2013;306
2016;Kleinwagen;Elektro (BEV);2014;376
2016;Kleinwagen;Elektro (BEV);2015;224
2016;Kleinwagen;Elektro (BEV);2016;97
2016;Kleinwagen;Hybrid;1995;1
2016;Kleinwagen;Hybrid;2002;1
2016;Kleinwagen;Hybrid;2003;3
2016;Kleinwagen;Hybrid;2005;2
2016;Kleinwagen;Hybrid;2011;90
2016;Kleinwagen;Hybrid;2012;667
2016;Kleinwagen;Hybrid;2013;838
2016;Kleinwagen;Hybrid;2014;692
2016;Kleinwagen;Hybrid;2015;748
2016;Kleinwagen;Hybrid;2016;941
2016;Kleinwagen;Sonstige;1996;2
2016;Kleinwagen;Sonstige;1997;1
2016;Kleinwagen;Sonstige;1998;3
2016;Kleinwagen;Sonstige;2000;2
2016;Kleinwagen;Sonstige;2001;1
2016;Kleinwagen;Sonstige;2002;1
2016;Kleinwagen;Sonstige;2003;2
2016;Kleinwagen;Sonstige;2004;2
2016;Kleinwagen;Sonstige;2005;5
2016;Kleinwagen;Sonstige;2006;4
2016;Kleinwagen;Sonstige;2007;5
2016;Kleinwagen;Sonstige;2008;1
2016;Kleinwagen;Sonstige;2009;2
2016;Kleinwagen;Sonstige;2010;1
2016;Kleinwagen;Sonstige;2014;1
2016;Kleinwagen;Flüssiggas (LPG) (einschl. bivalent);1990;2
2016;Kleinwagen;Flüssiggas (LPG) (einschl. bivalent);1991;17
2016;Kleinwagen;Flüssiggas (LPG) (einschl. bivalent);1992;8
2016;Kleinwagen;Flüssiggas (LPG) (einschl. bivalent);1993;12
2016;Kleinwagen;Flüssiggas (LPG) (einschl. bivalent);1994;36
2016;Kleinwagen;Flüssiggas (LPG) (einschl. bivalent);1995;85
2016;Kleinwagen;Flüssiggas (LPG) (einschl. bivalent);1996;126
2016;Kleinwagen;Flüssiggas (LPG) (einschl. bivalent);1997;192
2016;Kleinwagen;Flüssiggas (LPG) (einschl. bivalent);1998;179
2016;Kleinwagen;Flüssiggas (LPG) (einschl. bivalent);1999;257
2016;Kleinwagen;Flüssiggas (LPG) (einschl. bivalent);2000;264
2016;Kleinwagen;Flüssiggas (LPG) (einschl. bivalent);2001;375
2016;Kleinwagen;Flüssiggas (LPG) (einschl. bivalent);2002;488
2016;Kleinwagen;Flüssiggas (LPG) (einschl. bivalent);2003;722
2016;Kleinwagen;Flüssiggas (LPG) (einschl. bivalent);2004;678
2016;Kleinwagen;Flüssiggas (LPG) (einschl. bivalent);2005;988
2016;Kleinwagen;Flüssiggas (LPG) (einschl. bivalent);2006;1168
2016;Kleinwagen;Flüssiggas (LPG) (einschl. bivalent);2007;1354
2016;Kleinwagen;Flüssiggas (LPG) (einschl. bivalent);2008;1378
2016;Kleinwagen;Flüssiggas (LPG) (einschl. bivalent);2009;871
2016;Kleinwagen;Flüssiggas (LPG) (einschl. bivalent);2010;446
2016;Kleinwagen;Flüssiggas (LPG) (einschl. bivalent);2011;291
2016;Kleinwagen;Flüssiggas (LPG) (einschl. bivalent);2012;337
2016;Kleinwagen;Flüssiggas (LPG) (einschl. bivalent);2013;173
2016;Kleinwagen;Flüssiggas (LPG) (einschl. bivalent);2014;48
2016;Kleinwagen;Flüssiggas (LPG) (einschl. bivalent);2015;25
2016;Kleinwagen;Flüssiggas (LPG) (einschl. bivalent);2016;18
2016;Kleinwagen;Erdgas (CNG) (einschl. bivalent);1992;1
2016;Kleinwagen;Erdgas (CNG) (einschl. bivalent);1994;2
2016;Kleinwagen;Erdgas (CNG) (einschl. bivalent);1995;3
2016;Kleinwagen;Erdgas (CNG) (einschl. bivalent);1996;8
2016;Kleinwagen;Erdgas (CNG) (einschl. bivalent);1997;22
2016;Kleinwagen;Erdgas (CNG) (einschl. bivalent);1998;17
2016;Kleinwagen;Erdgas (CNG) (einschl. bivalent);1999;21
2016;Kleinwagen;Erdgas (CNG) (einschl. bivalent);2000;10
2016;Kleinwagen;Erdgas (CNG) (einschl. bivalent);2001;31
2016;Kleinwagen;Erdgas (CNG) (einschl. bivalent);2002;12
2016;Kleinwagen;Erdgas (CNG) (einschl. bivalent);2003;28
2016;Kleinwagen;Erdgas (CNG) (einschl. bivalent);2004;71
2016;Kleinwagen;Erdgas (CNG) (einschl. bivalent);2005;148
2016;Kleinwagen;Erdgas (CNG) (einschl. bivalent);2006;126
2016;Kleinwagen;Erdgas (CNG) (einschl. bivalent);2007;52
2016;Kleinwagen;Erdgas (CNG) (einschl. bivalent);2008;40
2016;Kleinwagen;Erdgas (CNG) (einschl. bivalent);2009;56
2016;Kleinwagen;Erdgas (CNG) (einschl. bivalent);2010;29
2016;Kleinwagen;Erdgas (CNG) (einschl. bivalent);2011;27
2016;Kleinwagen;Erdgas (CNG) (einschl. bivalent);2012;34
2016;Kleinwagen;Erdgas (CNG) (einschl. bivalent);2013;4
2016;Kleinwagen;Erdgas (CNG) (einschl. bivalent);2014;2
2016;Kompaktklasse;Benzin;1990;8805
2016;Kompaktklasse;Benzin;1991;13191
2016;Kompaktklasse;Benzin;1992;13569
2016;Kompaktklasse;Benzin;1993;22114
2016;Kompaktklasse;Benzin;1994;26119
2016;Kompaktklasse;Benzin;1995;43400
2016;Kompaktklasse;Benzin;1996;45450
2016;Kompaktklasse;Benzin;1997;70779
2016;Kompaktklasse;Benzin;1998;88697
2016;Kompaktklasse;Benzin;1999;122054
2016;Kompaktklasse;Benzin;2000;82076
2016;Kompaktklasse;Benzin;2001;76526
2016;Kompaktklasse;Benzin;2002;63141
2016;Kompaktklasse;Benzin;2003;57781
2016;Kompaktklasse;Benzin;2004;55975
2016;Kompaktklasse;Benzin;2005;61189
2016;Kompaktklasse;Benzin;2006;52001
2016;Kompaktklasse;Benzin;2007;42838
2016;Kompaktklasse;Benzin;2008;45160
2016;Kompaktklasse;Benzin;2009;60787
2016;Kompaktklasse;Benzin;2010;45440
2016;Kompaktklasse;Benzin;2011;44927
2016;Kompaktklasse;Benzin;2012;51784
2016;Kompaktklasse;Benzin;2013;52385
2016;Kompaktklasse;Benzin;2014;29228
2016;Kompaktklasse;Benzin;2015;108196
2016;Kompaktklasse;Benzin;2016;92167
2016;Kompaktklasse;Diesel;1990;285
2016;Kompaktklasse;Diesel;1991;576
2016;Kompaktklasse;Diesel;1992;437
2016;Kompaktklasse;Diesel;1993;512
2016;Kompaktklasse;Diesel;1994;774
2016;Kompaktklasse;Diesel;1995;1241
2016;Kompaktklasse;Diesel;1996;1657
2016;Kompaktklasse;Diesel;1997;2671
2016;Kompaktklasse;Diesel;1998;5709
2016;Kompaktklasse;Diesel;1999;14487
2016;Kompaktklasse;Diesel;2000;18113
2016;Kompaktklasse;Diesel;2001;21850
2016;Kompaktklasse;Diesel;2002;23990
2016;Kompaktklasse;Diesel;2003;26939
2016;Kompaktklasse;Diesel;2004;31565
2016;Kompaktklasse;Diesel;2005;37184
2016;Kompaktklasse;Diesel;2006;38825
2016;Kompaktklasse;Diesel;2007;39904
2016;Kompaktklasse;Diesel;2008;34425
2016;Kompaktklasse;Diesel;2009;25699
2016;Kompaktklasse;Diesel;2010;26804
2016;Kompaktklasse;Diesel;2011;38762
2016;Kompaktklasse;Diesel;2012;50900
2016;Kompaktklasse;Diesel;2013;64571
2016;Kompaktklasse;Diesel;2014;31120
2016;Kompaktklasse;Diesel;2015;91811
2016;Kompaktklasse;Diesel;2016;62806
2016;Kompaktklasse;Elektro (BEV);1994;1
2016;Kompaktklasse;Elektro (BEV);2010;7
2016;Kompaktklasse;Elektro (BEV);2011;74
2016;Kompaktklasse;Elektro (BEV);2012;138
2016;Kompaktklasse;Elektro (BEV);2013;285
2016;Kompaktklasse;Elektro (BEV);2014;186
2016;Kompaktklasse;Elektro (BEV);2015;566
2016;Kompaktklasse;Elektro (BEV);2016;304
2016;Kompaktklasse;Hybrid;1998;1
2016;Kompaktklasse;Hybrid;2001;5
2016;Kompaktklasse;Hybrid;2003;21
2016;Kompaktklasse;Hybrid;2004;134
2016;Kompaktklasse;Hybrid;2005;261
2016;Kompaktklasse;Hybrid;2006;346
2016;Kompaktklasse;Hybrid;2007;571
2016;Kompaktklasse;Hybrid;2008;378
2016;Kompaktklasse;Hybrid;2009;656
2016;Kompaktklasse;Hybrid;2010;685
2016;Kompaktklasse;Hybrid;2011;959
2016;Kompaktklasse;Hybrid;2012;1179
2016;Kompaktklasse;Hybrid;2013;1486
2016;Kompaktklasse;Hybrid;2014;1036
2016;Kompaktklasse;Hybrid;2015;2616
2016;Kompaktklasse;Hybrid;2016;2557
2016;Kompaktklasse;Sonstige;1992;1
2016;Kompaktklasse;Sonstige;1995;2
2016;Kompaktklasse;Sonstige;1997;1
2016;Kompaktklasse;Sonstige;1999;2
2016;Kompaktklasse;Sonstige;2001;5
2016;Kompaktklasse;Sonstige;2002;1
2016;Kompaktklasse;Sonstige;2003;3
2016;Kompaktklasse;Sonstige;2004;2
2016;Kompaktklasse;Sonstige;2005;1
2016;Kompaktklasse;Sonstige;2006;2
2016;Kompaktklasse;Sonstige;2007;1
2016;Kompaktklasse;Sonstige;2008;2
2016;Kompaktklasse;Sonstige;2009;58
2016;Kompaktklasse;Sonstige;2010;29
2016;Kompaktklasse;Sonstige;2011;91
2016;Kompaktklasse;Sonstige;2012;138
2016;Kompaktklasse;Sonstige;2013;19
2016;Kompaktklasse;Sonstige;2014;8
2016;Kompaktklasse;Sonstige;2015;9
2016;Kompaktklasse;Sonstige;2016;1
2016;Kompaktklasse;Flüssiggas (LPG) (einschl. bivalent);1990;31
2016;Kompaktklasse;Flüssiggas (LPG) (einschl. bivalent);1991;56
2016;Kompaktklasse;Flüssiggas (LPG) (einschl. bivalent);1992;79
2016;Kompaktklasse;Flüssiggas (LPG) (einschl. bivalent);1993;127
2016;Kompaktklasse;Flüssiggas (LPG) (einschl. bivalent);1994;166
2016;Kompaktklasse;Flüssiggas (LPG) (einschl. bivalent);1995;244
2016;Kompaktklasse;Flüssiggas (LPG) (einschl. bivalent);1996;263
2016;Kompaktklasse;Flüssiggas (LPG) (einschl. bivalent);1997;513
2016;Kompaktklasse;Flüssiggas (LPG) (einschl. bivalent);1998;810
2016;Kompaktklasse;Flüssiggas (LPG) (einschl. bivalent);1999;1365
2016;Kompaktklasse;Flüssiggas (LPG) (einschl. bivalent);2000;1056
2016;Kompaktklasse;Flüssiggas (LPG) (einschl. bivalent);2001;1101
2016;Kompaktklasse;Flüssiggas (LPG) (einschl. bivalent);2002;1066
2016;Kompaktklasse;Flüssiggas (LPG) (einschl. bivalent);2003;1302
2016;Kompaktklasse;Flüssiggas (LPG) (einschl. bivalent);2004;1406
2016;Kompaktklasse;Flüssiggas (LPG) (einschl. bivalent);2005;1827
2016;Kompaktklasse;Flüssiggas (LPG) (einschl. bivalent);2006;1711
2016;Kompaktklasse;Flüssiggas (LPG) (einschl. bivalent);2007;1721
2016;Kompaktklasse;Flüssiggas (LPG) (einschl. bivalent);2008;2100
2016;Kompaktklasse;Flüssiggas (LPG) (einschl. bivalent);2009;1263
2016;Kompaktklasse;Flüssiggas (LPG) (einschl. bivalent);2010;794
2016;Kompaktklasse;Flüssiggas (LPG) (einschl. bivalent);2011;484
2016;Kompaktklasse;Flüssiggas (LPG) (einschl. bivalent);2012;718
2016;Kompaktklasse;Flüssiggas (LPG) (einschl. bivalent);2013;256
2016;Kompaktklasse;Flüssiggas (LPG) (einschl. bivalent);2014;111
2016;Kompaktklasse;Flüssiggas (LPG) (einschl. bivalent);2015;77
2016;Kompaktklasse;Flüssiggas (LPG) (einschl. bivalent);2016;36
2016;Kompaktklasse;Erdgas (CNG) (einschl. bivalent);1991;3
2016;Kompaktklasse;Erdgas (CNG) (einschl. bivalent);1992;2
2016;Kompaktklasse;Erdgas (CNG) (einschl. bivalent);1993;2
2016;Kompaktklasse;Erdgas (CNG) (einschl. bivalent);1994;4
2016;Kompaktklasse;Erdgas (CNG) (einschl. bivalent);1995;4
2016;Kompaktklasse;Erdgas (CNG) (einschl. bivalent);1996;9
2016;Kompaktklasse;Erdgas (CNG) (einschl. bivalent);1997;9
2016;Kompaktklasse;Erdgas (CNG) (einschl. bivalent);1998;23
2016;Kompaktklasse;Erdgas (CNG) (einschl. bivalent);1999;28
2016;Kompaktklasse;Erdgas (CNG) (einschl. bivalent);2000;41
2016;Kompaktklasse;Erdgas (CNG) (einschl. bivalent);2001;29
2016;Kompaktklasse;Erdgas (CNG) (einschl. bivalent);2002;27
2016;Kompaktklasse;Erdgas (CNG) (einschl. bivalent);2003;214
2016;Kompaktklasse;Erdgas (CNG) (einschl. bivalent);2004;218
2016;Kompaktklasse;Erdgas (CNG) (einschl. bivalent);2005;151
2016;Kompaktklasse;Erdgas (CNG) (einschl. bivalent);2006;37
2016;Kompaktklasse;Erdgas (CNG) (einschl. bivalent);2007;7
2016;Kompaktklasse;Erdgas (CNG) (einschl. bivalent);2008;11
2016;Kompaktklasse;Erdgas (CNG) (einschl. bivalent);2009;5
2016;Kompaktklasse;Erdgas (CNG) (einschl. bivalent);2010;4
2016;Kompaktklasse;Erdgas (CNG) (einschl. bivalent);2011;4
2016;Kompaktklasse;Erdgas (CNG) (einschl. bivalent);2012;1
2016;Kompaktklasse;Erdgas (CNG) (einschl. bivalent);2013;8
2016;Kompaktklasse;Erdgas (CNG) (einschl. bivalent);2014;192
2016;Kompaktklasse;Erdgas (CNG) (einschl. bivalent);2015;358
2016;Kompaktklasse;Erdgas (CNG) (einschl. bivalent);2016;97
2016;Mittelklasse;Benzin;1990;8919
2016;Mittelklasse;Benzin;1991;14440
2016;Mittelklasse;Benzin;1992;16113
2016;Mittelklasse;Benzin;1993;18731
2016;Mittelklasse;Benzin;1994;25838
2016;Mittelklasse;Benzin;1995;41870
2016;Mittelklasse;Benzin;1996;46012
2016;Mittelklasse;Benzin;1997;68031
2016;Mittelklasse;Benzin;1998;68012
2016;Mittelklasse;Benzin;1999;69628
2016;Mittelklasse;Benzin;2000;50050
2016;Mittelklasse;Benzin;2001;57991
2016;Mittelklasse;Benzin;2002;47958
2016;Mittelklasse;Benzin;2003;42151
2016;Mittelklasse;Benzin;2004;29606
2016;Mittelklasse;Benzin;2005;25090
2016;Mittelklasse;Benzin;2006;22335
2016;Mittelklasse;Benzin;2007;15805
2016;Mittelklasse;Benzin;2008;19372
2016;Mittelklasse;Benzin;2009;20828
2016;Mittelklasse;Benzin;2010;14962
2016;Mittelklasse;Benzin;2011;14675
2016;Mittelklasse;Benzin;2012;15334
2016;Mittelklasse;Benzin;2013;13881
2016;Mittelklasse;Benzin;2014;7176
2016;Mittelklasse;Benzin;2015;36194
2016;Mittelklasse;Benzin;2016;18495
2016;Mittelklasse;Diesel;1990;462
2016;Mittelklasse;Diesel;1991;777
2016;Mittelklasse;Diesel;1992;840
2016;Mittelklasse;Diesel;1993;919
2016;Mittelklasse;Diesel;1994;1390
2016;Mittelklasse;Diesel;1995;2023
2016;Mittelklasse;Diesel;1996;2980
2016;Mittelklasse;Diesel;1997;4697
2016;Mittelklasse;Diesel;1998;6973
2016;Mittelklasse;Diesel;1999;13012
2016;Mittelklasse;Diesel;2000;15759
2016;Mittelklasse;Diesel;2001;25961
2016;Mittelklasse;Diesel;2002;30512
2016;Mittelklasse;Diesel;2003;34284
2016;Mittelklasse;Diesel;2004;34614
2016;Mittelklasse;Diesel;2005;36553
2016;Mittelklasse;Diesel;2006;41827
2016;Mittelklasse;Diesel;2007;39854
2016;Mittelklasse;Diesel;2008;35372
2016;Mittelklasse;Diesel;2009;27098
2016;Mittelklasse;Diesel;2010;26567
2016;Mittelklasse;Diesel;2011;41280
2016;Mittelklasse;Diesel;2012;69132
2016;Mittelklasse;Diesel;2013;87228
2016;Mittelklasse;Diesel;2014;30816
2016;Mittelklasse;Diesel;2015;72494
2016;Mittelklasse;Diesel;2016;47501
2016;Mittelklasse;Elektro (BEV);1994;1
2016;Mittelklasse;Elektro (BEV);2013;1
2016;Mittelklasse;Elektro (BEV);2015;5
2016;Mittelklasse;Hybrid;1991;1
2016;Mittelklasse;Hybrid;1995;1
2016;Mittelklasse;Hybrid;1997;1
2016;Mittelklasse;Hybrid;1999;1
2016;Mittelklasse;Hybrid;2004;1
2016;Mittelklasse;Hybrid;2006;1
2016;Mittelklasse;Hybrid;2011;1
2016;Mittelklasse;Hybrid;2012;612
2016;Mittelklasse;Hybrid;2013;675
2016;Mittelklasse;Hybrid;2014;241
2016;Mittelklasse;Hybrid;2015;1307
2016;Mittelklasse;Hybrid;2016;768
2016;Mittelklasse;Sonstige;1991;1
2016;Mittelklasse;Sonstige;1992;2
2016;Mittelklasse;Sonstige;1993;1
2016;Mittelklasse;Sonstige;1994;2
2016;Mittelklasse;Sonstige;1995;1
2016;Mittelklasse;Sonstige;1996;3
2016;Mittelklasse;Sonstige;1997;1
2016;Mittelklasse;Sonstige;1998;4
2016;Mittelklasse;Sonstige;1999;2
2016;Mittelklasse;Sonstige;2000;1
2016;Mittelklasse;Sonstige;2001;7
2016;Mittelklasse;Sonstige;2002;3
2016;Mittelklasse;Sonstige;2003;7
2016;Mittelklasse;Sonstige;2004;6
2016;Mittelklasse;Sonstige;2005;8
2016;Mittelklasse;Sonstige;2006;2
2016;Mittelklasse;Sonstige;2008;3
2016;Mittelklasse;Sonstige;2009;31
2016;Mittelklasse;Sonstige;2010;88
2016;Mittelklasse;Sonstige;2011;130
2016;Mittelklasse;Sonstige;2012;98
2016;Mittelklasse;Sonstige;2013;29
2016;Mittelklasse;Sonstige;2014;13
2016;Mittelklasse;Sonstige;2015;29
2016;Mittelklasse;Flüssiggas (LPG) (einschl. bivalent);1990;85
2016;Mittelklasse;Flüssiggas (LPG) (einschl. bivalent);1991;157
2016;Mittelklasse;Flüssiggas (LPG) (einschl. bivalent);1992;204
2016;Mittelklasse;Flüssiggas (LPG) (einschl. bivalent);1993;310
2016;Mittelklasse;Flüssiggas (LPG) (einschl. bivalent);1994;450
2016;Mittelklasse;Flüssiggas (LPG) (einschl. bivalent);1995;713
2016;Mittelklasse;Flüssiggas (LPG) (einschl. bivalent);1996;905
2016;Mittelklasse;Flüssiggas (LPG) (einschl. bivalent);1997;1508
2016;Mittelklasse;Flüssiggas (LPG) (einschl. bivalent);1998;1764
2016;Mittelklasse;Flüssiggas (LPG) (einschl. bivalent);1999;1798
2016;Mittelklasse;Flüssiggas (LPG) (einschl. bivalent);2000;1579
2016;Mittelklasse;Flüssiggas (LPG) (einschl. bivalent);2001;2232
2016;Mittelklasse;Flüssiggas (LPG) (einschl. bivalent);2002;1902
2016;Mittelklasse;Flüssiggas (LPG) (einschl. bivalent);2003;1769
2016;Mittelklasse;Flüssiggas (LPG) (einschl. bivalent);2004;1318
2016;Mittelklasse;Flüssiggas (LPG) (einschl. bivalent);2005;1200
2016;Mittelklasse;Flüssiggas (LPG) (einschl. bivalent);2006;889
2016;Mittelklasse;Flüssiggas (LPG) (einschl. bivalent);2007;674
2016;Mittelklasse;Flüssiggas (LPG) (einschl. bivalent);2008;490
2016;Mittelklasse;Flüssiggas (LPG) (einschl. bivalent);2009;242
2016;Mittelklasse;Flüssiggas (LPG) (einschl. bivalent);2010;105
2016;Mittelklasse;Flüssiggas (LPG) (einschl. bivalent);2011;78
2016;Mittelklasse;Flüssiggas (LPG) (einschl. bivalent);2012;76
2016;Mittelklasse;Flüssiggas (LPG) (einschl. bivalent);2013;33
2016;Mittelklasse;Flüssiggas (LPG) (einschl. bivalent);2014;9
2016;Mittelklasse;Flüssiggas (LPG) (einschl. bivalent);2015;3
2016;Mittelklasse;Flüssiggas (LPG) (einschl. bivalent);2016;2
2016;Mittelklasse;Erdgas (CNG) (einschl. bivalent);1990;1
2016;Mittelklasse;Erdgas (CNG) (einschl. bivalent);1994;1
2016;Mittelklasse;Erdgas (CNG) (einschl. bivalent);1995;3
2016;Mittelklasse;Erdgas (CNG) (einschl. bivalent);1996;24
2016;Mittelklasse;Erdgas (CNG) (einschl. bivalent);1997;23
2016;Mittelklasse;Erdgas (CNG) (einschl. bivalent);1998;16
2016;Mittelklasse;Erdgas (CNG) (einschl. bivalent);1999;38
2016;Mittelklasse;Erdgas (CNG) (einschl. bivalent);2000;14
2016;Mittelklasse;Erdgas (CNG) (einschl. bivalent);2001;9
2016;Mittelklasse;Erdgas (CNG) (einschl. bivalent);2002;17
2016;Mittelklasse;Erdgas (CNG) (einschl. bivalent);2003;7
2016;Mittelklasse;Erdgas (CNG) (einschl. bivalent);2004;19
2016;Mittelklasse;Erdgas (CNG) (einschl. bivalent);2005;20
2016;Mittelklasse;Erdgas (CNG) (einschl. bivalent);2006;19
2016;Mittelklasse;Erdgas (CNG) (einschl. bivalent);2007;3
2016;Mittelklasse;Erdgas (CNG) (einschl. bivalent);2008;1
2016;Mittelklasse;Erdgas (CNG) (einschl. bivalent);2009;181
2016;Mittelklasse;Erdgas (CNG) (einschl. bivalent);2010;82
2016;Mittelklasse;Erdgas (CNG) (einschl. bivalent);2011;143
2016;Mittelklasse;Erdgas (CNG) (einschl. bivalent);2012;229
2016;Mittelklasse;Erdgas (CNG) (einschl. bivalent);2013;195
2016;Mittelklasse;Erdgas (CNG) (einschl. bivalent);2014;32
2016;Mittelklasse;Erdgas (CNG) (einschl. bivalent);2015;11
2016;Mittelklasse;Erdgas (CNG) (einschl. bivalent);2016;7
2016;Obere Mittelklasse;Benzin;1990;2756
2016;Obere Mittelklasse;Benzin;1991;3843
2016;Obere Mittelklasse;Benzin;1992;4175
2016;Obere Mittelklasse;Benzin;1993;4886
2016;Obere Mittelklasse;Benzin;1994;5592
2016;Obere Mittelklasse;Benzin;1995;9180
2016;Obere Mittelklasse;Benzin;1996;12269
2016;Obere Mittelklasse;Benzin;1997;17413
2016;Obere Mittelklasse;Benzin;1998;17166
2016;Obere Mittelklasse;Benzin;1999;16529
2016;Obere Mittelklasse;Benzin;2000;12154
2016;Obere Mittelklasse;Benzin;2001;9053
2016;Obere Mittelklasse;Benzin;2002;6759
2016;Obere Mittelklasse;Benzin;2003;6609
2016;Obere Mittelklasse;Benzin;2004;6260
2016;Obere Mittelklasse;Benzin;2005;5049
2016;Obere Mittelklasse;Benzin;2006;3861
2016;Obere Mittelklasse;Benzin;2007;3218
2016;Obere Mittelklasse;Benzin;2008;2610
2016;Obere Mittelklasse;Benzin;2009;2110
2016;Obere Mittelklasse;Benzin;2010;2481
2016;Obere Mittelklasse;Benzin;2011;2022
2016;Obere Mittelklasse;Benzin;2012;2579
2016;Obere Mittelklasse;Benzin;2013;3054
2016;Obere Mittelklasse;Benzin;2014;1080
2016;Obere Mittelklasse;Benzin;2015;3785
2016;Obere Mittelklasse;Benzin;2016;2124
2016;Obere Mittelklasse;Diesel;1990;558
2016;Obere Mittelklasse;Diesel;1991;990
2016;Obere Mittelklasse;Diesel;1992;1082
2016;Obere Mittelklasse;Diesel;1993;934
2016;Obere Mittelklasse;Diesel;1994;844
2016;Obere Mittelklasse;Diesel;1995;1079
2016;Obere Mittelklasse;Diesel;1996;1576
2016;Obere Mittelklasse;Diesel;1997;2048
2016;Obere Mittelklasse;Diesel;1998;3304
2016;Obere Mittelklasse;Diesel;1999;6665
2016;Obere Mittelklasse;Diesel;2000;9819
2016;Obere Mittelklasse;Diesel;2001;10173
2016;Obere Mittelklasse;Diesel;2002;10885
2016;Obere Mittelklasse;Diesel;2003;13134
2016;Obere Mittelklasse;Diesel;2004;14362
2016;Obere Mittelklasse;Diesel;2005;14497
2016;Obere Mittelklasse;Diesel;2006;14715
2016;Obere Mittelklasse;Diesel;2007;14249
2016;Obere Mittelklasse;Diesel;2008;11760
2016;Obere Mittelklasse;Diesel;2009;9340
2016;Obere Mittelklasse;Diesel;2010;10922
2016;Obere Mittelklasse;Diesel;2011;15269
2016;Obere Mittelklasse;Diesel;2012;23874
2016;Obere Mittelklasse;Diesel;2013;37035
2016;Obere Mittelklasse;Diesel;2014;10075
2016;Obere Mittelklasse;Diesel;2015;24326
2016;Obere Mittelklasse;Diesel;2016;16727
2016;Obere Mittelklasse;Hybrid;1993;1
2016;Obere Mittelklasse;Hybrid;1995;2
2016;Obere Mittelklasse;Hybrid;1996;1
2016;Obere Mittelklasse;Hybrid;2002;1
2016;Obere Mittelklasse;Hybrid;2006;19
2016;Obere Mittelklasse;Hybrid;2007;19
2016;Obere Mittelklasse;Hybrid;2008;31
2016;Obere Mittelklasse;Hybrid;2009;18
2016;Obere Mittelklasse;Hybrid;2010;10
2016;Obere Mittelklasse;Hybrid;2011;17
2016;Obere Mittelklasse;Hybrid;2012;273
2016;Obere Mittelklasse;Hybrid;2013;399
2016;Obere Mittelklasse;Hybrid;2014;147
2016;Obere Mittelklasse;Hybrid;2015;185
2016;Obere Mittelklasse;Hybrid;2016;90
2016;Obere Mittelklasse;Sonstige;1991;1
2016;Obere Mittelklasse;Sonstige;1996;2
2016;Obere Mittelklasse;Sonstige;1998;1
2016;Obere Mittelklasse;Sonstige;2002;1
2016;Obere Mittelklasse;Sonstige;2005;1
2016;Obere Mittelklasse;Sonstige;2009;11
2016;Obere Mittelklasse;Sonstige;2010;17
2016;Obere Mittelklasse;Sonstige;2011;14
2016;Obere Mittelklasse;Sonstige;2012;3
2016;Obere Mittelklasse;Sonstige;2013;2
2016;Obere Mittelklasse;Flüssiggas (LPG) (einschl. bivalent);1990;82
2016;Obere Mittelklasse;Flüssiggas (LPG) (einschl. bivalent);1991;140
2016;Obere Mittelklasse;Flüssiggas (LPG) (einschl. bivalent);1992;173
2016;Obere Mittelklasse;Flüssiggas (LPG) (einschl. bivalent);1993;237
2016;Obere Mittelklasse;Flüssiggas (LPG) (einschl. bivalent);1994;295
2016;Obere Mittelklasse;Flüssiggas (LPG) (einschl. bivalent);1995;486
2016;Obere Mittelklasse;Flüssiggas (LPG) (einschl. bivalent);1996;726
2016;Obere Mittelklasse;Flüssiggas (LPG) (einschl. bivalent);1997;1108
2016;Obere Mittelklasse;Flüssiggas (LPG) (einschl. bivalent);1998;1273
2016;Obere Mittelklasse;Flüssiggas (LPG) (einschl. bivalent);1999;1276
2016;Obere Mittelklasse;Flüssiggas (LPG) (einschl. bivalent);2000;1177
2016;Obere Mittelklasse;Flüssiggas (LPG) (einschl. bivalent);2001;865
2016;Obere Mittelklasse;Flüssiggas (LPG) (einschl. bivalent);2002;792
2016;Obere Mittelklasse;Flüssiggas (LPG) (einschl. bivalent);2003;673
2016;Obere Mittelklasse;Flüssiggas (LPG) (einschl. bivalent);2004;610
2016;Obere Mittelklasse;Flüssiggas (LPG) (einschl. bivalent);2005;492
2016;Obere Mittelklasse;Flüssiggas (LPG) (einschl. bivalent);2006;343
2016;Obere Mittelklasse;Flüssiggas (LPG) (einschl. bivalent);2007;197
2016;Obere Mittelklasse;Flüssiggas (LPG) (einschl. bivalent);2008;97
2016;Obere Mittelklasse;Flüssiggas (LPG) (einschl. bivalent);2009;39
2016;Obere Mittelklasse;Flüssiggas (LPG) (einschl. bivalent);2010;22
2016;Obere Mittelklasse;Flüssiggas (LPG) (einschl. bivalent);2011;2
2016;Obere Mittelklasse;Flüssiggas (LPG) (einschl. bivalent);2012;4
2016;Obere Mittelklasse;Flüssiggas (LPG) (einschl. bivalent);2013;1
2016;Obere Mittelklasse;Erdgas (CNG) (einschl. bivalent);1991;1
2016;Obere Mittelklasse;Erdgas (CNG) (einschl. bivalent);1994;3
2016;Obere Mittelklasse;Erdgas (CNG) (einschl. bivalent);1995;2
2016;Obere Mittelklasse;Erdgas (CNG) (einschl. bivalent);1996;10
2016;Obere Mittelklasse;Erdgas (CNG) (einschl. bivalent);1997;10
2016;Obere Mittelklasse;Erdgas (CNG) (einschl. bivalent);1998;12
2016;Obere Mittelklasse;Erdgas (CNG) (einschl. bivalent);1999;17
2016;Obere Mittelklasse;Erdgas (CNG) (einschl. bivalent);2000;35
2016;Obere Mittelklasse;Erdgas (CNG) (einschl. bivalent);2001;23
2016;Obere Mittelklasse;Erdgas (CNG) (einschl. bivalent);2002;74
2016;Obere Mittelklasse;Erdgas (CNG) (einschl. bivalent);2003;11
2016;Obere Mittelklasse;Erdgas (CNG) (einschl. bivalent);2004;49
2016;Obere Mittelklasse;Erdgas (CNG) (einschl. bivalent);2005;67
2016;Obere Mittelklasse;Erdgas (CNG) (einschl. bivalent);2006;59
2016;Obere Mittelklasse;Erdgas (CNG) (einschl. bivalent);2007;47
2016;Obere Mittelklasse;Erdgas (CNG) (einschl. bivalent);2008;41
2016;Obere Mittelklasse;Erdgas (CNG) (einschl. bivalent);2009;16
2016;Obere Mittelklasse;Erdgas (CNG) (einschl. bivalent);2010;10
2016;Obere Mittelklasse;Erdgas (CNG) (einschl. bivalent);2011;58
2016;Obere Mittelklasse;Erdgas (CNG) (einschl. bivalent);2012;72
2016;Obere Mittelklasse;Erdgas (CNG) (einschl. bivalent);2013;42
2016;Obere Mittelklasse;Erdgas (CNG) (einschl. bivalent);2014;26
2016;Obere Mittelklasse;Erdgas (CNG) (einschl. bivalent);2015;51
2016;Oberklasse;Benzin;1990;260
2016;Oberklasse;Benzin;1991;583
2016;Oberklasse;Benzin;1992;682
2016;Oberklasse;Benzin;1993;537
2016;Oberklasse;Benzin;1994;794
2016;Oberklasse;Benzin;1995;1446
2016;Oberklasse;Benzin;1996;1366
2016;Oberklasse;Benzin;1997;1376
2016;Oberklasse;Benzin;1998;1410
2016;Oberklasse;Benzin;1999;2228
2016;Oberklasse;Benzin;2000;1463
2016;Oberklasse;Benzin;2001;1063
2016;Oberklasse;Benzin;2002;1162
2016;Oberklasse;Benzin;2003;1403
2016;Oberklasse;Benzin;2004;1745
2016;Oberklasse;Benzin;2005;2062
2016;Oberklasse;Benzin;2006;1840
2016;Oberklasse;Benzin;2007;1595
2016;Oberklasse;Benzin;2008;1332
2016;Oberklasse;Benzin;2009;1085
2016;Oberklasse;Benzin;2010;1045
2016;Oberklasse;Benzin;2011;1671
2016;Oberklasse;Benzin;2012;1601
2016;Oberklasse;Benzin;2013;2114
2016;Oberklasse;Benzin;2014;1468
2016;Oberklasse;Benzin;2015;3234
2016;Oberklasse;Benzin;2016;2564
2016;Oberklasse;Diesel;1991;1
2016;Oberklasse;Diesel;1993;22
2016;Oberklasse;Diesel;1994;30
2016;Oberklasse;Diesel;1995;22
2016;Oberklasse;Diesel;1996;64
2016;Oberklasse;Diesel;1997;85
2016;Oberklasse;Diesel;1998;134
2016;Oberklasse;Diesel;1999;183
2016;Oberklasse;Diesel;2000;588
2016;Oberklasse;Diesel;2001;737
2016;Oberklasse;Diesel;2002;431
2016;Oberklasse;Diesel;2003;742
2016;Oberklasse;Diesel;2004;1357
2016;Oberklasse;Diesel;2005;1401
2016;Oberklasse;Diesel;2006;1987
2016;Oberklasse;Diesel;2007;2176
2016;Oberklasse;Diesel;2008;1855
2016;Oberklasse;Diesel;2009;1483
2016;Oberklasse;Diesel;2010;1565
2016;Oberklasse;Diesel;2011;3519
2016;Oberklasse;Diesel;2012;4113
2016;Oberklasse;Diesel;2013;4560
2016;Oberklasse;Diesel;2014;2236
2016;Oberklasse;Diesel;2015;6550
2016;Oberklasse;Diesel;2016;3956
2016;Oberklasse;Elektro (BEV);2013;36
2016;Oberklasse;Elektro (BEV);2014;100
2016;Oberklasse;Elektro (BEV);2015;141
2016;Oberklasse;Elektro (BEV);2016;245
2016;Oberklasse;Hybrid;2007;5
2016;Oberklasse;Hybrid;2008;14
2016;Oberklasse;Hybrid;2009;49
2016;Oberklasse;Hybrid;2010;63
2016;Oberklasse;Hybrid;2011;42
2016;Oberklasse;Hybrid;2012;45
2016;Oberklasse;Hybrid;2013;109
2016;Oberklasse;Hybrid;2014;135
2016;Oberklasse;Hybrid;2015;313
2016;Oberklasse;Hybrid;2016;254
2016;Oberklasse;Sonstige;2001;1
2016;Oberklasse;Sonstige;2009;1
2016;Oberklasse;Sonstige;2010;13
2016;Oberklasse;Sonstige;2011;25
2016;Oberklasse;Sonstige;2012;28
2016;Oberklasse;Sonstige;2013;6
2016;Oberklasse;Sonstige;2014;2
2016;Oberklasse;Sonstige;2015;2
2016;Oberklasse;Flüssiggas (LPG) (einschl. bivalent);1990;7
2016;Oberklasse;Flüssiggas (LPG) (einschl. bivalent);1991;33
2016;Oberklasse;Flüssiggas (LPG) (einschl. bivalent);1992;49
2016;Oberklasse;Flüssiggas (LPG) (einschl. bivalent);1993;26
2016;Oberklasse;Flüssiggas (LPG) (einschl. bivalent);1994;92
2016;Oberklasse;Flüssiggas (LPG) (einschl. bivalent);1995;154
2016;Oberklasse;Flüssiggas (LPG) (einschl. bivalent);1996;164
2016;Oberklasse;Flüssiggas (LPG) (einschl. bivalent);1997;178
2016;Oberklasse;Flüssiggas (LPG) (einschl. bivalent);1998;201
2016;Oberklasse;Flüssiggas (LPG) (einschl. bivalent);1999;353
2016;Oberklasse;Flüssiggas (LPG) (einschl. bivalent);2000;219
2016;Oberklasse;Flüssiggas (LPG) (einschl. bivalent);2001;159
2016;Oberklasse;Flüssiggas (LPG) (einschl. bivalent);2002;216
2016;Oberklasse;Flüssiggas (LPG) (einschl. bivalent);2003;308
2016;Oberklasse;Flüssiggas (LPG) (einschl. bivalent);2004;224
2016;Oberklasse;Flüssiggas (LPG) (einschl. bivalent);2005;181
2016;Oberklasse;Flüssiggas (LPG) (einschl. bivalent);2006;99
2016;Oberklasse;Flüssiggas (LPG) (einschl. bivalent);2007;42
2016;Oberklasse;Flüssiggas (LPG) (einschl. bivalent);2008;23
2016;Oberklasse;Flüssiggas (LPG) (einschl. bivalent);2009;13
2016;Oberklasse;Flüssiggas (LPG) (einschl. bivalent);2010;6
2016;Oberklasse;Flüssiggas (LPG) (einschl. bivalent);2012;4
2016;Oberklasse;Flüssiggas (LPG) (einschl. bivalent);2015;1
2016;Oberklasse;Erdgas (CNG) (einschl. bivalent);2001;1
2016;Oberklasse;Erdgas (CNG) (einschl. bivalent);2002;1
2016;Oberklasse;Erdgas (CNG) (einschl. bivalent);2003;1
2016;SUVs;Benzin;1990;266
2016;SUVs;Benzin;1991;401
2016;SUVs;Benzin;1992;458
2016;SUVs;Benzin;1993;587
2016;SUVs;Benzin;1994;557
2016;SUVs;Benzin;1995;950
2016;SUVs;Benzin;1996;963
2016;SUVs;Benzin;1997;1365
2016;SUVs;Benzin;1998;1469
2016;SUVs;Benzin;1999;1737
2016;SUVs;Benzin;2000;1122
2016;SUVs;Benzin;2001;1655
2016;SUVs;Benzin;2002;1357
2016;SUVs;Benzin;2003;1664
2016;SUVs;Benzin;2004;1718
2016;SUVs;Benzin;2005;2474
2016;SUVs;Benzin;2006;2791
2016;SUVs;Benzin;2007;3600
2016;SUVs;Benzin;2008;3230
2016;SUVs;Benzin;2009;4312
2016;SUVs;Benzin;2010;6978
2016;SUVs;Benzin;2011;8352
2016;SUVs;Benzin;2012;9245
2016;SUVs;Benzin;2013;10500
2016;SUVs;Benzin;2014;8462
2016;SUVs;Benzin;2015;22771
2016;SUVs;Benzin;2016;30988
2016;SUVs;Diesel;1990;1
2016;SUVs;Diesel;1991;1
2016;SUVs;Diesel;1992;2
2016;SUVs;Diesel;1993;14
2016;SUVs;Diesel;1994;7
2016;SUVs;Diesel;1995;4
2016;SUVs;Diesel;1996;11
2016;SUVs;Diesel;1997;29
2016;SUVs;Diesel;1998;39
2016;SUVs;Diesel;1999;78
2016;SUVs;Diesel;2000;53
2016;SUVs;Diesel;2001;107
2016;SUVs;Diesel;2002;377
2016;SUVs;Diesel;2003;391
2016;SUVs;Diesel;2004;534
2016;SUVs;Diesel;2005;1486
2016;SUVs;Diesel;2006;3125
2016;SUVs;Diesel;2007;5162
2016;SUVs;Diesel;2008;5437
2016;SUVs;Diesel;2009;6133
2016;SUVs;Diesel;2010;10518
2016;SUVs;Diesel;2011;15292
2016;SUVs;Diesel;2012;19519
2016;SUVs;Diesel;2013;22224
2016;SUVs;Diesel;2014;12079
2016;SUVs;Diesel;2015;32570
2016;SUVs;Diesel;2016;33104
2016;SUVs;Elektro (BEV);2016;47
2016;SUVs;Hybrid;2003;1
2016;SUVs;Hybrid;2005;36
2016;SUVs;Hybrid;2006;76
2016;SUVs;Hybrid;2007;91
2016;SUVs;Hybrid;2008;84
2016;SUVs;Hybrid;2009;85
2016;SUVs;Hybrid;2010;122
2016;SUVs;Hybrid;2011;100
2016;SUVs;Hybrid;2012;193
2016;SUVs;Hybrid;2013;131
2016;SUVs;Hybrid;2014;136
2016;SUVs;Hybrid;2015;629
2016;SUVs;Hybrid;2016;1796
2016;SUVs;Sonstige;1993;1
2016;SUVs;Sonstige;2003;1
2016;SUVs;Sonstige;2004;1
2016;SUVs;Sonstige;2006;2
2016;SUVs;Sonstige;2007;1
2016;SUVs;Sonstige;2011;10
2016;SUVs;Sonstige;2012;8
2016;SUVs;Sonstige;2013;2
2016;SUVs;Sonstige;2015;19
2016;SUVs;Sonstige;2016;3
2016;SUVs;Flüssiggas (LPG) (einschl. bivalent);1990;4
2016;SUVs;Flüssiggas (LPG) (einschl. bivalent);1991;3
2016;SUVs;Flüssiggas (LPG) (einschl. bivalent);1992;5
2016;SUVs;Flüssiggas (LPG) (einschl. bivalent);1993;11
2016;SUVs;Flüssiggas (LPG) (einschl. bivalent);1994;12
2016;SUVs;Flüssiggas (LPG) (einschl. bivalent);1995;24
2016;SUVs;Flüssiggas (LPG) (einschl. bivalent);1996;39
2016;SUVs;Flüssiggas (LPG) (einschl. bivalent);1997;42
2016;SUVs;Flüssiggas (LPG) (einschl. bivalent);1998;74
2016;SUVs;Flüssiggas (LPG) (einschl. bivalent);1999;103
2016;SUVs;Flüssiggas (LPG) (einschl. bivalent);2000;85
2016;SUVs;Flüssiggas (LPG) (einschl. bivalent);2001;151
2016;SUVs;Flüssiggas (LPG) (einschl. bivalent);2002;118
2016;SUVs;Flüssiggas (LPG) (einschl. bivalent);2003;149
2016;SUVs;Flüssiggas (LPG) (einschl. bivalent);2004;187
2016;SUVs;Flüssiggas (LPG) (einschl. bivalent);2005;397
2016;SUVs;Flüssiggas (LPG) (einschl. bivalent);2006;499
2016;SUVs;Flüssiggas (LPG) (einschl. bivalent);2007;611
2016;SUVs;Flüssiggas (LPG) (einschl. bivalent);2008;684
2016;SUVs;Flüssiggas (LPG) (einschl. bivalent);2009;435
2016;SUVs;Flüssiggas (LPG) (einschl. bivalent);2010;353
2016;SUVs;Flüssiggas (LPG) (einschl. bivalent);2011;263
2016;SUVs;Flüssiggas (LPG) (einschl. bivalent);2012;392
2016;SUVs;Flüssiggas (LPG) (einschl. bivalent);2013;153
2016;SUVs;Flüssiggas (LPG) (einschl. bivalent);2014;86
2016;SUVs;Flüssiggas (LPG) (einschl. bivalent);2015;54
2016;SUVs;Flüssiggas (LPG) (einschl. bivalent);2016;18
2016;SUVs;Erdgas (CNG) (einschl. bivalent);1994;1
2016;SUVs;Erdgas (CNG) (einschl. bivalent);1999;1
2016;SUVs;Erdgas (CNG) (einschl. bivalent);2003;4
2016;SUVs;Erdgas (CNG) (einschl. bivalent);2004;1
2016;SUVs;Erdgas (CNG) (einschl. bivalent);2005;1
2016;SUVs;Erdgas (CNG) (einschl. bivalent);2007;2
2016;SUVs;Erdgas (CNG) (einschl. bivalent);2011;1
2016;SUVs;Erdgas (CNG) (einschl. bivalent);2012;4
2016;SUVs;Erdgas (CNG) (einschl. bivalent);2013;1
2016;Geländewagen;Benzin;1990;124
2016;Geländewagen;Benzin;1991;222
2016;Geländewagen;Benzin;1992;367
2016;Geländewagen;Benzin;1993;616
2016;Geländewagen;Benzin;1994;757
2016;Geländewagen;Benzin;1995;867
2016;Geländewagen;Benzin;1996;787
2016;Geländewagen;Benzin;1997;1085
2016;Geländewagen;Benzin;1998;1757
2016;Geländewagen;Benzin;1999;3357
2016;Geländewagen;Benzin;2000;2551
2016;Geländewagen;Benzin;2001;3014
2016;Geländewagen;Benzin;2002;2446
2016;Geländewagen;Benzin;2003;3279
2016;Geländewagen;Benzin;2004;3308
2016;Geländewagen;Benzin;2005;3205
2016;Geländewagen;Benzin;2006;3077
2016;Geländewagen;Benzin;2007;2487
2016;Geländewagen;Benzin;2008;3252
2016;Geländewagen;Benzin;2009;3796
2016;Geländewagen;Benzin;2010;3008
2016;Geländewagen;Benzin;2011;3088
2016;Geländewagen;Benzin;2012;5932
2016;Geländewagen;Benzin;2013;4938
2016;Geländewagen;Benzin;2014;3503
2016;Geländewagen;Benzin;2015;8229
2016;Geländewagen;Benzin;2016;9469
2016;Geländewagen;Diesel;1990;77
2016;Geländewagen;Diesel;1991;130
2016;Geländewagen;Diesel;1992;155
2016;Geländewagen;Diesel;1993;162
2016;Geländewagen;Diesel;1994;154
2016;Geländewagen;Diesel;1995;254
2016;Geländewagen;Diesel;1996;319
2016;Geländewagen;Diesel;1997;464
2016;Geländewagen;Diesel;1998;634
2016;Geländewagen;Diesel;1999;1323
2016;Geländewagen;Diesel;2000;1805
2016;Geländewagen;Diesel;2001;2895
2016;Geländewagen;Diesel;2002;4791
2016;Geländewagen;Diesel;2003;7286
2016;Geländewagen;Diesel;2004;9240
2016;Geländewagen;Diesel;2005;10367
2016;Geländewagen;Diesel;2006;13702
2016;Geländewagen;Diesel;2007;14385
2016;Geländewagen;Diesel;2008;14617
2016;Geländewagen;Diesel;2009;12705
2016;Geländewagen;Diesel;2010;12204
2016;Geländewagen;Diesel;2011;16431
2016;Geländewagen;Diesel;2012;31671
2016;Geländewagen;Diesel;2013;38473
2016;Geländewagen;Diesel;2014;16155
2016;Geländewagen;Diesel;2015;42405
2016;Geländewagen;Diesel;2016;40287
2016;Geländewagen;Hybrid;2004;1
2016;Geländewagen;Hybrid;2005;1
2016;Geländewagen;Hybrid;2008;1
2016;Geländewagen;Hybrid;2010;83
2016;Geländewagen;Hybrid;2011;76
2016;Geländewagen;Hybrid;2012;67
2016;Geländewagen;Hybrid;2013;48
2016;Geländewagen;Hybrid;2014;92
2016;Geländewagen;Hybrid;2015;541
2016;Geländewagen;Hybrid;2016;954
2016;Geländewagen;Sonstige;2004;1
2016;Geländewagen;Sonstige;2007;1
2016;Geländewagen;Sonstige;2008;1
2016;Geländewagen;Sonstige;2011;4
2016;Geländewagen;Sonstige;2012;10
2016;Geländewagen;Sonstige;2013;4
2016;Geländewagen;Sonstige;2014;5
2016;Geländewagen;Sonstige;2015;2
2016;Geländewagen;Sonstige;2016;1
2016;Geländewagen;Flüssiggas (LPG) (einschl. bivalent);1990;9
2016;Geländewagen;Flüssiggas (LPG) (einschl. bivalent);1991;15
2016;Geländewagen;Flüssiggas (LPG) (einschl. bivalent);1992;16
2016;Geländewagen;Flüssiggas (LPG) (einschl. bivalent);1993;29
2016;Geländewagen;Flüssiggas (LPG) (einschl. bivalent);1994;27
2016;Geländewagen;Flüssiggas (LPG) (einschl. bivalent);1995;54
2016;Geländewagen;Flüssiggas (LPG) (einschl. bivalent);1996;71
2016;Geländewagen;Flüssiggas (LPG) (einschl. bivalent);1997;132
2016;Geländewagen;Flüssiggas (LPG) (einschl. bivalent);1998;220
2016;Geländewagen;Flüssiggas (LPG) (einschl. bivalent);1999;433
2016;Geländewagen;Flüssiggas (LPG) (einschl. bivalent);2000;304
2016;Geländewagen;Flüssiggas (LPG) (einschl. bivalent);2001;374
2016;Geländewagen;Flüssiggas (LPG) (einschl. bivalent);2002;369
2016;Geländewagen;Flüssiggas (LPG) (einschl. bivalent);2003;502
2016;Geländewagen;Flüssiggas (LPG) (einschl. bivalent);2004;537
2016;Geländewagen;Flüssiggas (LPG) (einschl. bivalent);2005;620
2016;Geländewagen;Flüssiggas (LPG) (einschl. bivalent);2006;622
2016;Geländewagen;Flüssiggas (LPG) (einschl. bivalent);2007;427
2016;Geländewagen;Flüssiggas (LPG) (einschl. bivalent);2008;368
2016;Geländewagen;Flüssiggas (LPG) (einschl. bivalent);2009;178
2016;Geländewagen;Flüssiggas (LPG) (einschl. bivalent);2010;91
2016;Geländewagen;Flüssiggas (LPG) (einschl. bivalent);2011;54
2016;Geländewagen;Flüssiggas (LPG) (einschl. bivalent);2012;38
2016;Geländewagen;Flüssiggas (LPG) (einschl. bivalent);2013;21
2016;Geländewagen;Flüssiggas (LPG) (einschl. bivalent);2014;9
2016;Geländewagen;Flüssiggas (LPG) (einschl. bivalent);2015;7
2016;Geländewagen;Flüssiggas (LPG) (einschl. bivalent);2016;1
2016;Geländewagen;Erdgas (CNG) (einschl. bivalent);1992;1
2016;Geländewagen;Erdgas (CNG) (einschl. bivalent);1995;1
2016;Geländewagen;Erdgas (CNG) (einschl. bivalent);1996;1
2016;Geländewagen;Erdgas (CNG) (einschl. bivalent);1997;1
2016;Geländewagen;Erdgas (CNG) (einschl. bivalent);1998;1
2016;Geländewagen;Erdgas (CNG) (einschl. bivalent);2001;1
2016;Geländewagen;Erdgas (CNG) (einschl. bivalent);2002;2
2016;Geländewagen;Erdgas (CNG) (einschl. bivalent);2004;3
2016;Geländewagen;Erdgas (CNG) (einschl. bivalent);2005;3
2016;Geländewagen;Erdgas (CNG) (einschl. bivalent);2012;1
2016;Sportwagen;Benzin;1990;851
2016;Sportwagen;Benzin;1991;1350
2016;Sportwagen;Benzin;1992;1424
2016;Sportwagen;Benzin;1993;1121
2016;Sportwagen;Benzin;1994;1114
2016;Sportwagen;Benzin;1995;904
2016;Sportwagen;Benzin;1996;1625
2016;Sportwagen;Benzin;1997;4152
2016;Sportwagen;Benzin;1998;6076
2016;Sportwagen;Benzin;1999;8412
2016;Sportwagen;Benzin;2000;8000
2016;Sportwagen;Benzin;2001;5683
2016;Sportwagen;Benzin;2002;5347
2016;Sportwagen;Benzin;2003;5893
2016;Sportwagen;Benzin;2004;5746
2016;Sportwagen;Benzin;2005;5388
2016;Sportwagen;Benzin;2006;5488
2016;Sportwagen;Benzin;2007;6188
2016;Sportwagen;Benzin;2008;5632
2016;Sportwagen;Benzin;2009;4316
2016;Sportwagen;Benzin;2010;4732
2016;Sportwagen;Benzin;2011;5230
2016;Sportwagen;Benzin;2012;5701
2016;Sportwagen;Benzin;2013;6283
2016;Sportwagen;Benzin;2014;4517
2016;Sportwagen;Benzin;2015;10961
2016;Sportwagen;Benzin;2016;8950
2016;Sportwagen;Diesel;2002;74
2016;Sportwagen;Diesel;2003;265
2016;Sportwagen;Diesel;2004;191
2016;Sportwagen;Diesel;2005;193
2016;Sportwagen;Diesel;2006;339
2016;Sportwagen;Diesel;2007;298
2016;Sportwagen;Diesel;2008;227
2016;Sportwagen;Diesel;2009;507
2016;Sportwagen;Diesel;2010;688
2016;Sportwagen;Diesel;2011;850
2016;Sportwagen;Diesel;2012;1141
2016;Sportwagen;Diesel;2013;904
2016;Sportwagen;Diesel;2014;611
2016;Sportwagen;Diesel;2015;1654
2016;Sportwagen;Diesel;2016;1127
2016;Sportwagen;Elektro (BEV);1999;1
2016;Sportwagen;Elektro (BEV);2005;1
2016;Sportwagen;Elektro (BEV);2010;7
2016;Sportwagen;Elektro (BEV);2011;4
2016;Sportwagen;Elektro (BEV);2012;4
2016;Sportwagen;Elektro (BEV);2013;1
2016;Sportwagen;Elektro (BEV);2014;1
2016;Sportwagen;Hybrid;2010;153
2016;Sportwagen;Hybrid;2011;102
2016;Sportwagen;Hybrid;2012;57
2016;Sportwagen;Hybrid;2013;23
2016;Sportwagen;Hybrid;2014;64
2016;Sportwagen;Hybrid;2015;68
2016;Sportwagen;Hybrid;2016;54
2016;Sportwagen;Sonstige;2007;1
2016;Sportwagen;Sonstige;2012;1
2016;Sportwagen;Sonstige;2014;2
2016;Sportwagen;Sonstige;2015;2
2016;Sportwagen;Sonstige;2016;1
2016;Sportwagen;Flüssiggas (LPG) (einschl. bivalent);1990;3
2016;Sportwagen;Flüssiggas (LPG) (einschl. bivalent);1991;9
2016;Sportwagen;Flüssiggas (LPG) (einschl. bivalent);1992;12
2016;Sportwagen;Flüssiggas (LPG) (einschl. bivalent);1993;14
2016;Sportwagen;Flüssiggas (LPG) (einschl. bivalent);1994;14
2016;Sportwagen;Flüssiggas (LPG) (einschl. bivalent);1995;14
2016;Sportwagen;Flüssiggas (LPG) (einschl. bivalent);1996;14
2016;Sportwagen;Flüssiggas (LPG) (einschl. bivalent);1997;67
2016;Sportwagen;Flüssiggas (LPG) (einschl. bivalent);1998;179
2016;Sportwagen;Flüssiggas (LPG) (einschl. bivalent);1999;278
2016;Sportwagen;Flüssiggas (LPG) (einschl. bivalent);2000;224
2016;Sportwagen;Flüssiggas (LPG) (einschl. bivalent);2001;155
2016;Sportwagen;Flüssiggas (LPG) (einschl. bivalent);2002;136
2016;Sportwagen;Flüssiggas (LPG) (einschl. bivalent);2003;130
2016;Sportwagen;Flüssiggas (LPG) (einschl. bivalent);2004;119
2016;Sportwagen;Flüssiggas (LPG) (einschl. bivalent);2005;82
2016;Sportwagen;Flüssiggas (LPG) (einschl. bivalent);2006;77
2016;Sportwagen;Flüssiggas (LPG) (einschl. bivalent);2007;53
2016;Sportwagen;Flüssiggas (LPG) (einschl. bivalent);2008;36
2016;Sportwagen;Flüssiggas (LPG) (einschl. bivalent);2009;22
2016;Sportwagen;Flüssiggas (LPG) (einschl. bivalent);2010;10
2016;Sportwagen;Flüssiggas (LPG) (einschl. bivalent);2011;11
2016;Sportwagen;Flüssiggas (LPG) (einschl. bivalent);2012;13
2016;Sportwagen;Flüssiggas (LPG) (einschl. bivalent);2013;45
2016;Sportwagen;Flüssiggas (LPG) (einschl. bivalent);2014;88
2016;Sportwagen;Flüssiggas (LPG) (einschl. bivalent);2015;23
2016;Sportwagen;Flüssiggas (LPG) (einschl. bivalent);2016;5
2016;Sportwagen;Erdgas (CNG) (einschl. bivalent);1998;1
2016;Mini-Vans;Benzin;1990;4
2016;Mini-Vans;Benzin;1991;5
2016;Mini-Vans;Benzin;1992;45
2016;Mini-Vans;Benzin;1993;45
2016;Mini-Vans;Benzin;1994;54
2016;Mini-Vans;Benzin;1995;116
2016;Mini-Vans;Benzin;1996;201
2016;Mini-Vans;Benzin;1997;1746
2016;Mini-Vans;Benzin;1998;2911
2016;Mini-Vans;Benzin;1999;5919
2016;Mini-Vans;Benzin;2000;6156
2016;Mini-Vans;Benzin;2001;7143
2016;Mini-Vans;Benzin;2002;7414
2016;Mini-Vans;Benzin;2003;12430
2016;Mini-Vans;Benzin;2004;13823
2016;Mini-Vans;Benzin;2005;17766
2016;Mini-Vans;Benzin;2006;15503
2016;Mini-Vans;Benzin;2007;10784
2016;Mini-Vans;Benzin;2008;8269
2016;Mini-Vans;Benzin;2009;8674
2016;Mini-Vans;Benzin;2010;8192
2016;Mini-Vans;Benzin;2011;9621
2016;Mini-Vans;Benzin;2012;10559
2016;Mini-Vans;Benzin;2013;8012
2016;Mini-Vans;Benzin;2014;4777
2016;Mini-Vans;Benzin;2015;20362
2016;Mini-Vans;Benzin;2016;14245
2016;Mini-Vans;Diesel;1997;15
2016;Mini-Vans;Diesel;1998;84
2016;Mini-Vans;Diesel;1999;321
2016;Mini-Vans;Diesel;2000;581
2016;Mini-Vans;Diesel;2001;1304
2016;Mini-Vans;Diesel;2002;2614
2016;Mini-Vans;Diesel;2003;3705
2016;Mini-Vans;Diesel;2004;7577
2016;Mini-Vans;Diesel;2005;7980
2016;Mini-Vans;Diesel;2006;8057
2016;Mini-Vans;Diesel;2007;7091
2016;Mini-Vans;Diesel;2008;4382
2016;Mini-Vans;Diesel;2009;2995
2016;Mini-Vans;Diesel;2010;3752
2016;Mini-Vans;Diesel;2011;5457
2016;Mini-Vans;Diesel;2012;8355
2016;Mini-Vans;Diesel;2013;5994
2016;Mini-Vans;Diesel;2014;3116
2016;Mini-Vans;Diesel;2015;11878
2016;Mini-Vans;Diesel;2016;8355
2016;Mini-Vans;Elektro (BEV);2012;1
2016;Mini-Vans;Elektro (BEV);2013;1
2016;Mini-Vans;Elektro (BEV);2014;33
2016;Mini-Vans;Elektro (BEV);2015;184
2016;Mini-Vans;Elektro (BEV);2016;1071
2016;Mini-Vans;Hybrid;2004;1
2016;Mini-Vans;Hybrid;2011;8
2016;Mini-Vans;Hybrid;2012;144
2016;Mini-Vans;Hybrid;2013;150
2016;Mini-Vans;Hybrid;2014;17
2016;Mini-Vans;Hybrid;2015;167
2016;Mini-Vans;Hybrid;2016;33
2016;Mini-Vans;Sonstige;2002;1
2016;Mini-Vans;Sonstige;2004;1
2016;Mini-Vans;Sonstige;2005;1
2016;Mini-Vans;Sonstige;2008;1
2016;Mini-Vans;Sonstige;2009;3
2016;Mini-Vans;Sonstige;2010;18
2016;Mini-Vans;Sonstige;2011;12
2016;Mini-Vans;Sonstige;2012;40
2016;Mini-Vans;Sonstige;2013;6
2016;Mini-Vans;Flüssiggas (LPG) (einschl. bivalent);1993;1
2016;Mini-Vans;Flüssiggas (LPG) (einschl. bivalent);1996;1
2016;Mini-Vans;Flüssiggas (LPG) (einschl. bivalent);1997;18
2016;Mini-Vans;Flüssiggas (LPG) (einschl. bivalent);1998;21
2016;Mini-Vans;Flüssiggas (LPG) (einschl. bivalent);1999;84
2016;Mini-Vans;Flüssiggas (LPG) (einschl. bivalent);2000;137
2016;Mini-Vans;Flüssiggas (LPG) (einschl. bivalent);2001;204
2016;Mini-Vans;Flüssiggas (LPG) (einschl. bivalent);2002;272
2016;Mini-Vans;Flüssiggas (LPG) (einschl. bivalent);2003;401
2016;Mini-Vans;Flüssiggas (LPG) (einschl. bivalent);2004;491
2016;Mini-Vans;Flüssiggas (LPG) (einschl. bivalent);2005;694
2016;Mini-Vans;Flüssiggas (LPG) (einschl. bivalent);2006;680
2016;Mini-Vans;Flüssiggas (LPG) (einschl. bivalent);2007;609
2016;Mini-Vans;Flüssiggas (LPG) (einschl. bivalent);2008;593
2016;Mini-Vans;Flüssiggas (LPG) (einschl. bivalent);2009;223
2016;Mini-Vans;Flüssiggas (LPG) (einschl. bivalent);2010;113
2016;Mini-Vans;Flüssiggas (LPG) (einschl. bivalent);2011;95
2016;Mini-Vans;Flüssiggas (LPG) (einschl. bivalent);2012;98
2016;Mini-Vans;Flüssiggas (LPG) (einschl. bivalent);2013;40
2016;Mini-Vans;Flüssiggas (LPG) (einschl. bivalent);2014;32
2016;Mini-Vans;Flüssiggas (LPG) (einschl. bivalent);2015;68
2016;Mini-Vans;Flüssiggas (LPG) (einschl. bivalent);2016;29
2016;Mini-Vans;Erdgas (CNG) (einschl. bivalent);1999;4
2016;Mini-Vans;Erdgas (CNG) (einschl. bivalent);2000;79
2016;Mini-Vans;Erdgas (CNG) (einschl. bivalent);2001;152
2016;Mini-Vans;Erdgas (CNG) (einschl. bivalent);2002;66
2016;Mini-Vans;Erdgas (CNG) (einschl. bivalent);2003;50
2016;Mini-Vans;Erdgas (CNG) (einschl. bivalent);2004;26
2016;Mini-Vans;Erdgas (CNG) (einschl. bivalent);2005;106
2016;Mini-Vans;Erdgas (CNG) (einschl. bivalent);2006;121
2016;Mini-Vans;Erdgas (CNG) (einschl. bivalent);2007;33
2016;Mini-Vans;Erdgas (CNG) (einschl. bivalent);2008;88
2016;Mini-Vans;Erdgas (CNG) (einschl. bivalent);2009;82
2016;Mini-Vans;Erdgas (CNG) (einschl. bivalent);2010;50
2016;Mini-Vans;Erdgas (CNG) (einschl. bivalent);2011;13
2016;Mini-Vans;Erdgas (CNG) (einschl. bivalent);2012;2
2016;Mini-Vans;Erdgas (CNG) (einschl. bivalent);2013;2
2016;Mini-Vans;Erdgas (CNG) (einschl. bivalent);2014;53
2016;Mini-Vans;Erdgas (CNG) (einschl. bivalent);2015;53
2016;Mini-Vans;Erdgas (CNG) (einschl. bivalent);2016;3
2016;Großraum-Vans;Benzin;1990;24
2016;Großraum-Vans;Benzin;1991;73
2016;Großraum-Vans;Benzin;1992;122
2016;Großraum-Vans;Benzin;1993;241
2016;Großraum-Vans;Benzin;1994;378
2016;Großraum-Vans;Benzin;1995;1038
2016;Großraum-Vans;Benzin;1996;2189
2016;Großraum-Vans;Benzin;1997;5016
2016;Großraum-Vans;Benzin;1998;5167
2016;Großraum-Vans;Benzin;1999;11155
2016;Großraum-Vans;Benzin;2000;9682
2016;Großraum-Vans;Benzin;2001;9508
2016;Großraum-Vans;Benzin;2002;7743
2016;Großraum-Vans;Benzin;2003;9175
2016;Großraum-Vans;Benzin;2004;7510
2016;Großraum-Vans;Benzin;2005;8474
2016;Großraum-Vans;Benzin;2006;7781
2016;Großraum-Vans;Benzin;2007;5337
2016;Großraum-Vans;Benzin;2008;4395
2016;Großraum-Vans;Benzin;2009;4565
2016;Großraum-Vans;Benzin;2010;3833
2016;Großraum-Vans;Benzin;2011;5204
2016;Großraum-Vans;Benzin;2012;5781
2016;Großraum-Vans;Benzin;2013;3422
2016;Großraum-Vans;Benzin;2014;1578
2016;Großraum-Vans;Benzin;2015;7636
2016;Großraum-Vans;Benzin;2016;6317
2016;Großraum-Vans;Diesel;1990;5
2016;Großraum-Vans;Diesel;1991;3
2016;Großraum-Vans;Diesel;1992;6
2016;Großraum-Vans;Diesel;1993;19
2016;Großraum-Vans;Diesel;1994;50
2016;Großraum-Vans;Diesel;1995;75
2016;Großraum-Vans;Diesel;1996;379
2016;Großraum-Vans;Diesel;1997;1157
2016;Großraum-Vans;Diesel;1998;1685
2016;Großraum-Vans;Diesel;1999;3037
2016;Großraum-Vans;Diesel;2000;4228
2016;Großraum-Vans;Diesel;2001;6689
2016;Großraum-Vans;Diesel;2002;8434
2016;Großraum-Vans;Diesel;2003;15914
2016;Großraum-Vans;Diesel;2004;19306
2016;Großraum-Vans;Diesel;2005;16940
2016;Großraum-Vans;Diesel;2006;20697
2016;Großraum-Vans;Diesel;2007;16578
2016;Großraum-Vans;Diesel;2008;11512
2016;Großraum-Vans;Diesel;2009;7500
2016;Großraum-Vans;Diesel;2010;7065
2016;Großraum-Vans;Diesel;2011;13893
2016;Großraum-Vans;Diesel;2012;22086
2016;Großraum-Vans;Diesel;2013;20362
2016;Großraum-Vans;Diesel;2014;8562
2016;Großraum-Vans;Diesel;2015;23565
2016;Großraum-Vans;Diesel;2016;19295
2016;Großraum-Vans;Hybrid;2001;2
2016;Großraum-Vans;Hybrid;2002;2
2016;Großraum-Vans;Hybrid;2005;1
2016;Großraum-Vans;Hybrid;2006;1
2016;Großraum-Vans;Hybrid;2012;126
2016;Großraum-Vans;Hybrid;2013;119
2016;Großraum-Vans;Hybrid;2014;46
2016;Großraum-Vans;Hybrid;2015;238
2016;Großraum-Vans;Hybrid;2016;172
2016;Großraum-Vans;Sonstige;2003;4
2016;Großraum-Vans;Sonstige;2004;1
2016;Großraum-Vans;Sonstige;2005;3
2016;Großraum-Vans;Sonstige;2006;1
2016;Großraum-Vans;Sonstige;2008;1
2016;Großraum-Vans;Sonstige;2009;5
2016;Großraum-Vans;Sonstige;2010;12
2016;Großraum-Vans;Sonstige;2011;10
2016;Großraum-Vans;Sonstige;2012;3
2016;Großraum-Vans;Flüssiggas (LPG) (einschl. bivalent);1990;1
2016;Großraum-Vans;Flüssiggas (LPG) (einschl. bivalent);1991;1
2016;Großraum-Vans;Flüssiggas (LPG) (einschl. bivalent);1992;8
2016;Großraum-Vans;Flüssiggas (LPG) (einschl. bivalent);1993;6
2016;Großraum-Vans;Flüssiggas (LPG) (einschl. bivalent);1994;19
2016;Großraum-Vans;Flüssiggas (LPG) (einschl. bivalent);1995;56
2016;Großraum-Vans;Flüssiggas (LPG) (einschl. bivalent);1996;121
2016;Großraum-Vans;Flüssiggas (LPG) (einschl. bivalent);1997;297
2016;Großraum-Vans;Flüssiggas (LPG) (einschl. bivalent);1998;359
2016;Großraum-Vans;Flüssiggas (LPG) (einschl. bivalent);1999;517
2016;Großraum-Vans;Flüssiggas (LPG) (einschl. bivalent);2000;503
2016;Großraum-Vans;Flüssiggas (LPG) (einschl. bivalent);2001;600
2016;Großraum-Vans;Flüssiggas (LPG) (einschl. bivalent);2002;523
2016;Großraum-Vans;Flüssiggas (LPG) (einschl. bivalent);2003;616
2016;Großraum-Vans;Flüssiggas (LPG) (einschl. bivalent);2004;513
2016;Großraum-Vans;Flüssiggas (LPG) (einschl. bivalent);2005;553
2016;Großraum-Vans;Flüssiggas (LPG) (einschl. bivalent);2006;549
2016;Großraum-Vans;Flüssiggas (LPG) (einschl. bivalent);2007;444
2016;Großraum-Vans;Flüssiggas (LPG) (einschl. bivalent);2008;394
2016;Großraum-Vans;Flüssiggas (LPG) (einschl. bivalent);2009;226
2016;Großraum-Vans;Flüssiggas (LPG) (einschl. bivalent);2010;116
2016;Großraum-Vans;Flüssiggas (LPG) (einschl. bivalent);2011;50
2016;Großraum-Vans;Flüssiggas (LPG) (einschl. bivalent);2012;34
2016;Großraum-Vans;Flüssiggas (LPG) (einschl. bivalent);2013;40
2016;Großraum-Vans;Flüssiggas (LPG) (einschl. bivalent);2014;8
2016;Großraum-Vans;Flüssiggas (LPG) (einschl. bivalent);2015;6
2016;Großraum-Vans;Erdgas (CNG) (einschl. bivalent);1993;1
2016;Großraum-Vans;Erdgas (CNG) (einschl. bivalent);1998;2
2016;Großraum-Vans;Erdgas (CNG) (einschl. bivalent);1999;3
2016;Großraum-Vans;Erdgas (CNG) (einschl. bivalent);2000;7
2016;Großraum-Vans;Erdgas (CNG) (einschl. bivalent);2001;11
2016;Großraum-Vans;Erdgas (CNG) (einschl. bivalent);2002;154
2016;Großraum-Vans;Erdgas (CNG) (einschl. bivalent);2003;193
2016;Großraum-Vans;Erdgas (CNG) (einschl. bivalent);2004;433
2016;Großraum-Vans;Erdgas (CNG) (einschl. bivalent);2005;537
2016;Großraum-Vans;Erdgas (CNG) (einschl. bivalent);2006;555
2016;Großraum-Vans;Erdgas (CNG) (einschl. bivalent);2007;691
2016;Großraum-Vans;Erdgas (CNG) (einschl. bivalent);2008;475
2016;Großraum-Vans;Erdgas (CNG) (einschl. bivalent);2009;270
2016;Großraum-Vans;Erdgas (CNG) (einschl. bivalent);2010;157
2016;Großraum-Vans;Erdgas (CNG) (einschl. bivalent);2011;241
2016;Großraum-Vans;Erdgas (CNG) (einschl. bivalent);2012;398
2016;Großraum-Vans;Erdgas (CNG) (einschl. bivalent);2013;216
2016;Großraum-Vans;Erdgas (CNG) (einschl. bivalent);2014;98
2016;Großraum-Vans;Erdgas (CNG) (einschl. bivalent);2015;28
2016;Großraum-Vans;Erdgas (CNG) (einschl. bivalent);2016;5
2016;Utilities;Benzin;1990;315
2016;Utilities;Benzin;1991;461
2016;Utilities;Benzin;1992;592
2016;Utilities;Benzin;1993;518
2016;Utilities;Benzin;1994;619
2016;Utilities;Benzin;1995;870
2016;Utilities;Benzin;1996;1138
2016;Utilities;Benzin;1997;1520
2016;Utilities;Benzin;1998;2493
2016;Utilities;Benzin;1999;4754
2016;Utilities;Benzin;2000;3873
2016;Utilities;Benzin;2001;3749
2016;Utilities;Benzin;2002;3425
2016;Utilities;Benzin;2003;3295
2016;Utilities;Benzin;2004;2314
2016;Utilities;Benzin;2005;2914
2016;Utilities;Benzin;2006;2350
2016;Utilities;Benzin;2007;1430
2016;Utilities;Benzin;2008;1966
2016;Utilities;Benzin;2009;3023
2016;Utilities;Benzin;2010;1750
2016;Utilities;Benzin;2011;2066
2016;Utilities;Benzin;2012;1951
2016;Utilities;Benzin;2013;1522
2016;Utilities;Benzin;2014;913
2016;Utilities;Benzin;2015;2173
2016;Utilities;Benzin;2016;3141
2016;Utilities;Diesel;1990;490
2016;Utilities;Diesel;1991;569
2016;Utilities;Diesel;1992;813
2016;Utilities;Diesel;1993;741
2016;Utilities;Diesel;1994;952
2016;Utilities;Diesel;1995;1434
2016;Utilities;Diesel;1996;2151
2016;Utilities;Diesel;1997;3071
2016;Utilities;Diesel;1998;3129
2016;Utilities;Diesel;1999;4206
2016;Utilities;Diesel;2000;4528
2016;Utilities;Diesel;2001;5830
2016;Utilities;Diesel;2002;6585
2016;Utilities;Diesel;2003;8097
2016;Utilities;Diesel;2004;9379
2016;Utilities;Diesel;2005;10597
2016;Utilities;Diesel;2006;11176
2016;Utilities;Diesel;2007;10603
2016;Utilities;Diesel;2008;10747
2016;Utilities;Diesel;2009;9119
2016;Utilities;Diesel;2010;9493
2016;Utilities;Diesel;2011;11416
2016;Utilities;Diesel;2012;14116
2016;Utilities;Diesel;2013;12594
2016;Utilities;Diesel;2014;8180
2016;Utilities;Diesel;2015;20105
2016;Utilities;Diesel;2016;19542
2016;Utilities;Elektro (BEV);1992;1
2016;Utilities;Elektro (BEV);1997;1
2016;Utilities;Elektro (BEV);1998;1
2016;Utilities;Elektro (BEV);2004;2
2016;Utilities;Elektro (BEV);2010;2
2016;Utilities;Elektro (BEV);2011;3
2016;Utilities;Elektro (BEV);2012;2
2016;Utilities;Elektro (BEV);2013;4
2016;Utilities;Elektro (BEV);2014;15
2016;Utilities;Elektro (BEV);2015;57
2016;Utilities;Elektro (BEV);2016;13
2016;Utilities;Hybrid;1991;1
2016;Utilities;Hybrid;1997;2
2016;Utilities;Hybrid;2005;1
2016;Utilities;Hybrid;2013;1
2016;Utilities;Hybrid;2016;1
2016;Utilities;Sonstige;1997;1
2016;Utilities;Sonstige;2008;3
2016;Utilities;Sonstige;2010;1
2016;Utilities;Flüssiggas (LPG) (einschl. bivalent);1990;21
2016;Utilities;Flüssiggas (LPG) (einschl. bivalent);1991;35
2016;Utilities;Flüssiggas (LPG) (einschl. bivalent);1992;51
2016;Utilities;Flüssiggas (LPG) (einschl. bivalent);1993;75
2016;Utilities;Flüssiggas (LPG) (einschl. bivalent);1994;87
2016;Utilities;Flüssiggas (LPG) (einschl. bivalent);1995;131
2016;Utilities;Flüssiggas (LPG) (einschl. bivalent);1996;131
2016;Utilities;Flüssiggas (LPG) (einschl. bivalent);1997;106
2016;Utilities;Flüssiggas (LPG) (einschl. bivalent);1998;100
2016;Utilities;Flüssiggas (LPG) (einschl. bivalent);1999;104
2016;Utilities;Flüssiggas (LPG) (einschl. bivalent);2000;97
2016;Utilities;Flüssiggas (LPG) (einschl. bivalent);2001;98
2016;Utilities;Flüssiggas (LPG) (einschl. bivalent);2002;117
2016;Utilities;Flüssiggas (LPG) (einschl. bivalent);2003;153
2016;Utilities;Flüssiggas (LPG) (einschl. bivalent);2004;138
2016;Utilities;Flüssiggas (LPG) (einschl. bivalent);2005;237
2016;Utilities;Flüssiggas (LPG) (einschl. bivalent);2006;197
2016;Utilities;Flüssiggas (LPG) (einschl. bivalent);2007;112
2016;Utilities;Flüssiggas (LPG) (einschl. bivalent);2008;337
2016;Utilities;Flüssiggas (LPG) (einschl. bivalent);2009;214
2016;Utilities;Flüssiggas (LPG) (einschl. bivalent);2010;75
2016;Utilities;Flüssiggas (LPG) (einschl. bivalent);2011;61
2016;Utilities;Flüssiggas (LPG) (einschl. bivalent);2012;80
2016;Utilities;Flüssiggas (LPG) (einschl. bivalent);2013;33
2016;Utilities;Flüssiggas (LPG) (einschl. bivalent);2014;33
2016;Utilities;Flüssiggas (LPG) (einschl. bivalent);2015;34
2016;Utilities;Erdgas (CNG) (einschl. bivalent);1994;3
2016;Utilities;Erdgas (CNG) (einschl. bivalent);1995;4
2016;Utilities;Erdgas (CNG) (einschl. bivalent);1996;7
2016;Utilities;Erdgas (CNG) (einschl. bivalent);1997;8
2016;Utilities;Erdgas (CNG) (einschl. bivalent);1998;3
2016;Utilities;Erdgas (CNG) (einschl. bivalent);1999;14
2016;Utilities;Erdgas (CNG) (einschl. bivalent);2000;6
2016;Utilities;Erdgas (CNG) (einschl. bivalent);2001;2
2016;Utilities;Erdgas (CNG) (einschl. bivalent);2002;8
2016;Utilities;Erdgas (CNG) (einschl. bivalent);2003;15
2016;Utilities;Erdgas (CNG) (einschl. bivalent);2004;9
2016;Utilities;Erdgas (CNG) (einschl. bivalent);2005;222
2016;Utilities;Erdgas (CNG) (einschl. bivalent);2006;709
2016;Utilities;Erdgas (CNG) (einschl. bivalent);2007;566
2016;Utilities;Erdgas (CNG) (einschl. bivalent);2008;531
2016;Utilities;Erdgas (CNG) (einschl. bivalent);2009;308
2016;Utilities;Erdgas (CNG) (einschl. bivalent);2010;128
2016;Utilities;Erdgas (CNG) (einschl. bivalent);2011;318
2016;Utilities;Erdgas (CNG) (einschl. bivalent);2012;242
2016;Utilities;Erdgas (CNG) (einschl. bivalent);2013;120
2016;Utilities;Erdgas (CNG) (einschl. bivalent);2014;38
2016;Utilities;Erdgas (CNG) (einschl. bivalent);2015;73
2016;Utilities;Erdgas (CNG) (einschl. bivalent);2016;69
2016;Wohnmobile;Benzin;1990;151
2016;Wohnmobile;Benzin;1991;135
2016;Wohnmobile;Benzin;1992;128
2016;Wohnmobile;Benzin;1993;85
2016;Wohnmobile;Benzin;1994;66
2016;Wohnmobile;Benzin;1995;82
2016;Wohnmobile;Benzin;1996;53
2016;Wohnmobile;Benzin;1997;34
2016;Wohnmobile;Benzin;1998;36
2016;Wohnmobile;Benzin;1999;20
2016;Wohnmobile;Benzin;2000;14
2016;Wohnmobile;Benzin;2001;5
2016;Wohnmobile;Benzin;2002;7
2016;Wohnmobile;Benzin;2003;2
2016;Wohnmobile;Benzin;2004;6
2016;Wohnmobile;Benzin;2005;5
2016;Wohnmobile;Benzin;2006;7
2016;Wohnmobile;Benzin;2007;6
2016;Wohnmobile;Benzin;2008;8
2016;Wohnmobile;Benzin;2009;4
2016;Wohnmobile;Benzin;2010;7
2016;Wohnmobile;Benzin;2011;2
2016;Wohnmobile;Benzin;2012;13
2016;Wohnmobile;Benzin;2013;7
2016;Wohnmobile;Benzin;2014;9
2016;Wohnmobile;Benzin;2015;13
2016;Wohnmobile;Benzin;2016;24
2016;Wohnmobile;Diesel;1990;2077
2016;Wohnmobile;Diesel;1991;2397
2016;Wohnmobile;Diesel;1992;2579
2016;Wohnmobile;Diesel;1993;2008
2016;Wohnmobile;Diesel;1994;1798
2016;Wohnmobile;Diesel;1995;1753
2016;Wohnmobile;Diesel;1996;1956
2016;Wohnmobile;Diesel;1997;1843
2016;Wohnmobile;Diesel;1998;1925
2016;Wohnmobile;Diesel;1999;2297
2016;Wohnmobile;Diesel;2000;2405
2016;Wohnmobile;Diesel;2001;2606
2016;Wohnmobile;Diesel;2002;2288
2016;Wohnmobile;Diesel;2003;2273
2016;Wohnmobile;Diesel;2004;2307
2016;Wohnmobile;Diesel;2005;2351
2016;Wohnmobile;Diesel;2006;2432
2016;Wohnmobile;Diesel;2007;2251
2016;Wohnmobile;Diesel;2008;2507
2016;Wohnmobile;Diesel;2009;2177
2016;Wohnmobile;Diesel;2010;2237
2016;Wohnmobile;Diesel;2011;2575
2016;Wohnmobile;Diesel;2012;2848
2016;Wohnmobile;Diesel;2013;2769
2016;Wohnmobile;Diesel;2014;3193
2016;Wohnmobile;Diesel;2015;4907
2016;Wohnmobile;Diesel;2016;9153
2016;Wohnmobile;Hybrid;1994;1
2016;Wohnmobile;Hybrid;1999;1
2016;Wohnmobile;Hybrid;2014;1
2016;Wohnmobile;Sonstige;2007;1
2016;Wohnmobile;Sonstige;2013;2
2016;Wohnmobile;Flüssiggas (LPG) (einschl. bivalent);1990;27
2016;Wohnmobile;Flüssiggas (LPG) (einschl. bivalent);1991;20
2016;Wohnmobile;Flüssiggas (LPG) (einschl. bivalent);1992;29
2016;Wohnmobile;Flüssiggas (LPG) (einschl. bivalent);1993;31
2016;Wohnmobile;Flüssiggas (LPG) (einschl. bivalent);1994;25
2016;Wohnmobile;Flüssiggas (LPG) (einschl. bivalent);1995;29
2016;Wohnmobile;Flüssiggas (LPG) (einschl. bivalent);1996;19
2016;Wohnmobile;Flüssiggas (LPG) (einschl. bivalent);1997;18
2016;Wohnmobile;Flüssiggas (LPG) (einschl. bivalent);1998;10
2016;Wohnmobile;Flüssiggas (LPG) (einschl. bivalent);1999;10
2016;Wohnmobile;Flüssiggas (LPG) (einschl. bivalent);2000;5
2016;Wohnmobile;Flüssiggas (LPG) (einschl. bivalent);2001;6
2016;Wohnmobile;Flüssiggas (LPG) (einschl. bivalent);2002;3
2016;Wohnmobile;Flüssiggas (LPG) (einschl. bivalent);2003;3
2016;Wohnmobile;Flüssiggas (LPG) (einschl. bivalent);2005;5
2016;Wohnmobile;Flüssiggas (LPG) (einschl. bivalent);2006;4
2016;Wohnmobile;Flüssiggas (LPG) (einschl. bivalent);2012;1
2016;Wohnmobile;Flüssiggas (LPG) (einschl. bivalent);2013;1
2016;Wohnmobile;Flüssiggas (LPG) (einschl. bivalent);2015;1
2016;Wohnmobile;Flüssiggas (LPG) (einschl. bivalent);2016;2
2016;Wohnmobile;Erdgas (CNG) (einschl. bivalent);1994;1
2016;Wohnmobile;Erdgas (CNG) (einschl. bivalent);1998;1
2016;Wohnmobile;Erdgas (CNG) (einschl. bivalent);1999;2
2016;Wohnmobile;Erdgas (CNG) (einschl. bivalent);2000;2
2016;Wohnmobile;Erdgas (CNG) (einschl. bivalent);2001;2
2016;Wohnmobile;Erdgas (CNG) (einschl. bivalent);2002;1
2016;Wohnmobile;Erdgas (CNG) (einschl. bivalent);2004;2
2016;Wohnmobile;Erdgas (CNG) (einschl. bivalent);2007;1
2016;Wohnmobile;Erdgas (CNG) (einschl. bivalent);2016;1
2016;Sonstige;Benzin;1900;1
2016;Sonstige;Benzin;1902;1
2016;Sonstige;Benzin;1904;2
2016;Sonstige;Benzin;1906;1
2016;Sonstige;Benzin;1909;2
2016;Sonstige;Benzin;1910;5
2016;Sonstige;Benzin;1911;4
2016;Sonstige;Benzin;1912;4
2016;Sonstige;Benzin;1913;3
2016;Sonstige;Benzin;1914;6
2016;Sonstige;Benzin;1915;7
2016;Sonstige;Benzin;1916;5
2016;Sonstige;Benzin;1917;3
2016;Sonstige;Benzin;1918;1
2016;Sonstige;Benzin;1919;4
2016;Sonstige;Benzin;1920;1
2016;Sonstige;Benzin;1921;3
2016;Sonstige;Benzin;1922;4
2016;Sonstige;Benzin;1923;13
2016;Sonstige;Benzin;1924;9
2016;Sonstige;Benzin;1925;10
2016;Sonstige;Benzin;1926;19
2016;Sonstige;Benzin;1927;34
2016;Sonstige;Benzin;1928;46
2016;Sonstige;Benzin;1929;74
2016;Sonstige;Benzin;1930;74
2016;Sonstige;Benzin;1931;49
2016;Sonstige;Benzin;1932;47
2016;Sonstige;Benzin;1933;33
2016;Sonstige;Benzin;1934;55
2016;Sonstige;Benzin;1935;70
2016;Sonstige;Benzin;1936;90
2016;Sonstige;Benzin;1937;93
2016;Sonstige;Benzin;1938;90
2016;Sonstige;Benzin;1939;97
2016;Sonstige;Benzin;1940;13
2016;Sonstige;Benzin;1941;17
2016;Sonstige;Benzin;1942;18
2016;Sonstige;Benzin;1943;21
2016;Sonstige;Benzin;1944;24
2016;Sonstige;Benzin;1945;10
2016;Sonstige;Benzin;1946;17
2016;Sonstige;Benzin;1947;25
2016;Sonstige;Benzin;1948;48
2016;Sonstige;Benzin;1949;73
2016;Sonstige;Benzin;1950;117
2016;Sonstige;Benzin;1951;132
2016;Sonstige;Benzin;1952;175
2016;Sonstige;Benzin;1953;187
2016;Sonstige;Benzin;1954;210
2016;Sonstige;Benzin;1955;283
2016;Sonstige;Benzin;1956;364
2016;Sonstige;Benzin;1957;456
2016;Sonstige;Benzin;1958;512
2016;Sonstige;Benzin;1959;596
2016;Sonstige;Benzin;1960;674
2016;Sonstige;Benzin;1961;638
2016;Sonstige;Benzin;1962;728
2016;Sonstige;Benzin;1963;687
2016;Sonstige;Benzin;1964;952
2016;Sonstige;Benzin;1965;1208
2016;Sonstige;Benzin;1966;1300
2016;Sonstige;Benzin;1967;1461
2016;Sonstige;Benzin;1968;1648
2016;Sonstige;Benzin;1969;1690
2016;Sonstige;Benzin;1970;1873
2016;Sonstige;Benzin;1971;2250
2016;Sonstige;Benzin;1972;2414
2016;Sonstige;Benzin;1973;2346
2016;Sonstige;Benzin;1974;1531
2016;Sonstige;Benzin;1975;1475
2016;Sonstige;Benzin;1976;1623
2016;Sonstige;Benzin;1977;1814
2016;Sonstige;Benzin;1978;2243
2016;Sonstige;Benzin;1979;2526
2016;Sonstige;Benzin;1980;2122
2016;Sonstige;Benzin;1981;2216
2016;Sonstige;Benzin;1982;2519
2016;Sonstige;Benzin;1983;3699
2016;Sonstige;Benzin;1984;3479
2016;Sonstige;Benzin;1985;3851
2016;Sonstige;Benzin;1986;5908
2016;Sonstige;Benzin;1987;9246
2016;Sonstige;Benzin;1988;12403
2016;Sonstige;Benzin;1989;19138
2016;Sonstige;Benzin;1990;3021
2016;Sonstige;Benzin;1991;3792
2016;Sonstige;Benzin;1992;3191
2016;Sonstige;Benzin;1993;3302
2016;Sonstige;Benzin;1994;3930
2016;Sonstige;Benzin;1995;7821
2016;Sonstige;Benzin;1996;7414
2016;Sonstige;Benzin;1997;8669
2016;Sonstige;Benzin;1998;5008
2016;Sonstige;Benzin;1999;3663
2016;Sonstige;Benzin;2000;4019
2016;Sonstige;Benzin;2001;4559
2016;Sonstige;Benzin;2002;3802
2016;Sonstige;Benzin;2003;3746
2016;Sonstige;Benzin;2004;3522
2016;Sonstige;Benzin;2005;3104
2016;Sonstige;Benzin;2006;1264
2016;Sonstige;Benzin;2007;624
2016;Sonstige;Benzin;2008;595
2016;Sonstige;Benzin;2009;584
2016;Sonstige;Benzin;2010;682
2016;Sonstige;Benzin;2011;655
2016;Sonstige;Benzin;2012;904
2016;Sonstige;Benzin;2013;1118
2016;Sonstige;Benzin;2014;1761
2016;Sonstige;Benzin;2015;1975
2016;Sonstige;Benzin;2016;1681
2016;Sonstige;Benzin;fehlende/unplausible Angabe;3
2016;Sonstige;Diesel;1901;1
2016;Sonstige;Diesel;1916;1
2016;Sonstige;Diesel;1936;2
2016;Sonstige;Diesel;1942;2
2016;Sonstige;Diesel;1945;1
2016;Sonstige;Diesel;1950;5
2016;Sonstige;Diesel;1951;17
2016;Sonstige;Diesel;1952;19
2016;Sonstige;Diesel;1953;24
2016;Sonstige;Diesel;1954;13
2016;Sonstige;Diesel;1955;6
2016;Sonstige;Diesel;1956;7
2016;Sonstige;Diesel;1957;9
2016;Sonstige;Diesel;1958;9
2016;Sonstige;Diesel;1959;29
2016;Sonstige;Diesel;1960;21
2016;Sonstige;Diesel;1961;31
2016;Sonstige;Diesel;1962;20
2016;Sonstige;Diesel;1963;31
2016;Sonstige;Diesel;1964;40
2016;Sonstige;Diesel;1965;51
2016;Sonstige;Diesel;1966;57
2016;Sonstige;Diesel;1967;69
2016;Sonstige;Diesel;1968;47
2016;Sonstige;Diesel;1969;67
2016;Sonstige;Diesel;1970;63
2016;Sonstige;Diesel;1971;103
2016;Sonstige;Diesel;1972;108
2016;Sonstige;Diesel;1973;137
2016;Sonstige;Diesel;1974;92
2016;Sonstige;Diesel;1975;140
2016;Sonstige;Diesel;1976;158
2016;Sonstige;Diesel;1977;166
2016;Sonstige;Diesel;1978;219
2016;Sonstige;Diesel;1979;316
2016;Sonstige;Diesel;1980;380
2016;Sonstige;Diesel;1981;533
2016;Sonstige;Diesel;1982;798
2016;Sonstige;Diesel;1983;838
2016;Sonstige;Diesel;1984;799
2016;Sonstige;Diesel;1985;1292
2016;Sonstige;Diesel;1986;1844
2016;Sonstige;Diesel;1987;2303
2016;Sonstige;Diesel;1988;2593
2016;Sonstige;Diesel;1989;3077
2016;Sonstige;Diesel;1990;97
2016;Sonstige;Diesel;1991;102
2016;Sonstige;Diesel;1992;133
2016;Sonstige;Diesel;1993;137
2016;Sonstige;Diesel;1994;269
2016;Sonstige;Diesel;1995;824
2016;Sonstige;Diesel;1996;942
2016;Sonstige;Diesel;1997;858
2016;Sonstige;Diesel;1998;521
2016;Sonstige;Diesel;1999;726
2016;Sonstige;Diesel;2000;1535
2016;Sonstige;Diesel;2001;2810
2016;Sonstige;Diesel;2002;2138
2016;Sonstige;Diesel;2003;1583
2016;Sonstige;Diesel;2004;1383
2016;Sonstige;Diesel;2005;836
2016;Sonstige;Diesel;2006;327
2016;Sonstige;Diesel;2007;180
2016;Sonstige;Diesel;2008;162
2016;Sonstige;Diesel;2009;99
2016;Sonstige;Diesel;2010;112
2016;Sonstige;Diesel;2011;272
2016;Sonstige;Diesel;2012;291
2016;Sonstige;Diesel;2013;247
2016;Sonstige;Diesel;2014;514
2016;Sonstige;Diesel;2015;581
2016;Sonstige;Diesel;2016;355
2016;Sonstige;Diesel;fehlende/unplausible Angabe;1
2016;Sonstige;Elektro (BEV);1957;1
2016;Sonstige;Elektro (BEV);1969;1
2016;Sonstige;Elektro (BEV);1984;1
2016;Sonstige;Elektro (BEV);1989;3
2016;Sonstige;Elektro (BEV);1990;3
2016;Sonstige;Elektro (BEV);1991;7
2016;Sonstige;Elektro (BEV);1992;11
2016;Sonstige;Elektro (BEV);1993;7
2016;Sonstige;Elektro (BEV);1994;7
2016;Sonstige;Elektro (BEV);1995;12
2016;Sonstige;Elektro (BEV);1996;12
2016;Sonstige;Elektro (BEV);1997;6
2016;Sonstige;Elektro (BEV);1998;9
2016;Sonstige;Elektro (BEV);1999;4
2016;Sonstige;Elektro (BEV);2000;10
2016;Sonstige;Elektro (BEV);2001;3
2016;Sonstige;Elektro (BEV);2004;2
2016;Sonstige;Elektro (BEV);2005;3
2016;Sonstige;Elektro (BEV);2008;2
2016;Sonstige;Elektro (BEV);2009;5
2016;Sonstige;Elektro (BEV);2010;18
2016;Sonstige;Elektro (BEV);2011;10
2016;Sonstige;Elektro (BEV);2012;46
2016;Sonstige;Elektro (BEV);2013;20
2016;Sonstige;Elektro (BEV);2014;33
2016;Sonstige;Elektro (BEV);2015;17
2016;Sonstige;Elektro (BEV);2016;42
2016;Sonstige;Hybrid;1954;1
2016;Sonstige;Hybrid;1976;1
2016;Sonstige;Hybrid;1977;1
2016;Sonstige;Hybrid;1981;1
2016;Sonstige;Hybrid;1986;1
2016;Sonstige;Hybrid;1989;1
2016;Sonstige;Hybrid;1997;1
2016;Sonstige;Hybrid;1998;2
2016;Sonstige;Hybrid;2002;1
2016;Sonstige;Hybrid;2005;3
2016;Sonstige;Hybrid;2006;3
2016;Sonstige;Hybrid;2007;5
2016;Sonstige;Hybrid;2008;6
2016;Sonstige;Hybrid;2009;8
2016;Sonstige;Hybrid;2010;3
2016;Sonstige;Hybrid;2011;9
2016;Sonstige;Hybrid;2012;27
2016;Sonstige;Hybrid;2013;55
2016;Sonstige;Hybrid;2014;127
2016;Sonstige;Hybrid;2015;166
2016;Sonstige;Hybrid;2016;100
2016;Sonstige;Sonstige;1919;2
2016;Sonstige;Sonstige;1939;1
2016;Sonstige;Sonstige;1956;1
2016;Sonstige;Sonstige;1960;1
2016;Sonstige;Sonstige;1964;1
2016;Sonstige;Sonstige;1965;1
2016;Sonstige;Sonstige;1967;1
2016;Sonstige;Sonstige;1968;2
2016;Sonstige;Sonstige;1969;1
2016;Sonstige;Sonstige;1971;2
2016;Sonstige;Sonstige;1972;1
2016;Sonstige;Sonstige;1975;2
2016;Sonstige;Sonstige;1976;1
2016;Sonstige;Sonstige;1983;2
2016;Sonstige;Sonstige;1984;2
2016;Sonstige;Sonstige;1985;1
2016;Sonstige;Sonstige;1986;1
2016;Sonstige;Sonstige;1988;1
2016;Sonstige;Sonstige;1989;1
2016;Sonstige;Sonstige;1991;2
2016;Sonstige;Sonstige;1992;1
2016;Sonstige;Sonstige;2001;1
2016;Sonstige;Sonstige;2002;1
2016;Sonstige;Sonstige;2003;1
2016;Sonstige;Sonstige;2005;1
2016;Sonstige;Sonstige;2006;1
2016;Sonstige;Sonstige;2007;3
2016;Sonstige;Sonstige;2008;4
2016;Sonstige;Sonstige;2009;3
2016;Sonstige;Sonstige;2010;1
2016;Sonstige;Sonstige;2012;1
2016;Sonstige;Sonstige;2013;3
2016;Sonstige;Sonstige;2014;14
2016;Sonstige;Sonstige;2015;10
2016;Sonstige;Sonstige;2016;4
2016;Sonstige;Flüssiggas (LPG) (einschl. bivalent);1952;2
2016;Sonstige;Flüssiggas (LPG) (einschl. bivalent);1954;2
2016;Sonstige;Flüssiggas (LPG) (einschl. bivalent);1956;1
2016;Sonstige;Flüssiggas (LPG) (einschl. bivalent);1957;1
2016;Sonstige;Flüssiggas (LPG) (einschl. bivalent);1958;1
2016;Sonstige;Flüssiggas (LPG) (einschl. bivalent);1960;1
2016;Sonstige;Flüssiggas (LPG) (einschl. bivalent);1961;2
2016;Sonstige;Flüssiggas (LPG) (einschl. bivalent);1962;2
2016;Sonstige;Flüssiggas (LPG) (einschl. bivalent);1963;4
2016;Sonstige;Flüssiggas (LPG) (einschl. bivalent);1964;1
2016;Sonstige;Flüssiggas (LPG) (einschl. bivalent);1965;3
2016;Sonstige;Flüssiggas (LPG) (einschl. bivalent);1966;2
2016;Sonstige;Flüssiggas (LPG) (einschl. bivalent);1967;4
2016;Sonstige;Flüssiggas (LPG) (einschl. bivalent);1968;4
2016;Sonstige;Flüssiggas (LPG) (einschl. bivalent);1969;8
2016;Sonstige;Flüssiggas (LPG) (einschl. bivalent);1970;9
2016;Sonstige;Flüssiggas (LPG) (einschl. bivalent);1971;6
2016;Sonstige;Flüssiggas (LPG) (einschl. bivalent);1972;6
2016;Sonstige;Flüssiggas (LPG) (einschl. bivalent);1973;10
2016;Sonstige;Flüssiggas (LPG) (einschl. bivalent);1974;7
2016;Sonstige;Flüssiggas (LPG) (einschl. bivalent);1975;1
2016;Sonstige;Flüssiggas (LPG) (einschl. bivalent);1976;10
2016;Sonstige;Flüssiggas (LPG) (einschl. bivalent);1977;7
2016;Sonstige;Flüssiggas (LPG) (einschl. bivalent);1978;18
2016;Sonstige;Flüssiggas (LPG) (einschl. bivalent);1979;18
2016;Sonstige;Flüssiggas (LPG) (einschl. bivalent);1980;19
2016;Sonstige;Flüssiggas (LPG) (einschl. bivalent);1981;16
2016;Sonstige;Flüssiggas (LPG) (einschl. bivalent);1982;22
2016;Sonstige;Flüssiggas (LPG) (einschl. bivalent);1983;36
2016;Sonstige;Flüssiggas (LPG) (einschl. bivalent);1984;42
2016;Sonstige;Flüssiggas (LPG) (einschl. bivalent);1985;32
2016;Sonstige;Flüssiggas (LPG) (einschl. bivalent);1986;57
2016;Sonstige;Flüssiggas (LPG) (einschl. bivalent);1987;115
2016;Sonstige;Flüssiggas (LPG) (einschl. bivalent);1988;162
2016;Sonstige;Flüssiggas (LPG) (einschl. bivalent);1989;231
2016;Sonstige;Flüssiggas (LPG) (einschl. bivalent);1990;70
2016;Sonstige;Flüssiggas (LPG) (einschl. bivalent);1991;74
2016;Sonstige;Flüssiggas (LPG) (einschl. bivalent);1992;60
2016;Sonstige;Flüssiggas (LPG) (einschl. bivalent);1993;59
2016;Sonstige;Flüssiggas (LPG) (einschl. bivalent);1994;65
2016;Sonstige;Flüssiggas (LPG) (einschl. bivalent);1995;147
2016;Sonstige;Flüssiggas (LPG) (einschl. bivalent);1996;136
2016;Sonstige;Flüssiggas (LPG) (einschl. bivalent);1997;198
2016;Sonstige;Flüssiggas (LPG) (einschl. bivalent);1998;140
2016;Sonstige;Flüssiggas (LPG) (einschl. bivalent);1999;106
2016;Sonstige;Flüssiggas (LPG) (einschl. bivalent);2000;155
2016;Sonstige;Flüssiggas (LPG) (einschl. bivalent);2001;159
2016;Sonstige;Flüssiggas (LPG) (einschl. bivalent);2002;131
2016;Sonstige;Flüssiggas (LPG) (einschl. bivalent);2003;174
2016;Sonstige;Flüssiggas (LPG) (einschl. bivalent);2004;188
2016;Sonstige;Flüssiggas (LPG) (einschl. bivalent);2005;251
2016;Sonstige;Flüssiggas (LPG) (einschl. bivalent);2006;164
2016;Sonstige;Flüssiggas (LPG) (einschl. bivalent);2007;117
2016;Sonstige;Flüssiggas (LPG) (einschl. bivalent);2008;103
2016;Sonstige;Flüssiggas (LPG) (einschl. bivalent);2009;62
2016;Sonstige;Flüssiggas (LPG) (einschl. bivalent);2010;50
2016;Sonstige;Flüssiggas (LPG) (einschl. bivalent);2011;26
2016;Sonstige;Flüssiggas (LPG) (einschl. bivalent);2012;40
2016;Sonstige;Flüssiggas (LPG) (einschl. bivalent);2013;36
2016;Sonstige;Flüssiggas (LPG) (einschl. bivalent);2014;46
2016;Sonstige;Flüssiggas (LPG) (einschl. bivalent);2015;20
2016;Sonstige;Flüssiggas (LPG) (einschl. bivalent);2016;6
2016;Sonstige;Erdgas (CNG) (einschl. bivalent);1971;1
2016;Sonstige;Erdgas (CNG) (einschl. bivalent);1973;2
2016;Sonstige;Erdgas (CNG) (einschl. bivalent);1983;1
2016;Sonstige;Erdgas (CNG) (einschl. bivalent);1989;1
2016;Sonstige;Erdgas (CNG) (einschl. bivalent);1992;1
2016;Sonstige;Erdgas (CNG) (einschl. bivalent);1995;4
2016;Sonstige;Erdgas (CNG) (einschl. bivalent);1996;1
2016;Sonstige;Erdgas (CNG) (einschl. bivalent);1997;5
2016;Sonstige;Erdgas (CNG) (einschl. bivalent);1998;1
2016;Sonstige;Erdgas (CNG) (einschl. bivalent);2000;5
2016;Sonstige;Erdgas (CNG) (einschl. bivalent);2001;5
2016;Sonstige;Erdgas (CNG) (einschl. bivalent);2002;7
2016;Sonstige;Erdgas (CNG) (einschl. bivalent);2003;28
2016;Sonstige;Erdgas (CNG) (einschl. bivalent);2004;2
2016;Sonstige;Erdgas (CNG) (einschl. bivalent);2009;1
2016;Sonstige;Erdgas (CNG) (einschl. bivalent);2012;2
2016;Sonstige;Erdgas (CNG) (einschl. bivalent);2013;1
2016;Sonstige;Erdgas (CNG) (einschl. bivalent);2014;3
2016;Sonstige;Erdgas (CNG) (einschl. bivalent);2015;17
2016;Sonstige;Erdgas (CNG) (einschl. bivalent);2016;2
2017;Minis;Benzin;1990;189
2017;Minis;Benzin;1991;313
2017;Minis;Benzin;1992;568
2017;Minis;Benzin;1993;1180
2017;Minis;Benzin;1994;2076
2017;Minis;Benzin;1995;3213
2017;Minis;Benzin;1996;6178
2017;Minis;Benzin;1997;10329
2017;Minis;Benzin;1998;21014
2017;Minis;Benzin;1999;31337
2017;Minis;Benzin;2000;32711
2017;Minis;Benzin;2001;30616
2017;Minis;Benzin;2002;30528
2017;Minis;Benzin;2003;22313
2017;Minis;Benzin;2004;20614
2017;Minis;Benzin;2005;20570
2017;Minis;Benzin;2006;21848
2017;Minis;Benzin;2007;17490
2017;Minis;Benzin;2008;18670
2017;Minis;Benzin;2009;29735
2017;Minis;Benzin;2010;18207
2017;Minis;Benzin;2011;15022
2017;Minis;Benzin;2012;20478
2017;Minis;Benzin;2013;28188
2017;Minis;Benzin;2014;30667
2017;Minis;Benzin;2015;16430
2017;Minis;Benzin;2016;35749
2017;Minis;Benzin;2017;42910
2017;Minis;Diesel;1992;1
2017;Minis;Diesel;1993;13
2017;Minis;Diesel;1994;11
2017;Minis;Diesel;1995;6
2017;Minis;Diesel;1996;21
2017;Minis;Diesel;1997;26
2017;Minis;Diesel;1998;254
2017;Minis;Diesel;1999;1087
2017;Minis;Diesel;2000;2879
2017;Minis;Diesel;2001;2750
2017;Minis;Diesel;2002;2358
2017;Minis;Diesel;2003;1573
2017;Minis;Diesel;2004;1386
2017;Minis;Diesel;2005;1141
2017;Minis;Diesel;2006;1587
2017;Minis;Diesel;2007;1416
2017;Minis;Diesel;2008;1769
2017;Minis;Diesel;2009;1188
2017;Minis;Diesel;2010;925
2017;Minis;Diesel;2011;752
2017;Minis;Diesel;2012;514
2017;Minis;Diesel;2013;817
2017;Minis;Diesel;2014;330
2017;Minis;Diesel;2015;371
2017;Minis;Diesel;2016;936
2017;Minis;Diesel;2017;885
2017;Minis;Elektro (BEV);1991;1
2017;Minis;Elektro (BEV);1998;3
2017;Minis;Elektro (BEV);1999;2
2017;Minis;Elektro (BEV);2000;1
2017;Minis;Elektro (BEV);2001;3
2017;Minis;Elektro (BEV);2002;2
2017;Minis;Elektro (BEV);2009;2
2017;Minis;Elektro (BEV);2010;11
2017;Minis;Elektro (BEV);2011;83
2017;Minis;Elektro (BEV);2012;216
2017;Minis;Elektro (BEV);2013;561
2017;Minis;Elektro (BEV);2014;542
2017;Minis;Elektro (BEV);2015;202
2017;Minis;Elektro (BEV);2016;131
2017;Minis;Elektro (BEV);2017;231
2017;Minis;Hybrid;1997;1
2017;Minis;Hybrid;2005;1
2017;Minis;Hybrid;2013;1
2017;Minis;Sonstige;1999;1
2017;Minis;Sonstige;2003;1
2017;Minis;Sonstige;2006;1
2017;Minis;Sonstige;2007;1
2017;Minis;Sonstige;2012;1
2017;Minis;Flüssiggas (LPG) (einschl. bivalent);1992;1
2017;Minis;Flüssiggas (LPG) (einschl. bivalent);1993;2
2017;Minis;Flüssiggas (LPG) (einschl. bivalent);1995;4
2017;Minis;Flüssiggas (LPG) (einschl. bivalent);1996;6
2017;Minis;Flüssiggas (LPG) (einschl. bivalent);1997;14
2017;Minis;Flüssiggas (LPG) (einschl. bivalent);1998;34
2017;Minis;Flüssiggas (LPG) (einschl. bivalent);1999;63
2017;Minis;Flüssiggas (LPG) (einschl. bivalent);2000;75
2017;Minis;Flüssiggas (LPG) (einschl. bivalent);2001;80
2017;Minis;Flüssiggas (LPG) (einschl. bivalent);2002;94
2017;Minis;Flüssiggas (LPG) (einschl. bivalent);2003;104
2017;Minis;Flüssiggas (LPG) (einschl. bivalent);2004;143
2017;Minis;Flüssiggas (LPG) (einschl. bivalent);2005;193
2017;Minis;Flüssiggas (LPG) (einschl. bivalent);2006;295
2017;Minis;Flüssiggas (LPG) (einschl. bivalent);2007;239
2017;Minis;Flüssiggas (LPG) (einschl. bivalent);2008;378
2017;Minis;Flüssiggas (LPG) (einschl. bivalent);2009;293
2017;Minis;Flüssiggas (LPG) (einschl. bivalent);2010;137
2017;Minis;Flüssiggas (LPG) (einschl. bivalent);2011;108
2017;Minis;Flüssiggas (LPG) (einschl. bivalent);2012;130
2017;Minis;Flüssiggas (LPG) (einschl. bivalent);2013;53
2017;Minis;Flüssiggas (LPG) (einschl. bivalent);2014;125
2017;Minis;Flüssiggas (LPG) (einschl. bivalent);2015;53
2017;Minis;Flüssiggas (LPG) (einschl. bivalent);2016;56
2017;Minis;Flüssiggas (LPG) (einschl. bivalent);2017;45
2017;Minis;Erdgas (CNG) (einschl. bivalent);1997;1
2017;Minis;Erdgas (CNG) (einschl. bivalent);1998;4
2017;Minis;Erdgas (CNG) (einschl. bivalent);1999;3
2017;Minis;Erdgas (CNG) (einschl. bivalent);2000;7
2017;Minis;Erdgas (CNG) (einschl. bivalent);2001;11
2017;Minis;Erdgas (CNG) (einschl. bivalent);2002;8
2017;Minis;Erdgas (CNG) (einschl. bivalent);2003;8
2017;Minis;Erdgas (CNG) (einschl. bivalent);2004;7
2017;Minis;Erdgas (CNG) (einschl. bivalent);2005;6
2017;Minis;Erdgas (CNG) (einschl. bivalent);2006;10
2017;Minis;Erdgas (CNG) (einschl. bivalent);2007;113
2017;Minis;Erdgas (CNG) (einschl. bivalent);2008;157
2017;Minis;Erdgas (CNG) (einschl. bivalent);2009;62
2017;Minis;Erdgas (CNG) (einschl. bivalent);2010;29
2017;Minis;Erdgas (CNG) (einschl. bivalent);2011;23
2017;Minis;Erdgas (CNG) (einschl. bivalent);2012;20
2017;Minis;Erdgas (CNG) (einschl. bivalent);2013;635
2017;Minis;Erdgas (CNG) (einschl. bivalent);2014;540
2017;Minis;Erdgas (CNG) (einschl. bivalent);2015;124
2017;Minis;Erdgas (CNG) (einschl. bivalent);2016;97
2017;Minis;Erdgas (CNG) (einschl. bivalent);2017;19
2017;Kleinwagen;Benzin;1990;2169
2017;Kleinwagen;Benzin;1991;5039
2017;Kleinwagen;Benzin;1992;5636
2017;Kleinwagen;Benzin;1993;7037
2017;Kleinwagen;Benzin;1994;12450
2017;Kleinwagen;Benzin;1995;27915
2017;Kleinwagen;Benzin;1996;51735
2017;Kleinwagen;Benzin;1997;52524
2017;Kleinwagen;Benzin;1998;67931
2017;Kleinwagen;Benzin;1999;68229
2017;Kleinwagen;Benzin;2000;79255
2017;Kleinwagen;Benzin;2001;72073
2017;Kleinwagen;Benzin;2002;81503
2017;Kleinwagen;Benzin;2003;75120
2017;Kleinwagen;Benzin;2004;67747
2017;Kleinwagen;Benzin;2005;60394
2017;Kleinwagen;Benzin;2006;63662
2017;Kleinwagen;Benzin;2007;53641
2017;Kleinwagen;Benzin;2008;49022
2017;Kleinwagen;Benzin;2009;65711
2017;Kleinwagen;Benzin;2010;41452
2017;Kleinwagen;Benzin;2011;40387
2017;Kleinwagen;Benzin;2012;38614
2017;Kleinwagen;Benzin;2013;47072
2017;Kleinwagen;Benzin;2014;48537
2017;Kleinwagen;Benzin;2015;26659
2017;Kleinwagen;Benzin;2016;68509
2017;Kleinwagen;Benzin;2017;77879
2017;Kleinwagen;Diesel;1990;11
2017;Kleinwagen;Diesel;1991;55
2017;Kleinwagen;Diesel;1992;49
2017;Kleinwagen;Diesel;1993;36
2017;Kleinwagen;Diesel;1994;58
2017;Kleinwagen;Diesel;1995;38
2017;Kleinwagen;Diesel;1996;122
2017;Kleinwagen;Diesel;1997;236
2017;Kleinwagen;Diesel;1998;705
2017;Kleinwagen;Diesel;1999;783
2017;Kleinwagen;Diesel;2000;2639
2017;Kleinwagen;Diesel;2001;4064
2017;Kleinwagen;Diesel;2002;7326
2017;Kleinwagen;Diesel;2003;8613
2017;Kleinwagen;Diesel;2004;11877
2017;Kleinwagen;Diesel;2005;10272
2017;Kleinwagen;Diesel;2006;11878
2017;Kleinwagen;Diesel;2007;11932
2017;Kleinwagen;Diesel;2008;9815
2017;Kleinwagen;Diesel;2009;7663
2017;Kleinwagen;Diesel;2010;7529
2017;Kleinwagen;Diesel;2011;8606
2017;Kleinwagen;Diesel;2012;9032
2017;Kleinwagen;Diesel;2013;10163
2017;Kleinwagen;Diesel;2014;12437
2017;Kleinwagen;Diesel;2015;6252
2017;Kleinwagen;Diesel;2016;10768
2017;Kleinwagen;Diesel;2017;6402
2017;Kleinwagen;Elektro (BEV);1991;1
2017;Kleinwagen;Elektro (BEV);1994;1
2017;Kleinwagen;Elektro (BEV);1996;4
2017;Kleinwagen;Elektro (BEV);1997;2
2017;Kleinwagen;Elektro (BEV);1998;2
2017;Kleinwagen;Elektro (BEV);1999;5
2017;Kleinwagen;Elektro (BEV);2000;1
2017;Kleinwagen;Elektro (BEV);2001;3
2017;Kleinwagen;Elektro (BEV);2002;2
2017;Kleinwagen;Elektro (BEV);2004;1
2017;Kleinwagen;Elektro (BEV);2008;5
2017;Kleinwagen;Elektro (BEV);2009;1
2017;Kleinwagen;Elektro (BEV);2012;4
2017;Kleinwagen;Elektro (BEV);2013;253
2017;Kleinwagen;Elektro (BEV);2014;652
2017;Kleinwagen;Elektro (BEV);2015;377
2017;Kleinwagen;Elektro (BEV);2016;285
2017;Kleinwagen;Elektro (BEV);2017;183
2017;Kleinwagen;Hybrid;1995;1
2017;Kleinwagen;Hybrid;1997;1
2017;Kleinwagen;Hybrid;2000;1
2017;Kleinwagen;Hybrid;2004;1
2017;Kleinwagen;Hybrid;2005;1
2017;Kleinwagen;Hybrid;2006;1
2017;Kleinwagen;Hybrid;2011;61
2017;Kleinwagen;Hybrid;2012;617
2017;Kleinwagen;Hybrid;2013;784
2017;Kleinwagen;Hybrid;2014;1064
2017;Kleinwagen;Hybrid;2015;802
2017;Kleinwagen;Hybrid;2016;746
2017;Kleinwagen;Hybrid;2017;1862
2017;Kleinwagen;Sonstige;1995;2
2017;Kleinwagen;Sonstige;1997;2
2017;Kleinwagen;Sonstige;1998;1
2017;Kleinwagen;Sonstige;1999;1
2017;Kleinwagen;Sonstige;2000;1
2017;Kleinwagen;Sonstige;2003;4
2017;Kleinwagen;Sonstige;2004;2
2017;Kleinwagen;Sonstige;2005;5
2017;Kleinwagen;Sonstige;2006;1
2017;Kleinwagen;Sonstige;2007;7
2017;Kleinwagen;Sonstige;2008;1
2017;Kleinwagen;Sonstige;2011;1
2017;Kleinwagen;Sonstige;2012;3
2017;Kleinwagen;Sonstige;2013;1
2017;Kleinwagen;Sonstige;2014;1
2017;Kleinwagen;Flüssiggas (LPG) (einschl. bivalent);1990;5
2017;Kleinwagen;Flüssiggas (LPG) (einschl. bivalent);1991;5
2017;Kleinwagen;Flüssiggas (LPG) (einschl. bivalent);1992;10
2017;Kleinwagen;Flüssiggas (LPG) (einschl. bivalent);1993;11
2017;Kleinwagen;Flüssiggas (LPG) (einschl. bivalent);1994;23
2017;Kleinwagen;Flüssiggas (LPG) (einschl. bivalent);1995;59
2017;Kleinwagen;Flüssiggas (LPG) (einschl. bivalent);1996;106
2017;Kleinwagen;Flüssiggas (LPG) (einschl. bivalent);1997;132
2017;Kleinwagen;Flüssiggas (LPG) (einschl. bivalent);1998;193
2017;Kleinwagen;Flüssiggas (LPG) (einschl. bivalent);1999;193
2017;Kleinwagen;Flüssiggas (LPG) (einschl. bivalent);2000;252
2017;Kleinwagen;Flüssiggas (LPG) (einschl. bivalent);2001;322
2017;Kleinwagen;Flüssiggas (LPG) (einschl. bivalent);2002;489
2017;Kleinwagen;Flüssiggas (LPG) (einschl. bivalent);2003;589
2017;Kleinwagen;Flüssiggas (LPG) (einschl. bivalent);2004;684
2017;Kleinwagen;Flüssiggas (LPG) (einschl. bivalent);2005;853
2017;Kleinwagen;Flüssiggas (LPG) (einschl. bivalent);2006;1215
2017;Kleinwagen;Flüssiggas (LPG) (einschl. bivalent);2007;1241
2017;Kleinwagen;Flüssiggas (LPG) (einschl. bivalent);2008;1384
2017;Kleinwagen;Flüssiggas (LPG) (einschl. bivalent);2009;935
2017;Kleinwagen;Flüssiggas (LPG) (einschl. bivalent);2010;486
2017;Kleinwagen;Flüssiggas (LPG) (einschl. bivalent);2011;300
2017;Kleinwagen;Flüssiggas (LPG) (einschl. bivalent);2012;309
2017;Kleinwagen;Flüssiggas (LPG) (einschl. bivalent);2013;169
2017;Kleinwagen;Flüssiggas (LPG) (einschl. bivalent);2014;71
2017;Kleinwagen;Flüssiggas (LPG) (einschl. bivalent);2015;23
2017;Kleinwagen;Flüssiggas (LPG) (einschl. bivalent);2016;10
2017;Kleinwagen;Flüssiggas (LPG) (einschl. bivalent);2017;21
2017;Kleinwagen;Erdgas (CNG) (einschl. bivalent);1993;1
2017;Kleinwagen;Erdgas (CNG) (einschl. bivalent);1994;2
2017;Kleinwagen;Erdgas (CNG) (einschl. bivalent);1995;1
2017;Kleinwagen;Erdgas (CNG) (einschl. bivalent);1996;6
2017;Kleinwagen;Erdgas (CNG) (einschl. bivalent);1997;8
2017;Kleinwagen;Erdgas (CNG) (einschl. bivalent);1998;14
2017;Kleinwagen;Erdgas (CNG) (einschl. bivalent);1999;19
2017;Kleinwagen;Erdgas (CNG) (einschl. bivalent);2000;11
2017;Kleinwagen;Erdgas (CNG) (einschl. bivalent);2001;23
2017;Kleinwagen;Erdgas (CNG) (einschl. bivalent);2002;24
2017;Kleinwagen;Erdgas (CNG) (einschl. bivalent);2003;20
2017;Kleinwagen;Erdgas (CNG) (einschl. bivalent);2004;85
2017;Kleinwagen;Erdgas (CNG) (einschl. bivalent);2005;113
2017;Kleinwagen;Erdgas (CNG) (einschl. bivalent);2006;131
2017;Kleinwagen;Erdgas (CNG) (einschl. bivalent);2007;44
2017;Kleinwagen;Erdgas (CNG) (einschl. bivalent);2008;23
2017;Kleinwagen;Erdgas (CNG) (einschl. bivalent);2009;61
2017;Kleinwagen;Erdgas (CNG) (einschl. bivalent);2010;25
2017;Kleinwagen;Erdgas (CNG) (einschl. bivalent);2011;24
2017;Kleinwagen;Erdgas (CNG) (einschl. bivalent);2012;35
2017;Kleinwagen;Erdgas (CNG) (einschl. bivalent);2013;8
2017;Kleinwagen;Erdgas (CNG) (einschl. bivalent);2014;3
2017;Kleinwagen;Erdgas (CNG) (einschl. bivalent);2015;2
2017;Kleinwagen;Erdgas (CNG) (einschl. bivalent);2016;3
2017;Kleinwagen;Erdgas (CNG) (einschl. bivalent);2017;5
2017;Kompaktklasse;Benzin;1990;7800
2017;Kompaktklasse;Benzin;1991;9835
2017;Kompaktklasse;Benzin;1992;12445
2017;Kompaktklasse;Benzin;1993;14758
2017;Kompaktklasse;Benzin;1994;24038
2017;Kompaktklasse;Benzin;1995;29155
2017;Kompaktklasse;Benzin;1996;44482
2017;Kompaktklasse;Benzin;1997;49435
2017;Kompaktklasse;Benzin;1998;92550
2017;Kompaktklasse;Benzin;1999;101295
2017;Kompaktklasse;Benzin;2000;87758
2017;Kompaktklasse;Benzin;2001;67353
2017;Kompaktklasse;Benzin;2002;68644
2017;Kompaktklasse;Benzin;2003;53636
2017;Kompaktklasse;Benzin;2004;59005
2017;Kompaktklasse;Benzin;2005;58769
2017;Kompaktklasse;Benzin;2006;52395
2017;Kompaktklasse;Benzin;2007;41351
2017;Kompaktklasse;Benzin;2008;44857
2017;Kompaktklasse;Benzin;2009;60162
2017;Kompaktklasse;Benzin;2010;44021
2017;Kompaktklasse;Benzin;2011;38776
2017;Kompaktklasse;Benzin;2012;36790
2017;Kompaktklasse;Benzin;2013;53787
2017;Kompaktklasse;Benzin;2014;55640
2017;Kompaktklasse;Benzin;2015;28994
2017;Kompaktklasse;Benzin;2016;114256
2017;Kompaktklasse;Benzin;2017;93466
2017;Kompaktklasse;Diesel;1990;272
2017;Kompaktklasse;Diesel;1991;432
2017;Kompaktklasse;Diesel;1992;364
2017;Kompaktklasse;Diesel;1993;330
2017;Kompaktklasse;Diesel;1994;643
2017;Kompaktklasse;Diesel;1995;788
2017;Kompaktklasse;Diesel;1996;1550
2017;Kompaktklasse;Diesel;1997;1877
2017;Kompaktklasse;Diesel;1998;6107
2017;Kompaktklasse;Diesel;1999;11958
2017;Kompaktklasse;Diesel;2000;19657
2017;Kompaktklasse;Diesel;2001;18769
2017;Kompaktklasse;Diesel;2002;26713
2017;Kompaktklasse;Diesel;2003;26364
2017;Kompaktklasse;Diesel;2004;34806
2017;Kompaktklasse;Diesel;2005;37684
2017;Kompaktklasse;Diesel;2006;42478
2017;Kompaktklasse;Diesel;2007;43280
2017;Kompaktklasse;Diesel;2008;38944
2017;Kompaktklasse;Diesel;2009;28267
2017;Kompaktklasse;Diesel;2010;27905
2017;Kompaktklasse;Diesel;2011;32050
2017;Kompaktklasse;Diesel;2012;35533
2017;Kompaktklasse;Diesel;2013;52022
2017;Kompaktklasse;Diesel;2014;76801
2017;Kompaktklasse;Diesel;2015;30383
2017;Kompaktklasse;Diesel;2016;87789
2017;Kompaktklasse;Diesel;2017;50635
2017;Kompaktklasse;Elektro (BEV);1991;1
2017;Kompaktklasse;Elektro (BEV);1999;1
2017;Kompaktklasse;Elektro (BEV);2004;1
2017;Kompaktklasse;Elektro (BEV);2010;1
2017;Kompaktklasse;Elektro (BEV);2011;30
2017;Kompaktklasse;Elektro (BEV);2012;70
2017;Kompaktklasse;Elektro (BEV);2013;126
2017;Kompaktklasse;Elektro (BEV);2014;256
2017;Kompaktklasse;Elektro (BEV);2015;278
2017;Kompaktklasse;Elektro (BEV);2016;443
2017;Kompaktklasse;Elektro (BEV);2017;675
2017;Kompaktklasse;Hybrid;1995;1
2017;Kompaktklasse;Hybrid;1997;2
2017;Kompaktklasse;Hybrid;1999;1
2017;Kompaktklasse;Hybrid;2001;2
2017;Kompaktklasse;Hybrid;2003;25
2017;Kompaktklasse;Hybrid;2004;137
2017;Kompaktklasse;Hybrid;2005;255
2017;Kompaktklasse;Hybrid;2006;330
2017;Kompaktklasse;Hybrid;2007;497
2017;Kompaktklasse;Hybrid;2008;392
2017;Kompaktklasse;Hybrid;2009;520
2017;Kompaktklasse;Hybrid;2010;583
2017;Kompaktklasse;Hybrid;2011;784
2017;Kompaktklasse;Hybrid;2012;952
2017;Kompaktklasse;Hybrid;2013;1513
2017;Kompaktklasse;Hybrid;2014;1348
2017;Kompaktklasse;Hybrid;2015;1184
2017;Kompaktklasse;Hybrid;2016;2783
2017;Kompaktklasse;Hybrid;2017;1875
2017;Kompaktklasse;Sonstige;1990;1
2017;Kompaktklasse;Sonstige;1991;1
2017;Kompaktklasse;Sonstige;1992;1
2017;Kompaktklasse;Sonstige;1993;1
2017;Kompaktklasse;Sonstige;1994;1
2017;Kompaktklasse;Sonstige;1996;1
2017;Kompaktklasse;Sonstige;1997;2
2017;Kompaktklasse;Sonstige;1998;4
2017;Kompaktklasse;Sonstige;1999;1
2017;Kompaktklasse;Sonstige;2000;1
2017;Kompaktklasse;Sonstige;2001;1
2017;Kompaktklasse;Sonstige;2004;5
2017;Kompaktklasse;Sonstige;2005;3
2017;Kompaktklasse;Sonstige;2006;1
2017;Kompaktklasse;Sonstige;2007;3
2017;Kompaktklasse;Sonstige;2008;4
2017;Kompaktklasse;Sonstige;2009;65
2017;Kompaktklasse;Sonstige;2010;43
2017;Kompaktklasse;Sonstige;2011;101
2017;Kompaktklasse;Sonstige;2012;148
2017;Kompaktklasse;Sonstige;2013;11
2017;Kompaktklasse;Sonstige;2014;10
2017;Kompaktklasse;Sonstige;2015;5
2017;Kompaktklasse;Sonstige;2016;1
2017;Kompaktklasse;Sonstige;2017;3
2017;Kompaktklasse;Flüssiggas (LPG) (einschl. bivalent);1990;36
2017;Kompaktklasse;Flüssiggas (LPG) (einschl. bivalent);1991;48
2017;Kompaktklasse;Flüssiggas (LPG) (einschl. bivalent);1992;60
2017;Kompaktklasse;Flüssiggas (LPG) (einschl. bivalent);1993;87
2017;Kompaktklasse;Flüssiggas (LPG) (einschl. bivalent);1994;134
2017;Kompaktklasse;Flüssiggas (LPG) (einschl. bivalent);1995;163
2017;Kompaktklasse;Flüssiggas (LPG) (einschl. bivalent);1996;248
2017;Kompaktklasse;Flüssiggas (LPG) (einschl. bivalent);1997;422
2017;Kompaktklasse;Flüssiggas (LPG) (einschl. bivalent);1998;829
2017;Kompaktklasse;Flüssiggas (LPG) (einschl. bivalent);1999;1103
2017;Kompaktklasse;Flüssiggas (LPG) (einschl. bivalent);2000;1092
2017;Kompaktklasse;Flüssiggas (LPG) (einschl. bivalent);2001;890
2017;Kompaktklasse;Flüssiggas (LPG) (einschl. bivalent);2002;1099
2017;Kompaktklasse;Flüssiggas (LPG) (einschl. bivalent);2003;1109
2017;Kompaktklasse;Flüssiggas (LPG) (einschl. bivalent);2004;1363
2017;Kompaktklasse;Flüssiggas (LPG) (einschl. bivalent);2005;1619
2017;Kompaktklasse;Flüssiggas (LPG) (einschl. bivalent);2006;1800
2017;Kompaktklasse;Flüssiggas (LPG) (einschl. bivalent);2007;1561
2017;Kompaktklasse;Flüssiggas (LPG) (einschl. bivalent);2008;2093
2017;Kompaktklasse;Flüssiggas (LPG) (einschl. bivalent);2009;1287
2017;Kompaktklasse;Flüssiggas (LPG) (einschl. bivalent);2010;868
2017;Kompaktklasse;Flüssiggas (LPG) (einschl. bivalent);2011;438
2017;Kompaktklasse;Flüssiggas (LPG) (einschl. bivalent);2012;613
2017;Kompaktklasse;Flüssiggas (LPG) (einschl. bivalent);2013;295
2017;Kompaktklasse;Flüssiggas (LPG) (einschl. bivalent);2014;161
2017;Kompaktklasse;Flüssiggas (LPG) (einschl. bivalent);2015;81
2017;Kompaktklasse;Flüssiggas (LPG) (einschl. bivalent);2016;36
2017;Kompaktklasse;Flüssiggas (LPG) (einschl. bivalent);2017;26
2017;Kompaktklasse;Erdgas (CNG) (einschl. bivalent);1990;1
2017;Kompaktklasse;Erdgas (CNG) (einschl. bivalent);1992;1
2017;Kompaktklasse;Erdgas (CNG) (einschl. bivalent);1994;7
2017;Kompaktklasse;Erdgas (CNG) (einschl. bivalent);1996;3
2017;Kompaktklasse;Erdgas (CNG) (einschl. bivalent);1997;9
2017;Kompaktklasse;Erdgas (CNG) (einschl. bivalent);1998;20
2017;Kompaktklasse;Erdgas (CNG) (einschl. bivalent);1999;22
2017;Kompaktklasse;Erdgas (CNG) (einschl. bivalent);2000;37
2017;Kompaktklasse;Erdgas (CNG) (einschl. bivalent);2001;19
2017;Kompaktklasse;Erdgas (CNG) (einschl. bivalent);2002;18
2017;Kompaktklasse;Erdgas (CNG) (einschl. bivalent);2003;157
2017;Kompaktklasse;Erdgas (CNG) (einschl. bivalent);2004;265
2017;Kompaktklasse;Erdgas (CNG) (einschl. bivalent);2005;126
2017;Kompaktklasse;Erdgas (CNG) (einschl. bivalent);2006;33
2017;Kompaktklasse;Erdgas (CNG) (einschl. bivalent);2007;8
2017;Kompaktklasse;Erdgas (CNG) (einschl. bivalent);2008;16
2017;Kompaktklasse;Erdgas (CNG) (einschl. bivalent);2009;11
2017;Kompaktklasse;Erdgas (CNG) (einschl. bivalent);2010;1
2017;Kompaktklasse;Erdgas (CNG) (einschl. bivalent);2011;1
2017;Kompaktklasse;Erdgas (CNG) (einschl. bivalent);2013;8
2017;Kompaktklasse;Erdgas (CNG) (einschl. bivalent);2014;257
2017;Kompaktklasse;Erdgas (CNG) (einschl. bivalent);2015;123
2017;Kompaktklasse;Erdgas (CNG) (einschl. bivalent);2016;200
2017;Kompaktklasse;Erdgas (CNG) (einschl. bivalent);2017;44
2017;Mittelklasse;Benzin;1990;7898
2017;Mittelklasse;Benzin;1991;11182
2017;Mittelklasse;Benzin;1992;14656
2017;Mittelklasse;Benzin;1993;13904
2017;Mittelklasse;Benzin;1994;24696
2017;Mittelklasse;Benzin;1995;31160
2017;Mittelklasse;Benzin;1996;45535
2017;Mittelklasse;Benzin;1997;52638
2017;Mittelklasse;Benzin;1998;67512
2017;Mittelklasse;Benzin;1999;56654
2017;Mittelklasse;Benzin;2000;52245
2017;Mittelklasse;Benzin;2001;52411
2017;Mittelklasse;Benzin;2002;49405
2017;Mittelklasse;Benzin;2003;39783
2017;Mittelklasse;Benzin;2004;30347
2017;Mittelklasse;Benzin;2005;24844
2017;Mittelklasse;Benzin;2006;22202
2017;Mittelklasse;Benzin;2007;15572
2017;Mittelklasse;Benzin;2008;19089
2017;Mittelklasse;Benzin;2009;20015
2017;Mittelklasse;Benzin;2010;14674
2017;Mittelklasse;Benzin;2011;12804
2017;Mittelklasse;Benzin;2012;11385
2017;Mittelklasse;Benzin;2013;11813
2017;Mittelklasse;Benzin;2014;14722
2017;Mittelklasse;Benzin;2015;9544
2017;Mittelklasse;Benzin;2016;39705
2017;Mittelklasse;Benzin;2017;26353
2017;Mittelklasse;Diesel;1990;447
2017;Mittelklasse;Diesel;1991;597
2017;Mittelklasse;Diesel;1992;814
2017;Mittelklasse;Diesel;1993;692
2017;Mittelklasse;Diesel;1994;1386
2017;Mittelklasse;Diesel;1995;1510
2017;Mittelklasse;Diesel;1996;2947
2017;Mittelklasse;Diesel;1997;3655
2017;Mittelklasse;Diesel;1998;6946
2017;Mittelklasse;Diesel;1999;10528
2017;Mittelklasse;Diesel;2000;16321
2017;Mittelklasse;Diesel;2001;22852
2017;Mittelklasse;Diesel;2002;31892
2017;Mittelklasse;Diesel;2003;33862
2017;Mittelklasse;Diesel;2004;38042
2017;Mittelklasse;Diesel;2005;37529
2017;Mittelklasse;Diesel;2006;45087
2017;Mittelklasse;Diesel;2007;43059
2017;Mittelklasse;Diesel;2008;39019
2017;Mittelklasse;Diesel;2009;28702
2017;Mittelklasse;Diesel;2010;27451
2017;Mittelklasse;Diesel;2011;31855
2017;Mittelklasse;Diesel;2012;37972
2017;Mittelklasse;Diesel;2013;54146
2017;Mittelklasse;Diesel;2014;89812
2017;Mittelklasse;Diesel;2015;35512
2017;Mittelklasse;Diesel;2016;72708
2017;Mittelklasse;Diesel;2017;40494
2017;Mittelklasse;Hybrid;1992;1
2017;Mittelklasse;Hybrid;1995;1
2017;Mittelklasse;Hybrid;1996;2
2017;Mittelklasse;Hybrid;1997;1
2017;Mittelklasse;Hybrid;1999;1
2017;Mittelklasse;Hybrid;2004;1
2017;Mittelklasse;Hybrid;2006;2
2017;Mittelklasse;Hybrid;2009;1
2017;Mittelklasse;Hybrid;2011;1
2017;Mittelklasse;Hybrid;2012;494
2017;Mittelklasse;Hybrid;2013;1096
2017;Mittelklasse;Hybrid;2014;403
2017;Mittelklasse;Hybrid;2015;311
2017;Mittelklasse;Hybrid;2016;1028
2017;Mittelklasse;Hybrid;2017;862
2017;Mittelklasse;Sonstige;1990;2
2017;Mittelklasse;Sonstige;1992;1
2017;Mittelklasse;Sonstige;1995;1
2017;Mittelklasse;Sonstige;1996;1
2017;Mittelklasse;Sonstige;1997;2
2017;Mittelklasse;Sonstige;1998;2
2017;Mittelklasse;Sonstige;1999;1
2017;Mittelklasse;Sonstige;2000;1
2017;Mittelklasse;Sonstige;2001;4
2017;Mittelklasse;Sonstige;2003;5
2017;Mittelklasse;Sonstige;2004;6
2017;Mittelklasse;Sonstige;2005;5
2017;Mittelklasse;Sonstige;2007;1
2017;Mittelklasse;Sonstige;2008;1
2017;Mittelklasse;Sonstige;2009;24
2017;Mittelklasse;Sonstige;2010;94
2017;Mittelklasse;Sonstige;2011;104
2017;Mittelklasse;Sonstige;2012;67
2017;Mittelklasse;Sonstige;2013;19
2017;Mittelklasse;Sonstige;2014;22
2017;Mittelklasse;Sonstige;2015;17
2017;Mittelklasse;Flüssiggas (LPG) (einschl. bivalent);1990;63
2017;Mittelklasse;Flüssiggas (LPG) (einschl. bivalent);1991;119
2017;Mittelklasse;Flüssiggas (LPG) (einschl. bivalent);1992;178
2017;Mittelklasse;Flüssiggas (LPG) (einschl. bivalent);1993;232
2017;Mittelklasse;Flüssiggas (LPG) (einschl. bivalent);1994;399
2017;Mittelklasse;Flüssiggas (LPG) (einschl. bivalent);1995;502
2017;Mittelklasse;Flüssiggas (LPG) (einschl. bivalent);1996;772
2017;Mittelklasse;Flüssiggas (LPG) (einschl. bivalent);1997;1236
2017;Mittelklasse;Flüssiggas (LPG) (einschl. bivalent);1998;1695
2017;Mittelklasse;Flüssiggas (LPG) (einschl. bivalent);1999;1500
2017;Mittelklasse;Flüssiggas (LPG) (einschl. bivalent);2000;1539
2017;Mittelklasse;Flüssiggas (LPG) (einschl. bivalent);2001;2010
2017;Mittelklasse;Flüssiggas (LPG) (einschl. bivalent);2002;1949
2017;Mittelklasse;Flüssiggas (LPG) (einschl. bivalent);2003;1644
2017;Mittelklasse;Flüssiggas (LPG) (einschl. bivalent);2004;1283
2017;Mittelklasse;Flüssiggas (LPG) (einschl. bivalent);2005;1028
2017;Mittelklasse;Flüssiggas (LPG) (einschl. bivalent);2006;873
2017;Mittelklasse;Flüssiggas (LPG) (einschl. bivalent);2007;612
2017;Mittelklasse;Flüssiggas (LPG) (einschl. bivalent);2008;477
2017;Mittelklasse;Flüssiggas (LPG) (einschl. bivalent);2009;263
2017;Mittelklasse;Flüssiggas (LPG) (einschl. bivalent);2010;129
2017;Mittelklasse;Flüssiggas (LPG) (einschl. bivalent);2011;60
2017;Mittelklasse;Flüssiggas (LPG) (einschl. bivalent);2012;77
2017;Mittelklasse;Flüssiggas (LPG) (einschl. bivalent);2013;34
2017;Mittelklasse;Flüssiggas (LPG) (einschl. bivalent);2014;10
2017;Mittelklasse;Flüssiggas (LPG) (einschl. bivalent);2015;1
2017;Mittelklasse;Flüssiggas (LPG) (einschl. bivalent);2016;2
2017;Mittelklasse;Erdgas (CNG) (einschl. bivalent);1991;1
2017;Mittelklasse;Erdgas (CNG) (einschl. bivalent);1993;1
2017;Mittelklasse;Erdgas (CNG) (einschl. bivalent);1995;3
2017;Mittelklasse;Erdgas (CNG) (einschl. bivalent);1996;21
2017;Mittelklasse;Erdgas (CNG) (einschl. bivalent);1997;8
2017;Mittelklasse;Erdgas (CNG) (einschl. bivalent);1998;26
2017;Mittelklasse;Erdgas (CNG) (einschl. bivalent);1999;27
2017;Mittelklasse;Erdgas (CNG) (einschl. bivalent);2000;25
2017;Mittelklasse;Erdgas (CNG) (einschl. bivalent);2001;14
2017;Mittelklasse;Erdgas (CNG) (einschl. bivalent);2002;21
2017;Mittelklasse;Erdgas (CNG) (einschl. bivalent);2003;7
2017;Mittelklasse;Erdgas (CNG) (einschl. bivalent);2004;11
2017;Mittelklasse;Erdgas (CNG) (einschl. bivalent);2005;16
2017;Mittelklasse;Erdgas (CNG) (einschl. bivalent);2006;10
2017;Mittelklasse;Erdgas (CNG) (einschl. bivalent);2007;6
2017;Mittelklasse;Erdgas (CNG) (einschl. bivalent);2008;1
2017;Mittelklasse;Erdgas (CNG) (einschl. bivalent);2009;133
2017;Mittelklasse;Erdgas (CNG) (einschl. bivalent);2010;63
2017;Mittelklasse;Erdgas (CNG) (einschl. bivalent);2011;70
2017;Mittelklasse;Erdgas (CNG) (einschl. bivalent);2012;108
2017;Mittelklasse;Erdgas (CNG) (einschl. bivalent);2013;163
2017;Mittelklasse;Erdgas (CNG) (einschl. bivalent);2014;111
2017;Mittelklasse;Erdgas (CNG) (einschl. bivalent);2015;6
2017;Mittelklasse;Erdgas (CNG) (einschl. bivalent);2016;23
2017;Mittelklasse;Erdgas (CNG) (einschl. bivalent);2017;16
2017;Obere Mittelklasse;Benzin;1990;2517
2017;Obere Mittelklasse;Benzin;1991;3108
2017;Obere Mittelklasse;Benzin;1992;4006
2017;Obere Mittelklasse;Benzin;1993;3944
2017;Obere Mittelklasse;Benzin;1994;5120
2017;Obere Mittelklasse;Benzin;1995;7055
2017;Obere Mittelklasse;Benzin;1996;12185
2017;Obere Mittelklasse;Benzin;1997;14076
2017;Obere Mittelklasse;Benzin;1998;17152
2017;Obere Mittelklasse;Benzin;1999;14324
2017;Obere Mittelklasse;Benzin;2000;12666
2017;Obere Mittelklasse;Benzin;2001;8472
2017;Obere Mittelklasse;Benzin;2002;7122
2017;Obere Mittelklasse;Benzin;2003;6333
2017;Obere Mittelklasse;Benzin;2004;6156
2017;Obere Mittelklasse;Benzin;2005;5003
2017;Obere Mittelklasse;Benzin;2006;3873
2017;Obere Mittelklasse;Benzin;2007;3177
2017;Obere Mittelklasse;Benzin;2008;2563
2017;Obere Mittelklasse;Benzin;2009;1995
2017;Obere Mittelklasse;Benzin;2010;2616
2017;Obere Mittelklasse;Benzin;2011;1914
2017;Obere Mittelklasse;Benzin;2012;1815
2017;Obere Mittelklasse;Benzin;2013;2601
2017;Obere Mittelklasse;Benzin;2014;2778
2017;Obere Mittelklasse;Benzin;2015;1158
2017;Obere Mittelklasse;Benzin;2016;5589
2017;Obere Mittelklasse;Benzin;2017;3592
2017;Obere Mittelklasse;Diesel;1990;526
2017;Obere Mittelklasse;Diesel;1991;853
2017;Obere Mittelklasse;Diesel;1992;1043
2017;Obere Mittelklasse;Diesel;1993;746
2017;Obere Mittelklasse;Diesel;1994;783
2017;Obere Mittelklasse;Diesel;1995;800
2017;Obere Mittelklasse;Diesel;1996;1563
2017;Obere Mittelklasse;Diesel;1997;1459
2017;Obere Mittelklasse;Diesel;1998;2951
2017;Obere Mittelklasse;Diesel;1999;5529
2017;Obere Mittelklasse;Diesel;2000;9764
2017;Obere Mittelklasse;Diesel;2001;9326
2017;Obere Mittelklasse;Diesel;2002;11320
2017;Obere Mittelklasse;Diesel;2003;13095
2017;Obere Mittelklasse;Diesel;2004;15169
2017;Obere Mittelklasse;Diesel;2005;15048
2017;Obere Mittelklasse;Diesel;2006;15452
2017;Obere Mittelklasse;Diesel;2007;14838
2017;Obere Mittelklasse;Diesel;2008;12133
2017;Obere Mittelklasse;Diesel;2009;9390
2017;Obere Mittelklasse;Diesel;2010;11141
2017;Obere Mittelklasse;Diesel;2011;13291
2017;Obere Mittelklasse;Diesel;2012;13762
2017;Obere Mittelklasse;Diesel;2013;22346
2017;Obere Mittelklasse;Diesel;2014;38249
2017;Obere Mittelklasse;Diesel;2015;10362
2017;Obere Mittelklasse;Diesel;2016;27079
2017;Obere Mittelklasse;Diesel;2017;16621
2017;Obere Mittelklasse;Elektro (BEV);1991;1
2017;Obere Mittelklasse;Hybrid;1996;1
2017;Obere Mittelklasse;Hybrid;1998;1
2017;Obere Mittelklasse;Hybrid;2006;20
2017;Obere Mittelklasse;Hybrid;2007;25
2017;Obere Mittelklasse;Hybrid;2008;30
2017;Obere Mittelklasse;Hybrid;2009;13
2017;Obere Mittelklasse;Hybrid;2010;9
2017;Obere Mittelklasse;Hybrid;2011;11
2017;Obere Mittelklasse;Hybrid;2012;168
2017;Obere Mittelklasse;Hybrid;2013;400
2017;Obere Mittelklasse;Hybrid;2014;353
2017;Obere Mittelklasse;Hybrid;2015;146
2017;Obere Mittelklasse;Hybrid;2016;224
2017;Obere Mittelklasse;Hybrid;2017;346
2017;Obere Mittelklasse;Sonstige;1994;1
2017;Obere Mittelklasse;Sonstige;1995;1
2017;Obere Mittelklasse;Sonstige;1996;1
2017;Obere Mittelklasse;Sonstige;1998;1
2017;Obere Mittelklasse;Sonstige;2004;1
2017;Obere Mittelklasse;Sonstige;2009;6
2017;Obere Mittelklasse;Sonstige;2010;19
2017;Obere Mittelklasse;Sonstige;2011;13
2017;Obere Mittelklasse;Sonstige;2012;3
2017;Obere Mittelklasse;Sonstige;2013;2
2017;Obere Mittelklasse;Sonstige;2014;1
2017;Obere Mittelklasse;Flüssiggas (LPG) (einschl. bivalent);1990;81
2017;Obere Mittelklasse;Flüssiggas (LPG) (einschl. bivalent);1991;121
2017;Obere Mittelklasse;Flüssiggas (LPG) (einschl. bivalent);1992;179
2017;Obere Mittelklasse;Flüssiggas (LPG) (einschl. bivalent);1993;204
2017;Obere Mittelklasse;Flüssiggas (LPG) (einschl. bivalent);1994;230
2017;Obere Mittelklasse;Flüssiggas (LPG) (einschl. bivalent);1995;398
2017;Obere Mittelklasse;Flüssiggas (LPG) (einschl. bivalent);1996;728
2017;Obere Mittelklasse;Flüssiggas (LPG) (einschl. bivalent);1997;1017
2017;Obere Mittelklasse;Flüssiggas (LPG) (einschl. bivalent);1998;1258
2017;Obere Mittelklasse;Flüssiggas (LPG) (einschl. bivalent);1999;1225
2017;Obere Mittelklasse;Flüssiggas (LPG) (einschl. bivalent);2000;1186
2017;Obere Mittelklasse;Flüssiggas (LPG) (einschl. bivalent);2001;889
2017;Obere Mittelklasse;Flüssiggas (LPG) (einschl. bivalent);2002;875
2017;Obere Mittelklasse;Flüssiggas (LPG) (einschl. bivalent);2003;754
2017;Obere Mittelklasse;Flüssiggas (LPG) (einschl. bivalent);2004;696
2017;Obere Mittelklasse;Flüssiggas (LPG) (einschl. bivalent);2005;505
2017;Obere Mittelklasse;Flüssiggas (LPG) (einschl. bivalent);2006;358
2017;Obere Mittelklasse;Flüssiggas (LPG) (einschl. bivalent);2007;190
2017;Obere Mittelklasse;Flüssiggas (LPG) (einschl. bivalent);2008;80
2017;Obere Mittelklasse;Flüssiggas (LPG) (einschl. bivalent);2009;26
2017;Obere Mittelklasse;Flüssiggas (LPG) (einschl. bivalent);2010;26
2017;Obere Mittelklasse;Flüssiggas (LPG) (einschl. bivalent);2011;4
2017;Obere Mittelklasse;Flüssiggas (LPG) (einschl. bivalent);2012;1
2017;Obere Mittelklasse;Erdgas (CNG) (einschl. bivalent);1993;2
2017;Obere Mittelklasse;Erdgas (CNG) (einschl. bivalent);1994;2
2017;Obere Mittelklasse;Erdgas (CNG) (einschl. bivalent);1995;1
2017;Obere Mittelklasse;Erdgas (CNG) (einschl. bivalent);1996;15
2017;Obere Mittelklasse;Erdgas (CNG) (einschl. bivalent);1997;9
2017;Obere Mittelklasse;Erdgas (CNG) (einschl. bivalent);1998;10
2017;Obere Mittelklasse;Erdgas (CNG) (einschl. bivalent);1999;12
2017;Obere Mittelklasse;Erdgas (CNG) (einschl. bivalent);2000;27
2017;Obere Mittelklasse;Erdgas (CNG) (einschl. bivalent);2001;20
2017;Obere Mittelklasse;Erdgas (CNG) (einschl. bivalent);2002;64
2017;Obere Mittelklasse;Erdgas (CNG) (einschl. bivalent);2003;3
2017;Obere Mittelklasse;Erdgas (CNG) (einschl. bivalent);2004;48
2017;Obere Mittelklasse;Erdgas (CNG) (einschl. bivalent);2005;69
2017;Obere Mittelklasse;Erdgas (CNG) (einschl. bivalent);2006;64
2017;Obere Mittelklasse;Erdgas (CNG) (einschl. bivalent);2007;31
2017;Obere Mittelklasse;Erdgas (CNG) (einschl. bivalent);2008;30
2017;Obere Mittelklasse;Erdgas (CNG) (einschl. bivalent);2009;14
2017;Obere Mittelklasse;Erdgas (CNG) (einschl. bivalent);2010;7
2017;Obere Mittelklasse;Erdgas (CNG) (einschl. bivalent);2011;44
2017;Obere Mittelklasse;Erdgas (CNG) (einschl. bivalent);2012;54
2017;Obere Mittelklasse;Erdgas (CNG) (einschl. bivalent);2013;19
2017;Obere Mittelklasse;Erdgas (CNG) (einschl. bivalent);2014;58
2017;Obere Mittelklasse;Erdgas (CNG) (einschl. bivalent);2015;6
2017;Oberklasse;Benzin;1990;247
2017;Oberklasse;Benzin;1991;464
2017;Oberklasse;Benzin;1992;594
2017;Oberklasse;Benzin;1993;481
2017;Oberklasse;Benzin;1994;710
2017;Oberklasse;Benzin;1995;1324
2017;Oberklasse;Benzin;1996;1224
2017;Oberklasse;Benzin;1997;1215
2017;Oberklasse;Benzin;1998;1349
2017;Oberklasse;Benzin;1999;1980
2017;Oberklasse;Benzin;2000;1430
2017;Oberklasse;Benzin;2001;1078
2017;Oberklasse;Benzin;2002;1153
2017;Oberklasse;Benzin;2003;1357
2017;Oberklasse;Benzin;2004;1595
2017;Oberklasse;Benzin;2005;1867
2017;Oberklasse;Benzin;2006;1760
2017;Oberklasse;Benzin;2007;1547
2017;Oberklasse;Benzin;2008;1184
2017;Oberklasse;Benzin;2009;1045
2017;Oberklasse;Benzin;2010;1056
2017;Oberklasse;Benzin;2011;1444
2017;Oberklasse;Benzin;2012;1236
2017;Oberklasse;Benzin;2013;1447
2017;Oberklasse;Benzin;2014;2341
2017;Oberklasse;Benzin;2015;1555
2017;Oberklasse;Benzin;2016;3105
2017;Oberklasse;Benzin;2017;2284
2017;Oberklasse;Diesel;1993;14
2017;Oberklasse;Diesel;1994;24
2017;Oberklasse;Diesel;1995;20
2017;Oberklasse;Diesel;1996;46
2017;Oberklasse;Diesel;1997;57
2017;Oberklasse;Diesel;1998;105
2017;Oberklasse;Diesel;1999;134
2017;Oberklasse;Diesel;2000;489
2017;Oberklasse;Diesel;2001;662
2017;Oberklasse;Diesel;2002;462
2017;Oberklasse;Diesel;2003;653
2017;Oberklasse;Diesel;2004;1241
2017;Oberklasse;Diesel;2005;1349
2017;Oberklasse;Diesel;2006;1939
2017;Oberklasse;Diesel;2007;1973
2017;Oberklasse;Diesel;2008;1874
2017;Oberklasse;Diesel;2009;1477
2017;Oberklasse;Diesel;2010;1581
2017;Oberklasse;Diesel;2011;2648
2017;Oberklasse;Diesel;2012;2926
2017;Oberklasse;Diesel;2013;3500
2017;Oberklasse;Diesel;2014;4888
2017;Oberklasse;Diesel;2015;2481
2017;Oberklasse;Diesel;2016;5198
2017;Oberklasse;Diesel;2017;3189
2017;Oberklasse;Elektro (BEV);1998;1
2017;Oberklasse;Elektro (BEV);2012;1
2017;Oberklasse;Elektro (BEV);2013;40
2017;Oberklasse;Elektro (BEV);2014;194
2017;Oberklasse;Elektro (BEV);2015;178
2017;Oberklasse;Elektro (BEV);2016;106
2017;Oberklasse;Elektro (BEV);2017;171
2017;Oberklasse;Hybrid;2007;9
2017;Oberklasse;Hybrid;2008;9
2017;Oberklasse;Hybrid;2009;48
2017;Oberklasse;Hybrid;2010;66
2017;Oberklasse;Hybrid;2011;39
2017;Oberklasse;Hybrid;2012;27
2017;Oberklasse;Hybrid;2013;103
2017;Oberklasse;Hybrid;2014;120
2017;Oberklasse;Hybrid;2015;125
2017;Oberklasse;Hybrid;2016;397
2017;Oberklasse;Hybrid;2017;470
2017;Oberklasse;Sonstige;2000;1
2017;Oberklasse;Sonstige;2005;1
2017;Oberklasse;Sonstige;2009;3
2017;Oberklasse;Sonstige;2010;13
2017;Oberklasse;Sonstige;2011;14
2017;Oberklasse;Sonstige;2012;28
2017;Oberklasse;Sonstige;2013;6
2017;Oberklasse;Flüssiggas (LPG) (einschl. bivalent);1990;5
2017;Oberklasse;Flüssiggas (LPG) (einschl. bivalent);1991;29
2017;Oberklasse;Flüssiggas (LPG) (einschl. bivalent);1992;40
2017;Oberklasse;Flüssiggas (LPG) (einschl. bivalent);1993;28
2017;Oberklasse;Flüssiggas (LPG) (einschl. bivalent);1994;70
2017;Oberklasse;Flüssiggas (LPG) (einschl. bivalent);1995;150
2017;Oberklasse;Flüssiggas (LPG) (einschl. bivalent);1996;185
2017;Oberklasse;Flüssiggas (LPG) (einschl. bivalent);1997;165
2017;Oberklasse;Flüssiggas (LPG) (einschl. bivalent);1998;210
2017;Oberklasse;Flüssiggas (LPG) (einschl. bivalent);1999;359
2017;Oberklasse;Flüssiggas (LPG) (einschl. bivalent);2000;213
2017;Oberklasse;Flüssiggas (LPG) (einschl. bivalent);2001;167
2017;Oberklasse;Flüssiggas (LPG) (einschl. bivalent);2002;203
2017;Oberklasse;Flüssiggas (LPG) (einschl. bivalent);2003;275
2017;Oberklasse;Flüssiggas (LPG) (einschl. bivalent);2004;224
2017;Oberklasse;Flüssiggas (LPG) (einschl. bivalent);2005;197
2017;Oberklasse;Flüssiggas (LPG) (einschl. bivalent);2006;115
2017;Oberklasse;Flüssiggas (LPG) (einschl. bivalent);2007;55
2017;Oberklasse;Flüssiggas (LPG) (einschl. bivalent);2008;32
2017;Oberklasse;Flüssiggas (LPG) (einschl. bivalent);2009;12
2017;Oberklasse;Flüssiggas (LPG) (einschl. bivalent);2010;15
2017;Oberklasse;Flüssiggas (LPG) (einschl. bivalent);2012;3
2017;Oberklasse;Flüssiggas (LPG) (einschl. bivalent);2013;1
2017;Oberklasse;Erdgas (CNG) (einschl. bivalent);2001;1
2017;Oberklasse;Erdgas (CNG) (einschl. bivalent);2002;1
2017;Oberklasse;Erdgas (CNG) (einschl. bivalent);2005;1
2017;Oberklasse;Erdgas (CNG) (einschl. bivalent);2014;1
2017;SUVs;Benzin;1990;226
2017;SUVs;Benzin;1991;356
2017;SUVs;Benzin;1992;416
2017;SUVs;Benzin;1993;445
2017;SUVs;Benzin;1994;500
2017;SUVs;Benzin;1995;688
2017;SUVs;Benzin;1996;937
2017;SUVs;Benzin;1997;1054
2017;SUVs;Benzin;1998;1445
2017;SUVs;Benzin;1999;1355
2017;SUVs;Benzin;2000;1236
2017;SUVs;Benzin;2001;1445
2017;SUVs;Benzin;2002;1350
2017;SUVs;Benzin;2003;1474
2017;SUVs;Benzin;2004;1721
2017;SUVs;Benzin;2005;2247
2017;SUVs;Benzin;2006;2703
2017;SUVs;Benzin;2007;3422
2017;SUVs;Benzin;2008;3292
2017;SUVs;Benzin;2009;4059
2017;SUVs;Benzin;2010;6228
2017;SUVs;Benzin;2011;7028
2017;SUVs;Benzin;2012;8165
2017;SUVs;Benzin;2013;12515
2017;SUVs;Benzin;2014;14830
2017;SUVs;Benzin;2015;10127
2017;SUVs;Benzin;2016;28316
2017;SUVs;Benzin;2017;47026
2017;SUVs;Diesel;1991;1
2017;SUVs;Diesel;1992;2
2017;SUVs;Diesel;1993;9
2017;SUVs;Diesel;1994;6
2017;SUVs;Diesel;1995;10
2017;SUVs;Diesel;1996;9
2017;SUVs;Diesel;1997;17
2017;SUVs;Diesel;1998;37
2017;SUVs;Diesel;1999;57
2017;SUVs;Diesel;2000;53
2017;SUVs;Diesel;2001;73
2017;SUVs;Diesel;2002;364
2017;SUVs;Diesel;2003;401
2017;SUVs;Diesel;2004;549
2017;SUVs;Diesel;2005;1498
2017;SUVs;Diesel;2006;3437
2017;SUVs;Diesel;2007;5682
2017;SUVs;Diesel;2008;6129
2017;SUVs;Diesel;2009;6517
2017;SUVs;Diesel;2010;10621
2017;SUVs;Diesel;2011;14312
2017;SUVs;Diesel;2012;16384
2017;SUVs;Diesel;2013;21112
2017;SUVs;Diesel;2014;27692
2017;SUVs;Diesel;2015;13416
2017;SUVs;Diesel;2016;35650
2017;SUVs;Diesel;2017;31263
2017;SUVs;Elektro (BEV);2016;74
2017;SUVs;Elektro (BEV);2017;66
2017;SUVs;Hybrid;2003;1
2017;SUVs;Hybrid;2005;38
2017;SUVs;Hybrid;2006;71
2017;SUVs;Hybrid;2007;109
2017;SUVs;Hybrid;2008;92
2017;SUVs;Hybrid;2009;98
2017;SUVs;Hybrid;2010;87
2017;SUVs;Hybrid;2011;47
2017;SUVs;Hybrid;2012;77
2017;SUVs;Hybrid;2013;113
2017;SUVs;Hybrid;2014;192
2017;SUVs;Hybrid;2015;198
2017;SUVs;Hybrid;2016;1639
2017;SUVs;Hybrid;2017;4765
2017;SUVs;Sonstige;2010;1
2017;SUVs;Sonstige;2011;3
2017;SUVs;Sonstige;2012;10
2017;SUVs;Sonstige;2013;2
2017;SUVs;Sonstige;2015;7
2017;SUVs;Sonstige;2016;8
2017;SUVs;Sonstige;2017;2
2017;SUVs;Flüssiggas (LPG) (einschl. bivalent);1990;2
2017;SUVs;Flüssiggas (LPG) (einschl. bivalent);1991;2
2017;SUVs;Flüssiggas (LPG) (einschl. bivalent);1992;7
2017;SUVs;Flüssiggas (LPG) (einschl. bivalent);1993;10
2017;SUVs;Flüssiggas (LPG) (einschl. bivalent);1994;7
2017;SUVs;Flüssiggas (LPG) (einschl. bivalent);1995;28
2017;SUVs;Flüssiggas (LPG) (einschl. bivalent);1996;30
2017;SUVs;Flüssiggas (LPG) (einschl. bivalent);1997;42
2017;SUVs;Flüssiggas (LPG) (einschl. bivalent);1998;90
2017;SUVs;Flüssiggas (LPG) (einschl. bivalent);1999;111
2017;SUVs;Flüssiggas (LPG) (einschl. bivalent);2000;83
2017;SUVs;Flüssiggas (LPG) (einschl. bivalent);2001;130
2017;SUVs;Flüssiggas (LPG) (einschl. bivalent);2002;106
2017;SUVs;Flüssiggas (LPG) (einschl. bivalent);2003;128
2017;SUVs;Flüssiggas (LPG) (einschl. bivalent);2004;176
2017;SUVs;Flüssiggas (LPG) (einschl. bivalent);2005;380
2017;SUVs;Flüssiggas (LPG) (einschl. bivalent);2006;486
2017;SUVs;Flüssiggas (LPG) (einschl. bivalent);2007;565
2017;SUVs;Flüssiggas (LPG) (einschl. bivalent);2008;773
2017;SUVs;Flüssiggas (LPG) (einschl. bivalent);2009;481
2017;SUVs;Flüssiggas (LPG) (einschl. bivalent);2010;369
2017;SUVs;Flüssiggas (LPG) (einschl. bivalent);2011;251
2017;SUVs;Flüssiggas (LPG) (einschl. bivalent);2012;380
2017;SUVs;Flüssiggas (LPG) (einschl. bivalent);2013;194
2017;SUVs;Flüssiggas (LPG) (einschl. bivalent);2014;153
2017;SUVs;Flüssiggas (LPG) (einschl. bivalent);2015;57
2017;SUVs;Flüssiggas (LPG) (einschl. bivalent);2016;39
2017;SUVs;Flüssiggas (LPG) (einschl. bivalent);2017;25
2017;SUVs;Erdgas (CNG) (einschl. bivalent);1994;1
2017;SUVs;Erdgas (CNG) (einschl. bivalent);1999;1
2017;SUVs;Erdgas (CNG) (einschl. bivalent);2004;1
2017;SUVs;Erdgas (CNG) (einschl. bivalent);2005;1
2017;SUVs;Erdgas (CNG) (einschl. bivalent);2007;3
2017;SUVs;Erdgas (CNG) (einschl. bivalent);2008;3
2017;SUVs;Erdgas (CNG) (einschl. bivalent);2010;1
2017;SUVs;Erdgas (CNG) (einschl. bivalent);2012;10
2017;SUVs;Erdgas (CNG) (einschl. bivalent);2013;2
2017;Geländewagen;Benzin;1990;126
2017;Geländewagen;Benzin;1991;189
2017;Geländewagen;Benzin;1992;353
2017;Geländewagen;Benzin;1993;513
2017;Geländewagen;Benzin;1994;636
2017;Geländewagen;Benzin;1995;662
2017;Geländewagen;Benzin;1996;769
2017;Geländewagen;Benzin;1997;913
2017;Geländewagen;Benzin;1998;1790
2017;Geländewagen;Benzin;1999;2962
2017;Geländewagen;Benzin;2000;2750
2017;Geländewagen;Benzin;2001;2613
2017;Geländewagen;Benzin;2002;2769
2017;Geländewagen;Benzin;2003;3025
2017;Geländewagen;Benzin;2004;3371
2017;Geländewagen;Benzin;2005;3150
2017;Geländewagen;Benzin;2006;3073
2017;Geländewagen;Benzin;2007;2350
2017;Geländewagen;Benzin;2008;3118
2017;Geländewagen;Benzin;2009;3697
2017;Geländewagen;Benzin;2010;2854
2017;Geländewagen;Benzin;2011;2784
2017;Geländewagen;Benzin;2012;3858
2017;Geländewagen;Benzin;2013;5208
2017;Geländewagen;Benzin;2014;6069
2017;Geländewagen;Benzin;2015;4169
2017;Geländewagen;Benzin;2016;10652
2017;Geländewagen;Benzin;2017;12539
2017;Geländewagen;Diesel;1990;75
2017;Geländewagen;Diesel;1991;115
2017;Geländewagen;Diesel;1992;127
2017;Geländewagen;Diesel;1993;123
2017;Geländewagen;Diesel;1994;130
2017;Geländewagen;Diesel;1995;181
2017;Geländewagen;Diesel;1996;270
2017;Geländewagen;Diesel;1997;374
2017;Geländewagen;Diesel;1998;643
2017;Geländewagen;Diesel;1999;1015
2017;Geländewagen;Diesel;2000;1811
2017;Geländewagen;Diesel;2001;2619
2017;Geländewagen;Diesel;2002;4897
2017;Geländewagen;Diesel;2003;7048
2017;Geländewagen;Diesel;2004;9786
2017;Geländewagen;Diesel;2005;10750
2017;Geländewagen;Diesel;2006;14677
2017;Geländewagen;Diesel;2007;14748
2017;Geländewagen;Diesel;2008;15553
2017;Geländewagen;Diesel;2009;12874
2017;Geländewagen;Diesel;2010;12448
2017;Geländewagen;Diesel;2011;14489
2017;Geländewagen;Diesel;2012;20506
2017;Geländewagen;Diesel;2013;28906
2017;Geländewagen;Diesel;2014;42663
2017;Geländewagen;Diesel;2015;16576
2017;Geländewagen;Diesel;2016;44962
2017;Geländewagen;Diesel;2017;39916
2017;Geländewagen;Hybrid;1999;1
2017;Geländewagen;Hybrid;2003;1
2017;Geländewagen;Hybrid;2008;1
2017;Geländewagen;Hybrid;2009;3
2017;Geländewagen;Hybrid;2010;57
2017;Geländewagen;Hybrid;2011;75
2017;Geländewagen;Hybrid;2012;41
2017;Geländewagen;Hybrid;2013;28
2017;Geländewagen;Hybrid;2014;69
2017;Geländewagen;Hybrid;2015;181
2017;Geländewagen;Hybrid;2016;792
2017;Geländewagen;Hybrid;2017;634
2017;Geländewagen;Sonstige;2004;2
2017;Geländewagen;Sonstige;2008;1
2017;Geländewagen;Sonstige;2011;5
2017;Geländewagen;Sonstige;2012;10
2017;Geländewagen;Sonstige;2013;4
2017;Geländewagen;Sonstige;2014;6
2017;Geländewagen;Sonstige;2015;3
2017;Geländewagen;Sonstige;2017;1
2017;Geländewagen;Flüssiggas (LPG) (einschl. bivalent);1990;6
2017;Geländewagen;Flüssiggas (LPG) (einschl. bivalent);1991;11
2017;Geländewagen;Flüssiggas (LPG) (einschl. bivalent);1992;16
2017;Geländewagen;Flüssiggas (LPG) (einschl. bivalent);1993;19
2017;Geländewagen;Flüssiggas (LPG) (einschl. bivalent);1994;42
2017;Geländewagen;Flüssiggas (LPG) (einschl. bivalent);1995;51
2017;Geländewagen;Flüssiggas (LPG) (einschl. bivalent);1996;80
2017;Geländewagen;Flüssiggas (LPG) (einschl. bivalent);1997;104
2017;Geländewagen;Flüssiggas (LPG) (einschl. bivalent);1998;195
2017;Geländewagen;Flüssiggas (LPG) (einschl. bivalent);1999;396
2017;Geländewagen;Flüssiggas (LPG) (einschl. bivalent);2000;331
2017;Geländewagen;Flüssiggas (LPG) (einschl. bivalent);2001;345
2017;Geländewagen;Flüssiggas (LPG) (einschl. bivalent);2002;372
2017;Geländewagen;Flüssiggas (LPG) (einschl. bivalent);2003;503
2017;Geländewagen;Flüssiggas (LPG) (einschl. bivalent);2004;550
2017;Geländewagen;Flüssiggas (LPG) (einschl. bivalent);2005;613
2017;Geländewagen;Flüssiggas (LPG) (einschl. bivalent);2006;595
2017;Geländewagen;Flüssiggas (LPG) (einschl. bivalent);2007;420
2017;Geländewagen;Flüssiggas (LPG) (einschl. bivalent);2008;394
2017;Geländewagen;Flüssiggas (LPG) (einschl. bivalent);2009;186
2017;Geländewagen;Flüssiggas (LPG) (einschl. bivalent);2010;86
2017;Geländewagen;Flüssiggas (LPG) (einschl. bivalent);2011;49
2017;Geländewagen;Flüssiggas (LPG) (einschl. bivalent);2012;27
2017;Geländewagen;Flüssiggas (LPG) (einschl. bivalent);2013;28
2017;Geländewagen;Flüssiggas (LPG) (einschl. bivalent);2014;13
2017;Geländewagen;Flüssiggas (LPG) (einschl. bivalent);2015;9
2017;Geländewagen;Flüssiggas (LPG) (einschl. bivalent);2016;2
2017;Geländewagen;Flüssiggas (LPG) (einschl. bivalent);2017;1
2017;Geländewagen;Erdgas (CNG) (einschl. bivalent);1992;1
2017;Geländewagen;Erdgas (CNG) (einschl. bivalent);1998;1
2017;Geländewagen;Erdgas (CNG) (einschl. bivalent);2000;4
2017;Geländewagen;Erdgas (CNG) (einschl. bivalent);2001;1
2017;Geländewagen;Erdgas (CNG) (einschl. bivalent);2004;1
2017;Geländewagen;Erdgas (CNG) (einschl. bivalent);2007;1
2017;Geländewagen;Erdgas (CNG) (einschl. bivalent);2009;1
2017;Geländewagen;Erdgas (CNG) (einschl. bivalent);2012;2
2017;Sportwagen;Benzin;1990;779
2017;Sportwagen;Benzin;1991;1233
2017;Sportwagen;Benzin;1992;1305
2017;Sportwagen;Benzin;1993;1055
2017;Sportwagen;Benzin;1994;1015
2017;Sportwagen;Benzin;1995;844
2017;Sportwagen;Benzin;1996;1483
2017;Sportwagen;Benzin;1997;3726
2017;Sportwagen;Benzin;1998;5902
2017;Sportwagen;Benzin;1999;7952
2017;Sportwagen;Benzin;2000;7804
2017;Sportwagen;Benzin;2001;5348
2017;Sportwagen;Benzin;2002;5257
2017;Sportwagen;Benzin;2003;5389
2017;Sportwagen;Benzin;2004;5536
2017;Sportwagen;Benzin;2005;4994
2017;Sportwagen;Benzin;2006;5157
2017;Sportwagen;Benzin;2007;5707
2017;Sportwagen;Benzin;2008;5151
2017;Sportwagen;Benzin;2009;4016
2017;Sportwagen;Benzin;2010;4255
2017;Sportwagen;Benzin;2011;4658
2017;Sportwagen;Benzin;2012;4525
2017;Sportwagen;Benzin;2013;5059
2017;Sportwagen;Benzin;2014;5644
2017;Sportwagen;Benzin;2015;5329
2017;Sportwagen;Benzin;2016;10355
2017;Sportwagen;Benzin;2017;7857
2017;Sportwagen;Diesel;2002;48
2017;Sportwagen;Diesel;2003;272
2017;Sportwagen;Diesel;2004;188
2017;Sportwagen;Diesel;2005;203
2017;Sportwagen;Diesel;2006;351
2017;Sportwagen;Diesel;2007;294
2017;Sportwagen;Diesel;2008;232
2017;Sportwagen;Diesel;2009;547
2017;Sportwagen;Diesel;2010;701
2017;Sportwagen;Diesel;2011;819
2017;Sportwagen;Diesel;2012;842
2017;Sportwagen;Diesel;2013;1002
2017;Sportwagen;Diesel;2014;895
2017;Sportwagen;Diesel;2015;463
2017;Sportwagen;Diesel;2016;917
2017;Sportwagen;Diesel;2017;745
2017;Sportwagen;Elektro (BEV);1997;1
2017;Sportwagen;Elektro (BEV);1998;1
2017;Sportwagen;Elektro (BEV);1999;1
2017;Sportwagen;Elektro (BEV);2001;1
2017;Sportwagen;Elektro (BEV);2010;1
2017;Sportwagen;Elektro (BEV);2011;3
2017;Sportwagen;Elektro (BEV);2012;10
2017;Sportwagen;Elektro (BEV);2013;2
2017;Sportwagen;Hybrid;2010;156
2017;Sportwagen;Hybrid;2011;78
2017;Sportwagen;Hybrid;2012;44
2017;Sportwagen;Hybrid;2013;24
2017;Sportwagen;Hybrid;2014;87
2017;Sportwagen;Hybrid;2015;77
2017;Sportwagen;Hybrid;2016;61
2017;Sportwagen;Hybrid;2017;50
2017;Sportwagen;Sonstige;1999;1
2017;Sportwagen;Sonstige;2005;1
2017;Sportwagen;Sonstige;2015;2
2017;Sportwagen;Sonstige;2016;1
2017;Sportwagen;Flüssiggas (LPG) (einschl. bivalent);1991;8
2017;Sportwagen;Flüssiggas (LPG) (einschl. bivalent);1992;12
2017;Sportwagen;Flüssiggas (LPG) (einschl. bivalent);1993;14
2017;Sportwagen;Flüssiggas (LPG) (einschl. bivalent);1994;9
2017;Sportwagen;Flüssiggas (LPG) (einschl. bivalent);1995;12
2017;Sportwagen;Flüssiggas (LPG) (einschl. bivalent);1996;21
2017;Sportwagen;Flüssiggas (LPG) (einschl. bivalent);1997;78
2017;Sportwagen;Flüssiggas (LPG) (einschl. bivalent);1998;189
2017;Sportwagen;Flüssiggas (LPG) (einschl. bivalent);1999;254
2017;Sportwagen;Flüssiggas (LPG) (einschl. bivalent);2000;254
2017;Sportwagen;Flüssiggas (LPG) (einschl. bivalent);2001;176
2017;Sportwagen;Flüssiggas (LPG) (einschl. bivalent);2002;115
2017;Sportwagen;Flüssiggas (LPG) (einschl. bivalent);2003;129
2017;Sportwagen;Flüssiggas (LPG) (einschl. bivalent);2004;122
2017;Sportwagen;Flüssiggas (LPG) (einschl. bivalent);2005;81
2017;Sportwagen;Flüssiggas (LPG) (einschl. bivalent);2006;60
2017;Sportwagen;Flüssiggas (LPG) (einschl. bivalent);2007;45
2017;Sportwagen;Flüssiggas (LPG) (einschl. bivalent);2008;28
2017;Sportwagen;Flüssiggas (LPG) (einschl. bivalent);2009;15
2017;Sportwagen;Flüssiggas (LPG) (einschl. bivalent);2010;8
2017;Sportwagen;Flüssiggas (LPG) (einschl. bivalent);2011;15
2017;Sportwagen;Flüssiggas (LPG) (einschl. bivalent);2012;19
2017;Sportwagen;Flüssiggas (LPG) (einschl. bivalent);2013;35
2017;Sportwagen;Flüssiggas (LPG) (einschl. bivalent);2014;72
2017;Sportwagen;Flüssiggas (LPG) (einschl. bivalent);2015;30
2017;Sportwagen;Flüssiggas (LPG) (einschl. bivalent);2016;7
2017;Sportwagen;Flüssiggas (LPG) (einschl. bivalent);2017;2
2017;Mini-Vans;Benzin;1990;3
2017;Mini-Vans;Benzin;1991;5
2017;Mini-Vans;Benzin;1992;28
2017;Mini-Vans;Benzin;1993;28
2017;Mini-Vans;Benzin;1994;50
2017;Mini-Vans;Benzin;1995;77
2017;Mini-Vans;Benzin;1996;181
2017;Mini-Vans;Benzin;1997;1035
2017;Mini-Vans;Benzin;1998;2474
2017;Mini-Vans;Benzin;1999;4484
2017;Mini-Vans;Benzin;2000;6373
2017;Mini-Vans;Benzin;2001;6085
2017;Mini-Vans;Benzin;2002;8120
2017;Mini-Vans;Benzin;2003;11009
2017;Mini-Vans;Benzin;2004;15167
2017;Mini-Vans;Benzin;2005;17198
2017;Mini-Vans;Benzin;2006;16060
2017;Mini-Vans;Benzin;2007;10768
2017;Mini-Vans;Benzin;2008;8702
2017;Mini-Vans;Benzin;2009;8539
2017;Mini-Vans;Benzin;2010;8328
2017;Mini-Vans;Benzin;2011;9426
2017;Mini-Vans;Benzin;2012;8970
2017;Mini-Vans;Benzin;2013;10608
2017;Mini-Vans;Benzin;2014;7151
2017;Mini-Vans;Benzin;2015;4038
2017;Mini-Vans;Benzin;2016;19310
2017;Mini-Vans;Benzin;2017;13643
2017;Mini-Vans;Diesel;1997;7
2017;Mini-Vans;Diesel;1998;74
2017;Mini-Vans;Diesel;1999;174
2017;Mini-Vans;Diesel;2000;479
2017;Mini-Vans;Diesel;2001;996
2017;Mini-Vans;Diesel;2002;2640
2017;Mini-Vans;Diesel;2003;3141
2017;Mini-Vans;Diesel;2004;7940
2017;Mini-Vans;Diesel;2005;8184
2017;Mini-Vans;Diesel;2006;9099
2017;Mini-Vans;Diesel;2007;7601
2017;Mini-Vans;Diesel;2008;4978
2017;Mini-Vans;Diesel;2009;3315
2017;Mini-Vans;Diesel;2010;4192
2017;Mini-Vans;Diesel;2011;5311
2017;Mini-Vans;Diesel;2012;6420
2017;Mini-Vans;Diesel;2013;6530
2017;Mini-Vans;Diesel;2014;5865
2017;Mini-Vans;Diesel;2015;2987
2017;Mini-Vans;Diesel;2016;8553
2017;Mini-Vans;Diesel;2017;4747
2017;Mini-Vans;Elektro (BEV);2014;13
2017;Mini-Vans;Elektro (BEV);2015;79
2017;Mini-Vans;Elektro (BEV);2016;275
2017;Mini-Vans;Elektro (BEV);2017;2817
2017;Mini-Vans;Hybrid;2011;9
2017;Mini-Vans;Hybrid;2012;98
2017;Mini-Vans;Hybrid;2013;249
2017;Mini-Vans;Hybrid;2014;88
2017;Mini-Vans;Hybrid;2015;24
2017;Mini-Vans;Hybrid;2016;15
2017;Mini-Vans;Hybrid;2017;10
2017;Mini-Vans;Sonstige;2001;1
2017;Mini-Vans;Sonstige;2006;1
2017;Mini-Vans;Sonstige;2007;1
2017;Mini-Vans;Sonstige;2009;3
2017;Mini-Vans;Sonstige;2010;19
2017;Mini-Vans;Sonstige;2011;10
2017;Mini-Vans;Sonstige;2012;6
2017;Mini-Vans;Flüssiggas (LPG) (einschl. bivalent);1994;1
2017;Mini-Vans;Flüssiggas (LPG) (einschl. bivalent);1995;3
2017;Mini-Vans;Flüssiggas (LPG) (einschl. bivalent);1996;3
2017;Mini-Vans;Flüssiggas (LPG) (einschl. bivalent);1997;7
2017;Mini-Vans;Flüssiggas (LPG) (einschl. bivalent);1998;23
2017;Mini-Vans;Flüssiggas (LPG) (einschl. bivalent);1999;49
2017;Mini-Vans;Flüssiggas (LPG) (einschl. bivalent);2000;121
2017;Mini-Vans;Flüssiggas (LPG) (einschl. bivalent);2001;192
2017;Mini-Vans;Flüssiggas (LPG) (einschl. bivalent);2002;263
2017;Mini-Vans;Flüssiggas (LPG) (einschl. bivalent);2003;329
2017;Mini-Vans;Flüssiggas (LPG) (einschl. bivalent);2004;517
2017;Mini-Vans;Flüssiggas (LPG) (einschl. bivalent);2005;612
2017;Mini-Vans;Flüssiggas (LPG) (einschl. bivalent);2006;680
2017;Mini-Vans;Flüssiggas (LPG) (einschl. bivalent);2007;595
2017;Mini-Vans;Flüssiggas (LPG) (einschl. bivalent);2008;575
2017;Mini-Vans;Flüssiggas (LPG) (einschl. bivalent);2009;230
2017;Mini-Vans;Flüssiggas (LPG) (einschl. bivalent);2010;111
2017;Mini-Vans;Flüssiggas (LPG) (einschl. bivalent);2011;85
2017;Mini-Vans;Flüssiggas (LPG) (einschl. bivalent);2012;97
2017;Mini-Vans;Flüssiggas (LPG) (einschl. bivalent);2013;55
2017;Mini-Vans;Flüssiggas (LPG) (einschl. bivalent);2014;52
2017;Mini-Vans;Flüssiggas (LPG) (einschl. bivalent);2015;29
2017;Mini-Vans;Flüssiggas (LPG) (einschl. bivalent);2016;71
2017;Mini-Vans;Flüssiggas (LPG) (einschl. bivalent);2017;32
2017;Mini-Vans;Erdgas (CNG) (einschl. bivalent);2000;56
2017;Mini-Vans;Erdgas (CNG) (einschl. bivalent);2001;109
2017;Mini-Vans;Erdgas (CNG) (einschl. bivalent);2002;62
2017;Mini-Vans;Erdgas (CNG) (einschl. bivalent);2003;34
2017;Mini-Vans;Erdgas (CNG) (einschl. bivalent);2004;29
2017;Mini-Vans;Erdgas (CNG) (einschl. bivalent);2005;77
2017;Mini-Vans;Erdgas (CNG) (einschl. bivalent);2006;111
2017;Mini-Vans;Erdgas (CNG) (einschl. bivalent);2007;31
2017;Mini-Vans;Erdgas (CNG) (einschl. bivalent);2008;98
2017;Mini-Vans;Erdgas (CNG) (einschl. bivalent);2009;70
2017;Mini-Vans;Erdgas (CNG) (einschl. bivalent);2010;50
2017;Mini-Vans;Erdgas (CNG) (einschl. bivalent);2011;14
2017;Mini-Vans;Erdgas (CNG) (einschl. bivalent);2012;1
2017;Mini-Vans;Erdgas (CNG) (einschl. bivalent);2013;1
2017;Mini-Vans;Erdgas (CNG) (einschl. bivalent);2014;44
2017;Mini-Vans;Erdgas (CNG) (einschl. bivalent);2015;19
2017;Mini-Vans;Erdgas (CNG) (einschl. bivalent);2016;22
2017;Mini-Vans;Erdgas (CNG) (einschl. bivalent);2017;6
2017;Großraum-Vans;Benzin;1990;24
2017;Großraum-Vans;Benzin;1991;53
2017;Großraum-Vans;Benzin;1992;102
2017;Großraum-Vans;Benzin;1993;170
2017;Großraum-Vans;Benzin;1994;304
2017;Großraum-Vans;Benzin;1995;681
2017;Großraum-Vans;Benzin;1996;2019
2017;Großraum-Vans;Benzin;1997;3689
2017;Großraum-Vans;Benzin;1998;5218
2017;Großraum-Vans;Benzin;1999;8977
2017;Großraum-Vans;Benzin;2000;9928
2017;Großraum-Vans;Benzin;2001;8310
2017;Großraum-Vans;Benzin;2002;8189
2017;Großraum-Vans;Benzin;2003;8573
2017;Großraum-Vans;Benzin;2004;8059
2017;Großraum-Vans;Benzin;2005;8324
2017;Großraum-Vans;Benzin;2006;8185
2017;Großraum-Vans;Benzin;2007;5400
2017;Großraum-Vans;Benzin;2008;4603
2017;Großraum-Vans;Benzin;2009;4879
2017;Großraum-Vans;Benzin;2010;3910
2017;Großraum-Vans;Benzin;2011;4530
2017;Großraum-Vans;Benzin;2012;3918
2017;Großraum-Vans;Benzin;2013;4602
2017;Großraum-Vans;Benzin;2014;3062
2017;Großraum-Vans;Benzin;2015;1169
2017;Großraum-Vans;Benzin;2016;9649
2017;Großraum-Vans;Benzin;2017;8079
2017;Großraum-Vans;Diesel;1990;1
2017;Großraum-Vans;Diesel;1991;2
2017;Großraum-Vans;Diesel;1992;3
2017;Großraum-Vans;Diesel;1993;19
2017;Großraum-Vans;Diesel;1994;27
2017;Großraum-Vans;Diesel;1995;38
2017;Großraum-Vans;Diesel;1996;374
2017;Großraum-Vans;Diesel;1997;749
2017;Großraum-Vans;Diesel;1998;1425
2017;Großraum-Vans;Diesel;1999;2121
2017;Großraum-Vans;Diesel;2000;3952
2017;Großraum-Vans;Diesel;2001;5561
2017;Großraum-Vans;Diesel;2002;8560
2017;Großraum-Vans;Diesel;2003;14889
2017;Großraum-Vans;Diesel;2004;21440
2017;Großraum-Vans;Diesel;2005;18013
2017;Großraum-Vans;Diesel;2006;23467
2017;Großraum-Vans;Diesel;2007;18266
2017;Großraum-Vans;Diesel;2008;12982
2017;Großraum-Vans;Diesel;2009;8665
2017;Großraum-Vans;Diesel;2010;7506
2017;Großraum-Vans;Diesel;2011;10860
2017;Großraum-Vans;Diesel;2012;12586
2017;Großraum-Vans;Diesel;2013;16770
2017;Großraum-Vans;Diesel;2014;21487
2017;Großraum-Vans;Diesel;2015;7227
2017;Großraum-Vans;Diesel;2016;26448
2017;Großraum-Vans;Diesel;2017;18242
2017;Großraum-Vans;Hybrid;2002;1
2017;Großraum-Vans;Hybrid;2012;173
2017;Großraum-Vans;Hybrid;2013;216
2017;Großraum-Vans;Hybrid;2014;74
2017;Großraum-Vans;Hybrid;2015;79
2017;Großraum-Vans;Hybrid;2016;73
2017;Großraum-Vans;Hybrid;2017;40
2017;Großraum-Vans;Sonstige;1996;1
2017;Großraum-Vans;Sonstige;2001;1
2017;Großraum-Vans;Sonstige;2003;1
2017;Großraum-Vans;Sonstige;2005;2
2017;Großraum-Vans;Sonstige;2008;1
2017;Großraum-Vans;Sonstige;2009;6
2017;Großraum-Vans;Sonstige;2010;13
2017;Großraum-Vans;Sonstige;2011;13
2017;Großraum-Vans;Sonstige;2012;9
2017;Großraum-Vans;Flüssiggas (LPG) (einschl. bivalent);1990;1
2017;Großraum-Vans;Flüssiggas (LPG) (einschl. bivalent);1991;1
2017;Großraum-Vans;Flüssiggas (LPG) (einschl. bivalent);1992;4
2017;Großraum-Vans;Flüssiggas (LPG) (einschl. bivalent);1993;7
2017;Großraum-Vans;Flüssiggas (LPG) (einschl. bivalent);1994;17
2017;Großraum-Vans;Flüssiggas (LPG) (einschl. bivalent);1995;20
2017;Großraum-Vans;Flüssiggas (LPG) (einschl. bivalent);1996;119
2017;Großraum-Vans;Flüssiggas (LPG) (einschl. bivalent);1997;196
2017;Großraum-Vans;Flüssiggas (LPG) (einschl. bivalent);1998;337
2017;Großraum-Vans;Flüssiggas (LPG) (einschl. bivalent);1999;456
2017;Großraum-Vans;Flüssiggas (LPG) (einschl. bivalent);2000;514
2017;Großraum-Vans;Flüssiggas (LPG) (einschl. bivalent);2001;535
2017;Großraum-Vans;Flüssiggas (LPG) (einschl. bivalent);2002;529
2017;Großraum-Vans;Flüssiggas (LPG) (einschl. bivalent);2003;569
2017;Großraum-Vans;Flüssiggas (LPG) (einschl. bivalent);2004;527
2017;Großraum-Vans;Flüssiggas (LPG) (einschl. bivalent);2005;467
2017;Großraum-Vans;Flüssiggas (LPG) (einschl. bivalent);2006;528
2017;Großraum-Vans;Flüssiggas (LPG) (einschl. bivalent);2007;390
2017;Großraum-Vans;Flüssiggas (LPG) (einschl. bivalent);2008;419
2017;Großraum-Vans;Flüssiggas (LPG) (einschl. bivalent);2009;232
2017;Großraum-Vans;Flüssiggas (LPG) (einschl. bivalent);2010;137
2017;Großraum-Vans;Flüssiggas (LPG) (einschl. bivalent);2011;55
2017;Großraum-Vans;Flüssiggas (LPG) (einschl. bivalent);2012;45
2017;Großraum-Vans;Flüssiggas (LPG) (einschl. bivalent);2013;38
2017;Großraum-Vans;Flüssiggas (LPG) (einschl. bivalent);2014;17
2017;Großraum-Vans;Flüssiggas (LPG) (einschl. bivalent);2015;3
2017;Großraum-Vans;Flüssiggas (LPG) (einschl. bivalent);2016;6
2017;Großraum-Vans;Flüssiggas (LPG) (einschl. bivalent);2017;4
2017;Großraum-Vans;Erdgas (CNG) (einschl. bivalent);1998;3
2017;Großraum-Vans;Erdgas (CNG) (einschl. bivalent);1999;4
2017;Großraum-Vans;Erdgas (CNG) (einschl. bivalent);2000;1
2017;Großraum-Vans;Erdgas (CNG) (einschl. bivalent);2001;11
2017;Großraum-Vans;Erdgas (CNG) (einschl. bivalent);2002;154
2017;Großraum-Vans;Erdgas (CNG) (einschl. bivalent);2003;124
2017;Großraum-Vans;Erdgas (CNG) (einschl. bivalent);2004;499
2017;Großraum-Vans;Erdgas (CNG) (einschl. bivalent);2005;386
2017;Großraum-Vans;Erdgas (CNG) (einschl. bivalent);2006;571
2017;Großraum-Vans;Erdgas (CNG) (einschl. bivalent);2007;593
2017;Großraum-Vans;Erdgas (CNG) (einschl. bivalent);2008;478
2017;Großraum-Vans;Erdgas (CNG) (einschl. bivalent);2009;239
2017;Großraum-Vans;Erdgas (CNG) (einschl. bivalent);2010;123
2017;Großraum-Vans;Erdgas (CNG) (einschl. bivalent);2011;167
2017;Großraum-Vans;Erdgas (CNG) (einschl. bivalent);2012;293
2017;Großraum-Vans;Erdgas (CNG) (einschl. bivalent);2013;195
2017;Großraum-Vans;Erdgas (CNG) (einschl. bivalent);2014;174
2017;Großraum-Vans;Erdgas (CNG) (einschl. bivalent);2015;32
2017;Großraum-Vans;Erdgas (CNG) (einschl. bivalent);2016;8
2017;Großraum-Vans;Erdgas (CNG) (einschl. bivalent);2017;5
2017;Utilities;Benzin;1990;277
2017;Utilities;Benzin;1991;385
2017;Utilities;Benzin;1992;521
2017;Utilities;Benzin;1993;411
2017;Utilities;Benzin;1994;601
2017;Utilities;Benzin;1995;749
2017;Utilities;Benzin;1996;1032
2017;Utilities;Benzin;1997;1209
2017;Utilities;Benzin;1998;2318
2017;Utilities;Benzin;1999;3588
2017;Utilities;Benzin;2000;4033
2017;Utilities;Benzin;2001;3173
2017;Utilities;Benzin;2002;3672
2017;Utilities;Benzin;2003;3006
2017;Utilities;Benzin;2004;2522
2017;Utilities;Benzin;2005;2874
2017;Utilities;Benzin;2006;2374
2017;Utilities;Benzin;2007;1383
2017;Utilities;Benzin;2008;2078
2017;Utilities;Benzin;2009;3231
2017;Utilities;Benzin;2010;1743
2017;Utilities;Benzin;2011;1651
2017;Utilities;Benzin;2012;1557
2017;Utilities;Benzin;2013;1846
2017;Utilities;Benzin;2014;1527
2017;Utilities;Benzin;2015;871
2017;Utilities;Benzin;2016;2746
2017;Utilities;Benzin;2017;4022
2017;Utilities;Diesel;1990;403
2017;Utilities;Diesel;1991;489
2017;Utilities;Diesel;1992;714
2017;Utilities;Diesel;1993;591
2017;Utilities;Diesel;1994;910
2017;Utilities;Diesel;1995;1261
2017;Utilities;Diesel;1996;2293
2017;Utilities;Diesel;1997;2608
2017;Utilities;Diesel;1998;3131
2017;Utilities;Diesel;1999;3748
2017;Utilities;Diesel;2000;4590
2017;Utilities;Diesel;2001;5007
2017;Utilities;Diesel;2002;6655
2017;Utilities;Diesel;2003;7192
2017;Utilities;Diesel;2004;9678
2017;Utilities;Diesel;2005;10195
2017;Utilities;Diesel;2006;11844
2017;Utilities;Diesel;2007;10913
2017;Utilities;Diesel;2008;11539
2017;Utilities;Diesel;2009;9618
2017;Utilities;Diesel;2010;10180
2017;Utilities;Diesel;2011;10261
2017;Utilities;Diesel;2012;10775
2017;Utilities;Diesel;2013;14099
2017;Utilities;Diesel;2014;12948
2017;Utilities;Diesel;2015;8777
2017;Utilities;Diesel;2016;22789
2017;Utilities;Diesel;2017;23277
2017;Utilities;Elektro (BEV);1992;1
2017;Utilities;Elektro (BEV);1998;1
2017;Utilities;Elektro (BEV);2002;1
2017;Utilities;Elektro (BEV);2003;3
2017;Utilities;Elektro (BEV);2004;3
2017;Utilities;Elektro (BEV);2006;1
2017;Utilities;Elektro (BEV);2009;2
2017;Utilities;Elektro (BEV);2010;7
2017;Utilities;Elektro (BEV);2011;4
2017;Utilities;Elektro (BEV);2012;4
2017;Utilities;Elektro (BEV);2013;3
2017;Utilities;Elektro (BEV);2014;8
2017;Utilities;Elektro (BEV);2015;15
2017;Utilities;Elektro (BEV);2016;10
2017;Utilities;Elektro (BEV);2017;8
2017;Utilities;Hybrid;1991;1
2017;Utilities;Hybrid;2004;2
2017;Utilities;Sonstige;1999;3
2017;Utilities;Sonstige;2005;1
2017;Utilities;Sonstige;2007;1
2017;Utilities;Sonstige;2008;1
2017;Utilities;Flüssiggas (LPG) (einschl. bivalent);1990;19
2017;Utilities;Flüssiggas (LPG) (einschl. bivalent);1991;28
2017;Utilities;Flüssiggas (LPG) (einschl. bivalent);1992;63
2017;Utilities;Flüssiggas (LPG) (einschl. bivalent);1993;57
2017;Utilities;Flüssiggas (LPG) (einschl. bivalent);1994;86
2017;Utilities;Flüssiggas (LPG) (einschl. bivalent);1995;120
2017;Utilities;Flüssiggas (LPG) (einschl. bivalent);1996;134
2017;Utilities;Flüssiggas (LPG) (einschl. bivalent);1997;96
2017;Utilities;Flüssiggas (LPG) (einschl. bivalent);1998;128
2017;Utilities;Flüssiggas (LPG) (einschl. bivalent);1999;103
2017;Utilities;Flüssiggas (LPG) (einschl. bivalent);2000;92
2017;Utilities;Flüssiggas (LPG) (einschl. bivalent);2001;106
2017;Utilities;Flüssiggas (LPG) (einschl. bivalent);2002;106
2017;Utilities;Flüssiggas (LPG) (einschl. bivalent);2003;124
2017;Utilities;Flüssiggas (LPG) (einschl. bivalent);2004;112
2017;Utilities;Flüssiggas (LPG) (einschl. bivalent);2005;203
2017;Utilities;Flüssiggas (LPG) (einschl. bivalent);2006;222
2017;Utilities;Flüssiggas (LPG) (einschl. bivalent);2007;128
2017;Utilities;Flüssiggas (LPG) (einschl. bivalent);2008;305
2017;Utilities;Flüssiggas (LPG) (einschl. bivalent);2009;177
2017;Utilities;Flüssiggas (LPG) (einschl. bivalent);2010;96
2017;Utilities;Flüssiggas (LPG) (einschl. bivalent);2011;64
2017;Utilities;Flüssiggas (LPG) (einschl. bivalent);2012;80
2017;Utilities;Flüssiggas (LPG) (einschl. bivalent);2013;39
2017;Utilities;Flüssiggas (LPG) (einschl. bivalent);2014;56
2017;Utilities;Flüssiggas (LPG) (einschl. bivalent);2015;42
2017;Utilities;Flüssiggas (LPG) (einschl. bivalent);2016;2
2017;Utilities;Flüssiggas (LPG) (einschl. bivalent);2017;16
2017;Utilities;Erdgas (CNG) (einschl. bivalent);1994;1
2017;Utilities;Erdgas (CNG) (einschl. bivalent);1995;2
2017;Utilities;Erdgas (CNG) (einschl. bivalent);1996;6
2017;Utilities;Erdgas (CNG) (einschl. bivalent);1997;6
2017;Utilities;Erdgas (CNG) (einschl. bivalent);1998;1
2017;Utilities;Erdgas (CNG) (einschl. bivalent);1999;11
2017;Utilities;Erdgas (CNG) (einschl. bivalent);2000;10
2017;Utilities;Erdgas (CNG) (einschl. bivalent);2001;5
2017;Utilities;Erdgas (CNG) (einschl. bivalent);2002;2
2017;Utilities;Erdgas (CNG) (einschl. bivalent);2003;11
2017;Utilities;Erdgas (CNG) (einschl. bivalent);2004;20
2017;Utilities;Erdgas (CNG) (einschl. bivalent);2005;224
2017;Utilities;Erdgas (CNG) (einschl. bivalent);2006;757
2017;Utilities;Erdgas (CNG) (einschl. bivalent);2007;533
2017;Utilities;Erdgas (CNG) (einschl. bivalent);2008;516
2017;Utilities;Erdgas (CNG) (einschl. bivalent);2009;276
2017;Utilities;Erdgas (CNG) (einschl. bivalent);2010;96
2017;Utilities;Erdgas (CNG) (einschl. bivalent);2011;191
2017;Utilities;Erdgas (CNG) (einschl. bivalent);2012;192
2017;Utilities;Erdgas (CNG) (einschl. bivalent);2013;179
2017;Utilities;Erdgas (CNG) (einschl. bivalent);2014;86
2017;Utilities;Erdgas (CNG) (einschl. bivalent);2015;41
2017;Utilities;Erdgas (CNG) (einschl. bivalent);2016;68
2017;Utilities;Erdgas (CNG) (einschl. bivalent);2017;64
2017;Wohnmobile;Benzin;1990;115
2017;Wohnmobile;Benzin;1991;104
2017;Wohnmobile;Benzin;1992;126
2017;Wohnmobile;Benzin;1993;87
2017;Wohnmobile;Benzin;1994;60
2017;Wohnmobile;Benzin;1995;69
2017;Wohnmobile;Benzin;1996;58
2017;Wohnmobile;Benzin;1997;49
2017;Wohnmobile;Benzin;1998;27
2017;Wohnmobile;Benzin;1999;20
2017;Wohnmobile;Benzin;2000;13
2017;Wohnmobile;Benzin;2001;4
2017;Wohnmobile;Benzin;2002;6
2017;Wohnmobile;Benzin;2003;8
2017;Wohnmobile;Benzin;2004;2
2017;Wohnmobile;Benzin;2005;7
2017;Wohnmobile;Benzin;2006;4
2017;Wohnmobile;Benzin;2007;2
2017;Wohnmobile;Benzin;2008;5
2017;Wohnmobile;Benzin;2010;3
2017;Wohnmobile;Benzin;2011;4
2017;Wohnmobile;Benzin;2012;5
2017;Wohnmobile;Benzin;2013;5
2017;Wohnmobile;Benzin;2014;6
2017;Wohnmobile;Benzin;2015;8
2017;Wohnmobile;Benzin;2016;15
2017;Wohnmobile;Benzin;2017;36
2017;Wohnmobile;Diesel;1990;1960
2017;Wohnmobile;Diesel;1991;2280
2017;Wohnmobile;Diesel;1992;2447
2017;Wohnmobile;Diesel;1993;1865
2017;Wohnmobile;Diesel;1994;1740
2017;Wohnmobile;Diesel;1995;1822
2017;Wohnmobile;Diesel;1996;1924
2017;Wohnmobile;Diesel;1997;1822
2017;Wohnmobile;Diesel;1998;1839
2017;Wohnmobile;Diesel;1999;2255
2017;Wohnmobile;Diesel;2000;2443
2017;Wohnmobile;Diesel;2001;2538
2017;Wohnmobile;Diesel;2002;2163
2017;Wohnmobile;Diesel;2003;2156
2017;Wohnmobile;Diesel;2004;2286
2017;Wohnmobile;Diesel;2005;2313
2017;Wohnmobile;Diesel;2006;2417
2017;Wohnmobile;Diesel;2007;2303
2017;Wohnmobile;Diesel;2008;2397
2017;Wohnmobile;Diesel;2009;2083
2017;Wohnmobile;Diesel;2010;2126
2017;Wohnmobile;Diesel;2011;2552
2017;Wohnmobile;Diesel;2012;2880
2017;Wohnmobile;Diesel;2013;2720
2017;Wohnmobile;Diesel;2014;2913
2017;Wohnmobile;Diesel;2015;3369
2017;Wohnmobile;Diesel;2016;5516
2017;Wohnmobile;Diesel;2017;10226
2017;Wohnmobile;Elektro (BEV);2014;1
2017;Wohnmobile;Hybrid;1999;1
2017;Wohnmobile;Sonstige;1998;1
2017;Wohnmobile;Sonstige;2009;1
2017;Wohnmobile;Sonstige;2010;1
2017;Wohnmobile;Sonstige;2017;1
2017;Wohnmobile;Flüssiggas (LPG) (einschl. bivalent);1990;32
2017;Wohnmobile;Flüssiggas (LPG) (einschl. bivalent);1991;24
2017;Wohnmobile;Flüssiggas (LPG) (einschl. bivalent);1992;28
2017;Wohnmobile;Flüssiggas (LPG) (einschl. bivalent);1993;28
2017;Wohnmobile;Flüssiggas (LPG) (einschl. bivalent);1994;26
2017;Wohnmobile;Flüssiggas (LPG) (einschl. bivalent);1995;32
2017;Wohnmobile;Flüssiggas (LPG) (einschl. bivalent);1996;29
2017;Wohnmobile;Flüssiggas (LPG) (einschl. bivalent);1997;26
2017;Wohnmobile;Flüssiggas (LPG) (einschl. bivalent);1998;8
2017;Wohnmobile;Flüssiggas (LPG) (einschl. bivalent);1999;6
2017;Wohnmobile;Flüssiggas (LPG) (einschl. bivalent);2000;3
2017;Wohnmobile;Flüssiggas (LPG) (einschl. bivalent);2001;6
2017;Wohnmobile;Flüssiggas (LPG) (einschl. bivalent);2002;2
2017;Wohnmobile;Flüssiggas (LPG) (einschl. bivalent);2003;4
2017;Wohnmobile;Flüssiggas (LPG) (einschl. bivalent);2004;3
2017;Wohnmobile;Flüssiggas (LPG) (einschl. bivalent);2005;6
2017;Wohnmobile;Flüssiggas (LPG) (einschl. bivalent);2006;1
2017;Wohnmobile;Flüssiggas (LPG) (einschl. bivalent);2007;1
2017;Wohnmobile;Flüssiggas (LPG) (einschl. bivalent);2008;3
2017;Wohnmobile;Flüssiggas (LPG) (einschl. bivalent);2010;1
2017;Wohnmobile;Flüssiggas (LPG) (einschl. bivalent);2011;1
2017;Wohnmobile;Flüssiggas (LPG) (einschl. bivalent);2012;2
2017;Wohnmobile;Flüssiggas (LPG) (einschl. bivalent);2017;1
2017;Wohnmobile;Erdgas (CNG) (einschl. bivalent);1994;1
2017;Wohnmobile;Erdgas (CNG) (einschl. bivalent);1995;1
2017;Wohnmobile;Erdgas (CNG) (einschl. bivalent);1999;2
2017;Wohnmobile;Erdgas (CNG) (einschl. bivalent);2001;1
2017;Wohnmobile;Erdgas (CNG) (einschl. bivalent);2004;1
2017;Wohnmobile;Erdgas (CNG) (einschl. bivalent);2006;3
2017;Wohnmobile;Erdgas (CNG) (einschl. bivalent);2009;1
2017;Wohnmobile;Erdgas (CNG) (einschl. bivalent);2012;1
2017;Wohnmobile;Erdgas (CNG) (einschl. bivalent);2016;1
2017;Sonstige;Benzin;1900;1
2017;Sonstige;Benzin;1902;3
2017;Sonstige;Benzin;1904;1
2017;Sonstige;Benzin;1906;1
2017;Sonstige;Benzin;1907;1
2017;Sonstige;Benzin;1908;2
2017;Sonstige;Benzin;1909;1
2017;Sonstige;Benzin;1910;1
2017;Sonstige;Benzin;1911;3
2017;Sonstige;Benzin;1912;3
2017;Sonstige;Benzin;1914;7
2017;Sonstige;Benzin;1915;8
2017;Sonstige;Benzin;1916;3
2017;Sonstige;Benzin;1917;2
2017;Sonstige;Benzin;1918;2
2017;Sonstige;Benzin;1920;4
2017;Sonstige;Benzin;1922;7
2017;Sonstige;Benzin;1923;7
2017;Sonstige;Benzin;1924;13
2017;Sonstige;Benzin;1925;13
2017;Sonstige;Benzin;1926;18
2017;Sonstige;Benzin;1927;28
2017;Sonstige;Benzin;1928;51
2017;Sonstige;Benzin;1929;83
2017;Sonstige;Benzin;1930;61
2017;Sonstige;Benzin;1931;74
2017;Sonstige;Benzin;1932;49
2017;Sonstige;Benzin;1933;42
2017;Sonstige;Benzin;1934;62
2017;Sonstige;Benzin;1935;46
2017;Sonstige;Benzin;1936;84
2017;Sonstige;Benzin;1937;84
2017;Sonstige;Benzin;1938;98
2017;Sonstige;Benzin;1939;86
2017;Sonstige;Benzin;1940;22
2017;Sonstige;Benzin;1941;24
2017;Sonstige;Benzin;1942;17
2017;Sonstige;Benzin;1943;23
2017;Sonstige;Benzin;1944;27
2017;Sonstige;Benzin;1945;9
2017;Sonstige;Benzin;1946;6
2017;Sonstige;Benzin;1947;28
2017;Sonstige;Benzin;1948;36
2017;Sonstige;Benzin;1949;71
2017;Sonstige;Benzin;1950;100
2017;Sonstige;Benzin;1951;136
2017;Sonstige;Benzin;1952;160
2017;Sonstige;Benzin;1953;198
2017;Sonstige;Benzin;1954;210
2017;Sonstige;Benzin;1955;281
2017;Sonstige;Benzin;1956;346
2017;Sonstige;Benzin;1957;436
2017;Sonstige;Benzin;1958;502
2017;Sonstige;Benzin;1959;598
2017;Sonstige;Benzin;1960;631
2017;Sonstige;Benzin;1961;623
2017;Sonstige;Benzin;1962;688
2017;Sonstige;Benzin;1963;723
2017;Sonstige;Benzin;1964;859
2017;Sonstige;Benzin;1965;1174
2017;Sonstige;Benzin;1966;1227
2017;Sonstige;Benzin;1967;1403
2017;Sonstige;Benzin;1968;1553
2017;Sonstige;Benzin;1969;1579
2017;Sonstige;Benzin;1970;1810
2017;Sonstige;Benzin;1971;2104
2017;Sonstige;Benzin;1972;2228
2017;Sonstige;Benzin;1973;2213
2017;Sonstige;Benzin;1974;1494
2017;Sonstige;Benzin;1975;1440
2017;Sonstige;Benzin;1976;1522
2017;Sonstige;Benzin;1977;1721
2017;Sonstige;Benzin;1978;2157
2017;Sonstige;Benzin;1979;2396
2017;Sonstige;Benzin;1980;1926
2017;Sonstige;Benzin;1981;2069
2017;Sonstige;Benzin;1982;2375
2017;Sonstige;Benzin;1983;3455
2017;Sonstige;Benzin;1984;3343
2017;Sonstige;Benzin;1985;3504
2017;Sonstige;Benzin;1986;5153
2017;Sonstige;Benzin;1987;8015
2017;Sonstige;Benzin;1988;11136
2017;Sonstige;Benzin;1989;15781
2017;Sonstige;Benzin;1990;2748
2017;Sonstige;Benzin;1991;3041
2017;Sonstige;Benzin;1992;2939
2017;Sonstige;Benzin;1993;2598
2017;Sonstige;Benzin;1994;3661
2017;Sonstige;Benzin;1995;5449
2017;Sonstige;Benzin;1996;7592
2017;Sonstige;Benzin;1997;6090
2017;Sonstige;Benzin;1998;5120
2017;Sonstige;Benzin;1999;2955
2017;Sonstige;Benzin;2000;4162
2017;Sonstige;Benzin;2001;4055
2017;Sonstige;Benzin;2002;4323
2017;Sonstige;Benzin;2003;3703
2017;Sonstige;Benzin;2004;3979
2017;Sonstige;Benzin;2005;3274
2017;Sonstige;Benzin;2006;1353
2017;Sonstige;Benzin;2007;740
2017;Sonstige;Benzin;2008;665
2017;Sonstige;Benzin;2009;741
2017;Sonstige;Benzin;2010;707
2017;Sonstige;Benzin;2011;657
2017;Sonstige;Benzin;2012;786
2017;Sonstige;Benzin;2013;1063
2017;Sonstige;Benzin;2014;1456
2017;Sonstige;Benzin;2015;1986
2017;Sonstige;Benzin;2016;2401
2017;Sonstige;Benzin;2017;2649
2017;Sonstige;Benzin;fehlende/unplausible Angabe;1
2017;Sonstige;Diesel;1914;1
2017;Sonstige;Diesel;1931;1
2017;Sonstige;Diesel;1936;1
2017;Sonstige;Diesel;1941;1
2017;Sonstige;Diesel;1943;2
2017;Sonstige;Diesel;1944;2
2017;Sonstige;Diesel;1950;7
2017;Sonstige;Diesel;1951;14
2017;Sonstige;Diesel;1952;17
2017;Sonstige;Diesel;1953;21
2017;Sonstige;Diesel;1954;12
2017;Sonstige;Diesel;1955;7
2017;Sonstige;Diesel;1956;4
2017;Sonstige;Diesel;1957;8
2017;Sonstige;Diesel;1958;9
2017;Sonstige;Diesel;1959;18
2017;Sonstige;Diesel;1960;20
2017;Sonstige;Diesel;1961;27
2017;Sonstige;Diesel;1962;16
2017;Sonstige;Diesel;1963;24
2017;Sonstige;Diesel;1964;37
2017;Sonstige;Diesel;1965;44
2017;Sonstige;Diesel;1966;53
2017;Sonstige;Diesel;1967;74
2017;Sonstige;Diesel;1968;48
2017;Sonstige;Diesel;1969;41
2017;Sonstige;Diesel;1970;67
2017;Sonstige;Diesel;1971;87
2017;Sonstige;Diesel;1972;111
2017;Sonstige;Diesel;1973;129
2017;Sonstige;Diesel;1974;99
2017;Sonstige;Diesel;1975;112
2017;Sonstige;Diesel;1976;149
2017;Sonstige;Diesel;1977;143
2017;Sonstige;Diesel;1978;191
2017;Sonstige;Diesel;1979;283
2017;Sonstige;Diesel;1980;381
2017;Sonstige;Diesel;1981;513
2017;Sonstige;Diesel;1982;713
2017;Sonstige;Diesel;1983;731
2017;Sonstige;Diesel;1984;716
2017;Sonstige;Diesel;1985;1120
2017;Sonstige;Diesel;1986;1627
2017;Sonstige;Diesel;1987;2041
2017;Sonstige;Diesel;1988;2402
2017;Sonstige;Diesel;1989;2780
2017;Sonstige;Diesel;1990;94
2017;Sonstige;Diesel;1991;80
2017;Sonstige;Diesel;1992;112
2017;Sonstige;Diesel;1993;108
2017;Sonstige;Diesel;1994;261
2017;Sonstige;Diesel;1995;594
2017;Sonstige;Diesel;1996;851
2017;Sonstige;Diesel;1997;621
2017;Sonstige;Diesel;1998;494
2017;Sonstige;Diesel;1999;632
2017;Sonstige;Diesel;2000;1645
2017;Sonstige;Diesel;2001;2584
2017;Sonstige;Diesel;2002;2250
2017;Sonstige;Diesel;2003;1571
2017;Sonstige;Diesel;2004;1650
2017;Sonstige;Diesel;2005;901
2017;Sonstige;Diesel;2006;451
2017;Sonstige;Diesel;2007;237
2017;Sonstige;Diesel;2008;179
2017;Sonstige;Diesel;2009;122
2017;Sonstige;Diesel;2010;106
2017;Sonstige;Diesel;2011;259
2017;Sonstige;Diesel;2012;255
2017;Sonstige;Diesel;2013;141
2017;Sonstige;Diesel;2014;313
2017;Sonstige;Diesel;2015;538
2017;Sonstige;Diesel;2016;639
2017;Sonstige;Diesel;2017;316
2017;Sonstige;Diesel;fehlende/unplausible Angabe;2
2017;Sonstige;Elektro (BEV);1961;1
2017;Sonstige;Elektro (BEV);1966;1
2017;Sonstige;Elektro (BEV);1985;1
2017;Sonstige;Elektro (BEV);1986;1
2017;Sonstige;Elektro (BEV);1988;1
2017;Sonstige;Elektro (BEV);1989;1
2017;Sonstige;Elektro (BEV);1990;4
2017;Sonstige;Elektro (BEV);1991;12
2017;Sonstige;Elektro (BEV);1992;7
2017;Sonstige;Elektro (BEV);1993;9
2017;Sonstige;Elektro (BEV);1994;4
2017;Sonstige;Elektro (BEV);1995;6
2017;Sonstige;Elektro (BEV);1996;6
2017;Sonstige;Elektro (BEV);1997;6
2017;Sonstige;Elektro (BEV);1998;9
2017;Sonstige;Elektro (BEV);1999;5
2017;Sonstige;Elektro (BEV);2000;5
2017;Sonstige;Elektro (BEV);2001;2
2017;Sonstige;Elektro (BEV);2003;6
2017;Sonstige;Elektro (BEV);2005;1
2017;Sonstige;Elektro (BEV);2008;1
2017;Sonstige;Elektro (BEV);2009;6
2017;Sonstige;Elektro (BEV);2010;19
2017;Sonstige;Elektro (BEV);2011;8
2017;Sonstige;Elektro (BEV);2012;26
2017;Sonstige;Elektro (BEV);2013;24
2017;Sonstige;Elektro (BEV);2014;389
2017;Sonstige;Elektro (BEV);2015;23
2017;Sonstige;Elektro (BEV);2016;31
2017;Sonstige;Elektro (BEV);2017;20
2017;Sonstige;Hybrid;1955;1
2017;Sonstige;Hybrid;1966;1
2017;Sonstige;Hybrid;1973;1
2017;Sonstige;Hybrid;1986;1
2017;Sonstige;Hybrid;1989;1
2017;Sonstige;Hybrid;1993;1
2017;Sonstige;Hybrid;2000;1
2017;Sonstige;Hybrid;2003;1
2017;Sonstige;Hybrid;2004;1
2017;Sonstige;Hybrid;2005;3
2017;Sonstige;Hybrid;2006;2
2017;Sonstige;Hybrid;2007;3
2017;Sonstige;Hybrid;2008;5
2017;Sonstige;Hybrid;2009;5
2017;Sonstige;Hybrid;2010;7
2017;Sonstige;Hybrid;2011;4
2017;Sonstige;Hybrid;2012;29
2017;Sonstige;Hybrid;2013;18
2017;Sonstige;Hybrid;2014;54
2017;Sonstige;Hybrid;2015;104
2017;Sonstige;Hybrid;2016;126
2017;Sonstige;Hybrid;2017;59
2017;Sonstige;Sonstige;1919;1
2017;Sonstige;Sonstige;1959;1
2017;Sonstige;Sonstige;1964;1
2017;Sonstige;Sonstige;1965;1
2017;Sonstige;Sonstige;1967;1
2017;Sonstige;Sonstige;1968;2
2017;Sonstige;Sonstige;1969;1
2017;Sonstige;Sonstige;1970;1
2017;Sonstige;Sonstige;1971;3
2017;Sonstige;Sonstige;1975;1
2017;Sonstige;Sonstige;1976;1
2017;Sonstige;Sonstige;1983;2
2017;Sonstige;Sonstige;1984;1
2017;Sonstige;Sonstige;1987;1
2017;Sonstige;Sonstige;1988;2
2017;Sonstige;Sonstige;1989;3
2017;Sonstige;Sonstige;1990;1
2017;Sonstige;Sonstige;1996;1
2017;Sonstige;Sonstige;1997;1
2017;Sonstige;Sonstige;1998;1
2017;Sonstige;Sonstige;1999;1
2017;Sonstige;Sonstige;2000;1
2017;Sonstige;Sonstige;2001;2
2017;Sonstige;Sonstige;2002;1
2017;Sonstige;Sonstige;2003;2
2017;Sonstige;Sonstige;2004;1
2017;Sonstige;Sonstige;2005;1
2017;Sonstige;Sonstige;2006;1
2017;Sonstige;Sonstige;2008;3
2017;Sonstige;Sonstige;2010;1
2017;Sonstige;Sonstige;2011;2
2017;Sonstige;Sonstige;2012;1
2017;Sonstige;Sonstige;2013;1
2017;Sonstige;Sonstige;2014;5
2017;Sonstige;Sonstige;2015;7
2017;Sonstige;Sonstige;2016;3
2017;Sonstige;Flüssiggas (LPG) (einschl. bivalent);1954;1
2017;Sonstige;Flüssiggas (LPG) (einschl. bivalent);1957;1
2017;Sonstige;Flüssiggas (LPG) (einschl. bivalent);1958;1
2017;Sonstige;Flüssiggas (LPG) (einschl. bivalent);1962;1
2017;Sonstige;Flüssiggas (LPG) (einschl. bivalent);1963;1
2017;Sonstige;Flüssiggas (LPG) (einschl. bivalent);1965;3
2017;Sonstige;Flüssiggas (LPG) (einschl. bivalent);1966;3
2017;Sonstige;Flüssiggas (LPG) (einschl. bivalent);1967;5
2017;Sonstige;Flüssiggas (LPG) (einschl. bivalent);1968;6
2017;Sonstige;Flüssiggas (LPG) (einschl. bivalent);1969;5
2017;Sonstige;Flüssiggas (LPG) (einschl. bivalent);1970;11
2017;Sonstige;Flüssiggas (LPG) (einschl. bivalent);1971;6
2017;Sonstige;Flüssiggas (LPG) (einschl. bivalent);1972;6
2017;Sonstige;Flüssiggas (LPG) (einschl. bivalent);1973;7
2017;Sonstige;Flüssiggas (LPG) (einschl. bivalent);1974;4
2017;Sonstige;Flüssiggas (LPG) (einschl. bivalent);1975;7
2017;Sonstige;Flüssiggas (LPG) (einschl. bivalent);1976;3
2017;Sonstige;Flüssiggas (LPG) (einschl. bivalent);1977;6
2017;Sonstige;Flüssiggas (LPG) (einschl. bivalent);1978;12
2017;Sonstige;Flüssiggas (LPG) (einschl. bivalent);1979;31
2017;Sonstige;Flüssiggas (LPG) (einschl. bivalent);1980;17
2017;Sonstige;Flüssiggas (LPG) (einschl. bivalent);1981;25
2017;Sonstige;Flüssiggas (LPG) (einschl. bivalent);1982;21
2017;Sonstige;Flüssiggas (LPG) (einschl. bivalent);1983;35
2017;Sonstige;Flüssiggas (LPG) (einschl. bivalent);1984;26
2017;Sonstige;Flüssiggas (LPG) (einschl. bivalent);1985;37
2017;Sonstige;Flüssiggas (LPG) (einschl. bivalent);1986;52
2017;Sonstige;Flüssiggas (LPG) (einschl. bivalent);1987;89
2017;Sonstige;Flüssiggas (LPG) (einschl. bivalent);1988;141
2017;Sonstige;Flüssiggas (LPG) (einschl. bivalent);1989;213
2017;Sonstige;Flüssiggas (LPG) (einschl. bivalent);1990;56
2017;Sonstige;Flüssiggas (LPG) (einschl. bivalent);1991;57
2017;Sonstige;Flüssiggas (LPG) (einschl. bivalent);1992;72
2017;Sonstige;Flüssiggas (LPG) (einschl. bivalent);1993;52
2017;Sonstige;Flüssiggas (LPG) (einschl. bivalent);1994;78
2017;Sonstige;Flüssiggas (LPG) (einschl. bivalent);1995;90
2017;Sonstige;Flüssiggas (LPG) (einschl. bivalent);1996;121
2017;Sonstige;Flüssiggas (LPG) (einschl. bivalent);1997;139
2017;Sonstige;Flüssiggas (LPG) (einschl. bivalent);1998;131
2017;Sonstige;Flüssiggas (LPG) (einschl. bivalent);1999;123
2017;Sonstige;Flüssiggas (LPG) (einschl. bivalent);2000;139
2017;Sonstige;Flüssiggas (LPG) (einschl. bivalent);2001;153
2017;Sonstige;Flüssiggas (LPG) (einschl. bivalent);2002;143
2017;Sonstige;Flüssiggas (LPG) (einschl. bivalent);2003;132
2017;Sonstige;Flüssiggas (LPG) (einschl. bivalent);2004;193
2017;Sonstige;Flüssiggas (LPG) (einschl. bivalent);2005;240
2017;Sonstige;Flüssiggas (LPG) (einschl. bivalent);2006;187
2017;Sonstige;Flüssiggas (LPG) (einschl. bivalent);2007;90
2017;Sonstige;Flüssiggas (LPG) (einschl. bivalent);2008;125
2017;Sonstige;Flüssiggas (LPG) (einschl. bivalent);2009;64
2017;Sonstige;Flüssiggas (LPG) (einschl. bivalent);2010;39
2017;Sonstige;Flüssiggas (LPG) (einschl. bivalent);2011;44
2017;Sonstige;Flüssiggas (LPG) (einschl. bivalent);2012;28
2017;Sonstige;Flüssiggas (LPG) (einschl. bivalent);2013;39
2017;Sonstige;Flüssiggas (LPG) (einschl. bivalent);2014;53
2017;Sonstige;Flüssiggas (LPG) (einschl. bivalent);2015;26
2017;Sonstige;Flüssiggas (LPG) (einschl. bivalent);2016;15
2017;Sonstige;Flüssiggas (LPG) (einschl. bivalent);2017;3
2017;Sonstige;Erdgas (CNG) (einschl. bivalent);1934;1
2017;Sonstige;Erdgas (CNG) (einschl. bivalent);1973;1
2017;Sonstige;Erdgas (CNG) (einschl. bivalent);1984;1
2017;Sonstige;Erdgas (CNG) (einschl. bivalent);1989;3
2017;Sonstige;Erdgas (CNG) (einschl. bivalent);1994;1
2017;Sonstige;Erdgas (CNG) (einschl. bivalent);1995;3
2017;Sonstige;Erdgas (CNG) (einschl. bivalent);1996;2
2017;Sonstige;Erdgas (CNG) (einschl. bivalent);1997;3
2017;Sonstige;Erdgas (CNG) (einschl. bivalent);1998;2
2017;Sonstige;Erdgas (CNG) (einschl. bivalent);1999;2
2017;Sonstige;Erdgas (CNG) (einschl. bivalent);2000;4
2017;Sonstige;Erdgas (CNG) (einschl. bivalent);2001;5
2017;Sonstige;Erdgas (CNG) (einschl. bivalent);2002;4
2017;Sonstige;Erdgas (CNG) (einschl. bivalent);2003;14
2017;Sonstige;Erdgas (CNG) (einschl. bivalent);2004;2
2017;Sonstige;Erdgas (CNG) (einschl. bivalent);2005;1
2017;Sonstige;Erdgas (CNG) (einschl. bivalent);2007;1
2017;Sonstige;Erdgas (CNG) (einschl. bivalent);2013;4
2017;Sonstige;Erdgas (CNG) (einschl. bivalent);2014;1
2017;Sonstige;Erdgas (CNG) (einschl. bivalent);2015;4
2017;Sonstige;Erdgas (CNG) (einschl. bivalent);2016;5
2017;Sonstige;Erdgas (CNG) (einschl. bivalent);2017;1
2018;Minis;Benzin;1990;142
2018;Minis;Benzin;1991;272
2018;Minis;Benzin;1992;453
2018;Minis;Benzin;1993;977
2018;Minis;Benzin;1994;1198
2018;Minis;Benzin;1995;2413
2018;Minis;Benzin;1996;3882
2018;Minis;Benzin;1997;8645
2018;Minis;Benzin;1998;14681
2018;Minis;Benzin;1999;30570
2018;Minis;Benzin;2000;26988
2018;Minis;Benzin;2001;32437
2018;Minis;Benzin;2002;26976
2018;Minis;Benzin;2003;23958
2018;Minis;Benzin;2004;18719
2018;Minis;Benzin;2005;23084
2018;Minis;Benzin;2006;21035
2018;Minis;Benzin;2007;19636
2018;Minis;Benzin;2008;18419
2018;Minis;Benzin;2009;32542
2018;Minis;Benzin;2010;17788
2018;Minis;Benzin;2011;15046
2018;Minis;Benzin;2012;17679
2018;Minis;Benzin;2013;20235
2018;Minis;Benzin;2014;27078
2018;Minis;Benzin;2015;32079
2018;Minis;Benzin;2016;16726
2018;Minis;Benzin;2017;34232
2018;Minis;Benzin;2018;48000
2018;Minis;Diesel;1993;11
2018;Minis;Diesel;1994;9
2018;Minis;Diesel;1995;3
2018;Minis;Diesel;1996;14
2018;Minis;Diesel;1997;22
2018;Minis;Diesel;1998;230
2018;Minis;Diesel;1999;1000
2018;Minis;Diesel;2000;2509
2018;Minis;Diesel;2001;2899
2018;Minis;Diesel;2002;2162
2018;Minis;Diesel;2003;1591
2018;Minis;Diesel;2004;1349
2018;Minis;Diesel;2005;1171
2018;Minis;Diesel;2006;1496
2018;Minis;Diesel;2007;1467
2018;Minis;Diesel;2008;1755
2018;Minis;Diesel;2009;1275
2018;Minis;Diesel;2010;877
2018;Minis;Diesel;2011;683
2018;Minis;Diesel;2012;491
2018;Minis;Diesel;2013;702
2018;Minis;Diesel;2014;334
2018;Minis;Diesel;2015;358
2018;Minis;Diesel;2016;282
2018;Minis;Diesel;2017;216
2018;Minis;Diesel;2018;1037
2018;Minis;Elektro (BEV);1998;3
2018;Minis;Elektro (BEV);1999;2
2018;Minis;Elektro (BEV);2000;5
2018;Minis;Elektro (BEV);2001;3
2018;Minis;Elektro (BEV);2002;1
2018;Minis;Elektro (BEV);2003;1
2018;Minis;Elektro (BEV);2009;4
2018;Minis;Elektro (BEV);2010;20
2018;Minis;Elektro (BEV);2011;70
2018;Minis;Elektro (BEV);2012;138
2018;Minis;Elektro (BEV);2013;569
2018;Minis;Elektro (BEV);2014;527
2018;Minis;Elektro (BEV);2015;243
2018;Minis;Elektro (BEV);2016;72
2018;Minis;Elektro (BEV);2017;496
2018;Minis;Elektro (BEV);2018;141
2018;Minis;Hybrid;1994;1
2018;Minis;Hybrid;2001;1
2018;Minis;Hybrid;2002;1
2018;Minis;Hybrid;2016;1
2018;Minis;Sonstige;1998;1
2018;Minis;Sonstige;2003;1
2018;Minis;Sonstige;2006;2
2018;Minis;Sonstige;2008;1
2018;Minis;Flüssiggas (LPG) (einschl. bivalent);1993;1
2018;Minis;Flüssiggas (LPG) (einschl. bivalent);1994;1
2018;Minis;Flüssiggas (LPG) (einschl. bivalent);1995;5
2018;Minis;Flüssiggas (LPG) (einschl. bivalent);1996;4
2018;Minis;Flüssiggas (LPG) (einschl. bivalent);1997;12
2018;Minis;Flüssiggas (LPG) (einschl. bivalent);1998;22
2018;Minis;Flüssiggas (LPG) (einschl. bivalent);1999;58
2018;Minis;Flüssiggas (LPG) (einschl. bivalent);2000;69
2018;Minis;Flüssiggas (LPG) (einschl. bivalent);2001;68
2018;Minis;Flüssiggas (LPG) (einschl. bivalent);2002;86
2018;Minis;Flüssiggas (LPG) (einschl. bivalent);2003;118
2018;Minis;Flüssiggas (LPG) (einschl. bivalent);2004;127
2018;Minis;Flüssiggas (LPG) (einschl. bivalent);2005;250
2018;Minis;Flüssiggas (LPG) (einschl. bivalent);2006;263
2018;Minis;Flüssiggas (LPG) (einschl. bivalent);2007;254
2018;Minis;Flüssiggas (LPG) (einschl. bivalent);2008;341
2018;Minis;Flüssiggas (LPG) (einschl. bivalent);2009;334
2018;Minis;Flüssiggas (LPG) (einschl. bivalent);2010;158
2018;Minis;Flüssiggas (LPG) (einschl. bivalent);2011;97
2018;Minis;Flüssiggas (LPG) (einschl. bivalent);2012;124
2018;Minis;Flüssiggas (LPG) (einschl. bivalent);2013;66
2018;Minis;Flüssiggas (LPG) (einschl. bivalent);2014;116
2018;Minis;Flüssiggas (LPG) (einschl. bivalent);2015;98
2018;Minis;Flüssiggas (LPG) (einschl. bivalent);2016;34
2018;Minis;Flüssiggas (LPG) (einschl. bivalent);2017;45
2018;Minis;Flüssiggas (LPG) (einschl. bivalent);2018;40
2018;Minis;Erdgas (CNG) (einschl. bivalent);1997;1
2018;Minis;Erdgas (CNG) (einschl. bivalent);1999;3
2018;Minis;Erdgas (CNG) (einschl. bivalent);2000;7
2018;Minis;Erdgas (CNG) (einschl. bivalent);2001;12
2018;Minis;Erdgas (CNG) (einschl. bivalent);2002;6
2018;Minis;Erdgas (CNG) (einschl. bivalent);2003;13
2018;Minis;Erdgas (CNG) (einschl. bivalent);2004;7
2018;Minis;Erdgas (CNG) (einschl. bivalent);2005;18
2018;Minis;Erdgas (CNG) (einschl. bivalent);2006;8
2018;Minis;Erdgas (CNG) (einschl. bivalent);2007;104
2018;Minis;Erdgas (CNG) (einschl. bivalent);2008;118
2018;Minis;Erdgas (CNG) (einschl. bivalent);2009;75
2018;Minis;Erdgas (CNG) (einschl. bivalent);2010;18
2018;Minis;Erdgas (CNG) (einschl. bivalent);2011;32
2018;Minis;Erdgas (CNG) (einschl. bivalent);2012;5
2018;Minis;Erdgas (CNG) (einschl. bivalent);2013;341
2018;Minis;Erdgas (CNG) (einschl. bivalent);2014;631
2018;Minis;Erdgas (CNG) (einschl. bivalent);2015;364
2018;Minis;Erdgas (CNG) (einschl. bivalent);2016;72
2018;Minis;Erdgas (CNG) (einschl. bivalent);2017;56
2018;Minis;Erdgas (CNG) (einschl. bivalent);2018;33
2018;Kleinwagen;Benzin;1990;1639
2018;Kleinwagen;Benzin;1991;4173
2018;Kleinwagen;Benzin;1992;3801
2018;Kleinwagen;Benzin;1993;5780
2018;Kleinwagen;Benzin;1994;8166
2018;Kleinwagen;Benzin;1995;24366
2018;Kleinwagen;Benzin;1996;33639
2018;Kleinwagen;Benzin;1997;49125
2018;Kleinwagen;Benzin;1998;47584
2018;Kleinwagen;Benzin;1999;68791
2018;Kleinwagen;Benzin;2000;62960
2018;Kleinwagen;Benzin;2001;77536
2018;Kleinwagen;Benzin;2002;72510
2018;Kleinwagen;Benzin;2003;82864
2018;Kleinwagen;Benzin;2004;64012
2018;Kleinwagen;Benzin;2005;66466
2018;Kleinwagen;Benzin;2006;62305
2018;Kleinwagen;Benzin;2007;57636
2018;Kleinwagen;Benzin;2008;49741
2018;Kleinwagen;Benzin;2009;72021
2018;Kleinwagen;Benzin;2010;42750
2018;Kleinwagen;Benzin;2011;42285
2018;Kleinwagen;Benzin;2012;34316
2018;Kleinwagen;Benzin;2013;34138
2018;Kleinwagen;Benzin;2014;47543
2018;Kleinwagen;Benzin;2015;51861
2018;Kleinwagen;Benzin;2016;28393
2018;Kleinwagen;Benzin;2017;76928
2018;Kleinwagen;Benzin;2018;78767
2018;Kleinwagen;Diesel;1990;8
2018;Kleinwagen;Diesel;1991;30
2018;Kleinwagen;Diesel;1992;49
2018;Kleinwagen;Diesel;1993;31
2018;Kleinwagen;Diesel;1994;27
2018;Kleinwagen;Diesel;1995;28
2018;Kleinwagen;Diesel;1996;77
2018;Kleinwagen;Diesel;1997;197
2018;Kleinwagen;Diesel;1998;481
2018;Kleinwagen;Diesel;1999;657
2018;Kleinwagen;Diesel;2000;1964
2018;Kleinwagen;Diesel;2001;3950
2018;Kleinwagen;Diesel;2002;6177
2018;Kleinwagen;Diesel;2003;8995
2018;Kleinwagen;Diesel;2004;10440
2018;Kleinwagen;Diesel;2005;10390
2018;Kleinwagen;Diesel;2006;11152
2018;Kleinwagen;Diesel;2007;12330
2018;Kleinwagen;Diesel;2008;9729
2018;Kleinwagen;Diesel;2009;8544
2018;Kleinwagen;Diesel;2010;7455
2018;Kleinwagen;Diesel;2011;8521
2018;Kleinwagen;Diesel;2012;7249
2018;Kleinwagen;Diesel;2013;7481
2018;Kleinwagen;Diesel;2014;9505
2018;Kleinwagen;Diesel;2015;12326
2018;Kleinwagen;Diesel;2016;5164
2018;Kleinwagen;Diesel;2017;6881
2018;Kleinwagen;Diesel;2018;4067
2018;Kleinwagen;Elektro (BEV);1996;4
2018;Kleinwagen;Elektro (BEV);1997;4
2018;Kleinwagen;Elektro (BEV);1998;3
2018;Kleinwagen;Elektro (BEV);1999;1
2018;Kleinwagen;Elektro (BEV);2000;2
2018;Kleinwagen;Elektro (BEV);2002;2
2018;Kleinwagen;Elektro (BEV);2004;2
2018;Kleinwagen;Elektro (BEV);2012;1
2018;Kleinwagen;Elektro (BEV);2013;187
2018;Kleinwagen;Elektro (BEV);2014;394
2018;Kleinwagen;Elektro (BEV);2015;655
2018;Kleinwagen;Elektro (BEV);2016;704
2018;Kleinwagen;Elektro (BEV);2017;768
2018;Kleinwagen;Elektro (BEV);2018;243
2018;Kleinwagen;Hybrid;2000;1
2018;Kleinwagen;Hybrid;2003;1
2018;Kleinwagen;Hybrid;2006;2
2018;Kleinwagen;Hybrid;2011;63
2018;Kleinwagen;Hybrid;2012;431
2018;Kleinwagen;Hybrid;2013;657
2018;Kleinwagen;Hybrid;2014;875
2018;Kleinwagen;Hybrid;2015;1045
2018;Kleinwagen;Hybrid;2016;1117
2018;Kleinwagen;Hybrid;2017;1682
2018;Kleinwagen;Hybrid;2018;1880
2018;Kleinwagen;Sonstige;1994;1
2018;Kleinwagen;Sonstige;1997;1
2018;Kleinwagen;Sonstige;1999;1
2018;Kleinwagen;Sonstige;2001;3
2018;Kleinwagen;Sonstige;2002;3
2018;Kleinwagen;Sonstige;2003;1
2018;Kleinwagen;Sonstige;2004;1
2018;Kleinwagen;Sonstige;2005;2
2018;Kleinwagen;Sonstige;2006;3
2018;Kleinwagen;Sonstige;2007;2
2018;Kleinwagen;Sonstige;2009;2
2018;Kleinwagen;Sonstige;2011;2
2018;Kleinwagen;Sonstige;2013;1
2018;Kleinwagen;Flüssiggas (LPG) (einschl. bivalent);1990;4
2018;Kleinwagen;Flüssiggas (LPG) (einschl. bivalent);1991;11
2018;Kleinwagen;Flüssiggas (LPG) (einschl. bivalent);1992;8
2018;Kleinwagen;Flüssiggas (LPG) (einschl. bivalent);1993;9
2018;Kleinwagen;Flüssiggas (LPG) (einschl. bivalent);1994;20
2018;Kleinwagen;Flüssiggas (LPG) (einschl. bivalent);1995;49
2018;Kleinwagen;Flüssiggas (LPG) (einschl. bivalent);1996;80
2018;Kleinwagen;Flüssiggas (LPG) (einschl. bivalent);1997;113
2018;Kleinwagen;Flüssiggas (LPG) (einschl. bivalent);1998;99
2018;Kleinwagen;Flüssiggas (LPG) (einschl. bivalent);1999;180
2018;Kleinwagen;Flüssiggas (LPG) (einschl. bivalent);2000;196
2018;Kleinwagen;Flüssiggas (LPG) (einschl. bivalent);2001;312
2018;Kleinwagen;Flüssiggas (LPG) (einschl. bivalent);2002;410
2018;Kleinwagen;Flüssiggas (LPG) (einschl. bivalent);2003;620
2018;Kleinwagen;Flüssiggas (LPG) (einschl. bivalent);2004;586
2018;Kleinwagen;Flüssiggas (LPG) (einschl. bivalent);2005;858
2018;Kleinwagen;Flüssiggas (LPG) (einschl. bivalent);2006;1007
2018;Kleinwagen;Flüssiggas (LPG) (einschl. bivalent);2007;1230
2018;Kleinwagen;Flüssiggas (LPG) (einschl. bivalent);2008;1366
2018;Kleinwagen;Flüssiggas (LPG) (einschl. bivalent);2009;970
2018;Kleinwagen;Flüssiggas (LPG) (einschl. bivalent);2010;466
2018;Kleinwagen;Flüssiggas (LPG) (einschl. bivalent);2011;302
2018;Kleinwagen;Flüssiggas (LPG) (einschl. bivalent);2012;263
2018;Kleinwagen;Flüssiggas (LPG) (einschl. bivalent);2013;153
2018;Kleinwagen;Flüssiggas (LPG) (einschl. bivalent);2014;92
2018;Kleinwagen;Flüssiggas (LPG) (einschl. bivalent);2015;43
2018;Kleinwagen;Flüssiggas (LPG) (einschl. bivalent);2016;19
2018;Kleinwagen;Flüssiggas (LPG) (einschl. bivalent);2017;10
2018;Kleinwagen;Flüssiggas (LPG) (einschl. bivalent);2018;14
2018;Kleinwagen;Erdgas (CNG) (einschl. bivalent);1994;1
2018;Kleinwagen;Erdgas (CNG) (einschl. bivalent);1995;2
2018;Kleinwagen;Erdgas (CNG) (einschl. bivalent);1996;2
2018;Kleinwagen;Erdgas (CNG) (einschl. bivalent);1997;17
2018;Kleinwagen;Erdgas (CNG) (einschl. bivalent);1998;6
2018;Kleinwagen;Erdgas (CNG) (einschl. bivalent);1999;10
2018;Kleinwagen;Erdgas (CNG) (einschl. bivalent);2000;6
2018;Kleinwagen;Erdgas (CNG) (einschl. bivalent);2001;20
2018;Kleinwagen;Erdgas (CNG) (einschl. bivalent);2002;9
2018;Kleinwagen;Erdgas (CNG) (einschl. bivalent);2003;16
2018;Kleinwagen;Erdgas (CNG) (einschl. bivalent);2004;53
2018;Kleinwagen;Erdgas (CNG) (einschl. bivalent);2005;112
2018;Kleinwagen;Erdgas (CNG) (einschl. bivalent);2006;125
2018;Kleinwagen;Erdgas (CNG) (einschl. bivalent);2007;44
2018;Kleinwagen;Erdgas (CNG) (einschl. bivalent);2008;36
2018;Kleinwagen;Erdgas (CNG) (einschl. bivalent);2009;68
2018;Kleinwagen;Erdgas (CNG) (einschl. bivalent);2010;25
2018;Kleinwagen;Erdgas (CNG) (einschl. bivalent);2011;29
2018;Kleinwagen;Erdgas (CNG) (einschl. bivalent);2012;34
2018;Kleinwagen;Erdgas (CNG) (einschl. bivalent);2013;19
2018;Kleinwagen;Erdgas (CNG) (einschl. bivalent);2014;5
2018;Kleinwagen;Erdgas (CNG) (einschl. bivalent);2015;2
2018;Kleinwagen;Erdgas (CNG) (einschl. bivalent);2016;3
2018;Kleinwagen;Erdgas (CNG) (einschl. bivalent);2017;19
2018;Kleinwagen;Erdgas (CNG) (einschl. bivalent);2018;58
2018;Kompaktklasse;Benzin;1990;6085
2018;Kompaktklasse;Benzin;1991;8791
2018;Kompaktklasse;Benzin;1992;8727
2018;Kompaktklasse;Benzin;1993;12925
2018;Kompaktklasse;Benzin;1994;16186
2018;Kompaktklasse;Benzin;1995;27401
2018;Kompaktklasse;Benzin;1996;30815
2018;Kompaktklasse;Benzin;1997;48696
2018;Kompaktklasse;Benzin;1998;72371
2018;Kompaktklasse;Benzin;1999;107085
2018;Kompaktklasse;Benzin;2000;74601
2018;Kompaktklasse;Benzin;2001;73711
2018;Kompaktklasse;Benzin;2002;61636
2018;Kompaktklasse;Benzin;2003;59701
2018;Kompaktklasse;Benzin;2004;56478
2018;Kompaktklasse;Benzin;2005;63243
2018;Kompaktklasse;Benzin;2006;52572
2018;Kompaktklasse;Benzin;2007;44201
2018;Kompaktklasse;Benzin;2008;46133
2018;Kompaktklasse;Benzin;2009;65299
2018;Kompaktklasse;Benzin;2010;44973
2018;Kompaktklasse;Benzin;2011;39838
2018;Kompaktklasse;Benzin;2012;33618
2018;Kompaktklasse;Benzin;2013;38161
2018;Kompaktklasse;Benzin;2014;53636
2018;Kompaktklasse;Benzin;2015;58206
2018;Kompaktklasse;Benzin;2016;34680
2018;Kompaktklasse;Benzin;2017;130208
2018;Kompaktklasse;Benzin;2018;109723
2018;Kompaktklasse;Diesel;1990;241
2018;Kompaktklasse;Diesel;1991;400
2018;Kompaktklasse;Diesel;1992;276
2018;Kompaktklasse;Diesel;1993;304
2018;Kompaktklasse;Diesel;1994;397
2018;Kompaktklasse;Diesel;1995;652
2018;Kompaktklasse;Diesel;1996;1006
2018;Kompaktklasse;Diesel;1997;1686
2018;Kompaktklasse;Diesel;1998;4516
2018;Kompaktklasse;Diesel;1999;11912
2018;Kompaktklasse;Diesel;2000;15025
2018;Kompaktklasse;Diesel;2001;19005
2018;Kompaktklasse;Diesel;2002;22057
2018;Kompaktklasse;Diesel;2003;26569
2018;Kompaktklasse;Diesel;2004;30529
2018;Kompaktklasse;Diesel;2005;37763
2018;Kompaktklasse;Diesel;2006;39624
2018;Kompaktklasse;Diesel;2007;44352
2018;Kompaktklasse;Diesel;2008;39038
2018;Kompaktklasse;Diesel;2009;29250
2018;Kompaktklasse;Diesel;2010;27264
2018;Kompaktklasse;Diesel;2011;30395
2018;Kompaktklasse;Diesel;2012;26771
2018;Kompaktklasse;Diesel;2013;35548
2018;Kompaktklasse;Diesel;2014;56967
2018;Kompaktklasse;Diesel;2015;76341
2018;Kompaktklasse;Diesel;2016;28704
2018;Kompaktklasse;Diesel;2017;66405
2018;Kompaktklasse;Diesel;2018;29309
2018;Kompaktklasse;Elektro (BEV);2011;15
2018;Kompaktklasse;Elektro (BEV);2012;78
2018;Kompaktklasse;Elektro (BEV);2013;63
2018;Kompaktklasse;Elektro (BEV);2014;150
2018;Kompaktklasse;Elektro (BEV);2015;255
2018;Kompaktklasse;Elektro (BEV);2016;236
2018;Kompaktklasse;Elektro (BEV);2017;791
2018;Kompaktklasse;Elektro (BEV);2018;1572
2018;Kompaktklasse;Hybrid;1992;1
2018;Kompaktklasse;Hybrid;2001;2
2018;Kompaktklasse;Hybrid;2003;24
2018;Kompaktklasse;Hybrid;2004;147
2018;Kompaktklasse;Hybrid;2005;273
2018;Kompaktklasse;Hybrid;2006;319
2018;Kompaktklasse;Hybrid;2007;479
2018;Kompaktklasse;Hybrid;2008;369
2018;Kompaktklasse;Hybrid;2009;464
2018;Kompaktklasse;Hybrid;2010;518
2018;Kompaktklasse;Hybrid;2011;654
2018;Kompaktklasse;Hybrid;2012;691
2018;Kompaktklasse;Hybrid;2013;1171
2018;Kompaktklasse;Hybrid;2014;1308
2018;Kompaktklasse;Hybrid;2015;1905
2018;Kompaktklasse;Hybrid;2016;1447
2018;Kompaktklasse;Hybrid;2017;3385
2018;Kompaktklasse;Hybrid;2018;2191
2018;Kompaktklasse;Sonstige;1991;1
2018;Kompaktklasse;Sonstige;1996;2
2018;Kompaktklasse;Sonstige;1997;1
2018;Kompaktklasse;Sonstige;1998;1
2018;Kompaktklasse;Sonstige;1999;1
2018;Kompaktklasse;Sonstige;2001;3
2018;Kompaktklasse;Sonstige;2002;2
2018;Kompaktklasse;Sonstige;2003;1
2018;Kompaktklasse;Sonstige;2004;3
2018;Kompaktklasse;Sonstige;2005;6
2018;Kompaktklasse;Sonstige;2006;1
2018;Kompaktklasse;Sonstige;2007;6
2018;Kompaktklasse;Sonstige;2009;66
2018;Kompaktklasse;Sonstige;2010;38
2018;Kompaktklasse;Sonstige;2011;113
2018;Kompaktklasse;Sonstige;2012;129
2018;Kompaktklasse;Sonstige;2013;16
2018;Kompaktklasse;Sonstige;2014;1
2018;Kompaktklasse;Sonstige;2015;3
2018;Kompaktklasse;Sonstige;2016;1
2018;Kompaktklasse;Flüssiggas (LPG) (einschl. bivalent);1990;19
2018;Kompaktklasse;Flüssiggas (LPG) (einschl. bivalent);1991;35
2018;Kompaktklasse;Flüssiggas (LPG) (einschl. bivalent);1992;37
2018;Kompaktklasse;Flüssiggas (LPG) (einschl. bivalent);1993;72
2018;Kompaktklasse;Flüssiggas (LPG) (einschl. bivalent);1994;76
2018;Kompaktklasse;Flüssiggas (LPG) (einschl. bivalent);1995;148
2018;Kompaktklasse;Flüssiggas (LPG) (einschl. bivalent);1996;166
2018;Kompaktklasse;Flüssiggas (LPG) (einschl. bivalent);1997;352
2018;Kompaktklasse;Flüssiggas (LPG) (einschl. bivalent);1998;673
2018;Kompaktklasse;Flüssiggas (LPG) (einschl. bivalent);1999;1071
2018;Kompaktklasse;Flüssiggas (LPG) (einschl. bivalent);2000;842
2018;Kompaktklasse;Flüssiggas (LPG) (einschl. bivalent);2001;915
2018;Kompaktklasse;Flüssiggas (LPG) (einschl. bivalent);2002;1016
2018;Kompaktklasse;Flüssiggas (LPG) (einschl. bivalent);2003;1165
2018;Kompaktklasse;Flüssiggas (LPG) (einschl. bivalent);2004;1273
2018;Kompaktklasse;Flüssiggas (LPG) (einschl. bivalent);2005;1620
2018;Kompaktklasse;Flüssiggas (LPG) (einschl. bivalent);2006;1540
2018;Kompaktklasse;Flüssiggas (LPG) (einschl. bivalent);2007;1726
2018;Kompaktklasse;Flüssiggas (LPG) (einschl. bivalent);2008;2059
2018;Kompaktklasse;Flüssiggas (LPG) (einschl. bivalent);2009;1338
2018;Kompaktklasse;Flüssiggas (LPG) (einschl. bivalent);2010;804
2018;Kompaktklasse;Flüssiggas (LPG) (einschl. bivalent);2011;455
2018;Kompaktklasse;Flüssiggas (LPG) (einschl. bivalent);2012;608
2018;Kompaktklasse;Flüssiggas (LPG) (einschl. bivalent);2013;279
2018;Kompaktklasse;Flüssiggas (LPG) (einschl. bivalent);2014;231
2018;Kompaktklasse;Flüssiggas (LPG) (einschl. bivalent);2015;90
2018;Kompaktklasse;Flüssiggas (LPG) (einschl. bivalent);2016;61
2018;Kompaktklasse;Flüssiggas (LPG) (einschl. bivalent);2017;43
2018;Kompaktklasse;Flüssiggas (LPG) (einschl. bivalent);2018;23
2018;Kompaktklasse;Erdgas (CNG) (einschl. bivalent);1992;1
2018;Kompaktklasse;Erdgas (CNG) (einschl. bivalent);1994;3
2018;Kompaktklasse;Erdgas (CNG) (einschl. bivalent);1995;2
2018;Kompaktklasse;Erdgas (CNG) (einschl. bivalent);1996;5
2018;Kompaktklasse;Erdgas (CNG) (einschl. bivalent);1997;8
2018;Kompaktklasse;Erdgas (CNG) (einschl. bivalent);1998;14
2018;Kompaktklasse;Erdgas (CNG) (einschl. bivalent);1999;24
2018;Kompaktklasse;Erdgas (CNG) (einschl. bivalent);2000;17
2018;Kompaktklasse;Erdgas (CNG) (einschl. bivalent);2001;18
2018;Kompaktklasse;Erdgas (CNG) (einschl. bivalent);2002;20
2018;Kompaktklasse;Erdgas (CNG) (einschl. bivalent);2003;181
2018;Kompaktklasse;Erdgas (CNG) (einschl. bivalent);2004;213
2018;Kompaktklasse;Erdgas (CNG) (einschl. bivalent);2005;139
2018;Kompaktklasse;Erdgas (CNG) (einschl. bivalent);2006;39
2018;Kompaktklasse;Erdgas (CNG) (einschl. bivalent);2007;13
2018;Kompaktklasse;Erdgas (CNG) (einschl. bivalent);2008;14
2018;Kompaktklasse;Erdgas (CNG) (einschl. bivalent);2009;7
2018;Kompaktklasse;Erdgas (CNG) (einschl. bivalent);2010;2
2018;Kompaktklasse;Erdgas (CNG) (einschl. bivalent);2012;1
2018;Kompaktklasse;Erdgas (CNG) (einschl. bivalent);2013;6
2018;Kompaktklasse;Erdgas (CNG) (einschl. bivalent);2014;252
2018;Kompaktklasse;Erdgas (CNG) (einschl. bivalent);2015;261
2018;Kompaktklasse;Erdgas (CNG) (einschl. bivalent);2016;120
2018;Kompaktklasse;Erdgas (CNG) (einschl. bivalent);2017;263
2018;Kompaktklasse;Erdgas (CNG) (einschl. bivalent);2018;441
2018;Mittelklasse;Benzin;1990;6295
2018;Mittelklasse;Benzin;1991;9796
2018;Mittelklasse;Benzin;1992;11464
2018;Mittelklasse;Benzin;1993;12437
2018;Mittelklasse;Benzin;1994;18013
2018;Mittelklasse;Benzin;1995;29018
2018;Mittelklasse;Benzin;1996;33817
2018;Mittelklasse;Benzin;1997;50013
2018;Mittelklasse;Benzin;1998;52112
2018;Mittelklasse;Benzin;1999;56170
2018;Mittelklasse;Benzin;2000;43405
2018;Mittelklasse;Benzin;2001;54931
2018;Mittelklasse;Benzin;2002;45693
2018;Mittelklasse;Benzin;2003;42317
2018;Mittelklasse;Benzin;2004;29638
2018;Mittelklasse;Benzin;2005;25897
2018;Mittelklasse;Benzin;2006;22696
2018;Mittelklasse;Benzin;2007;16133
2018;Mittelklasse;Benzin;2008;18980
2018;Mittelklasse;Benzin;2009;20202
2018;Mittelklasse;Benzin;2010;14257
2018;Mittelklasse;Benzin;2011;13034
2018;Mittelklasse;Benzin;2012;9815
2018;Mittelklasse;Benzin;2013;8844
2018;Mittelklasse;Benzin;2014;11751
2018;Mittelklasse;Benzin;2015;15090
2018;Mittelklasse;Benzin;2016;13082
2018;Mittelklasse;Benzin;2017;47749
2018;Mittelklasse;Benzin;2018;32345
2018;Mittelklasse;Diesel;1990;353
2018;Mittelklasse;Diesel;1991;546
2018;Mittelklasse;Diesel;1992;694
2018;Mittelklasse;Diesel;1993;634
2018;Mittelklasse;Diesel;1994;1020
2018;Mittelklasse;Diesel;1995;1280
2018;Mittelklasse;Diesel;1996;2073
2018;Mittelklasse;Diesel;1997;3482
2018;Mittelklasse;Diesel;1998;5222
2018;Mittelklasse;Diesel;1999;10040
2018;Mittelklasse;Diesel;2000;12805
2018;Mittelklasse;Diesel;2001;21752
2018;Mittelklasse;Diesel;2002;27190
2018;Mittelklasse;Diesel;2003;33625
2018;Mittelklasse;Diesel;2004;35303
2018;Mittelklasse;Diesel;2005;36785
2018;Mittelklasse;Diesel;2006;43681
2018;Mittelklasse;Diesel;2007;43526
2018;Mittelklasse;Diesel;2008;38818
2018;Mittelklasse;Diesel;2009;27996
2018;Mittelklasse;Diesel;2010;26517
2018;Mittelklasse;Diesel;2011;30230
2018;Mittelklasse;Diesel;2012;27565
2018;Mittelklasse;Diesel;2013;31162
2018;Mittelklasse;Diesel;2014;52446
2018;Mittelklasse;Diesel;2015;92091
2018;Mittelklasse;Diesel;2016;34476
2018;Mittelklasse;Diesel;2017;59974
2018;Mittelklasse;Diesel;2018;27015
2018;Mittelklasse;Elektro (BEV);1991;1
2018;Mittelklasse;Elektro (BEV);1996;1
2018;Mittelklasse;Hybrid;1991;1
2018;Mittelklasse;Hybrid;1993;1
2018;Mittelklasse;Hybrid;1996;1
2018;Mittelklasse;Hybrid;1997;1
2018;Mittelklasse;Hybrid;2001;1
2018;Mittelklasse;Hybrid;2002;1
2018;Mittelklasse;Hybrid;2004;2
2018;Mittelklasse;Hybrid;2006;1
2018;Mittelklasse;Hybrid;2012;185
2018;Mittelklasse;Hybrid;2013;934
2018;Mittelklasse;Hybrid;2014;468
2018;Mittelklasse;Hybrid;2015;647
2018;Mittelklasse;Hybrid;2016;418
2018;Mittelklasse;Hybrid;2017;4014
2018;Mittelklasse;Hybrid;2018;5014
2018;Mittelklasse;Sonstige;1990;1
2018;Mittelklasse;Sonstige;1995;1
2018;Mittelklasse;Sonstige;1996;1
2018;Mittelklasse;Sonstige;1997;2
2018;Mittelklasse;Sonstige;1998;2
2018;Mittelklasse;Sonstige;1999;1
2018;Mittelklasse;Sonstige;2000;3
2018;Mittelklasse;Sonstige;2001;2
2018;Mittelklasse;Sonstige;2002;2
2018;Mittelklasse;Sonstige;2003;3
2018;Mittelklasse;Sonstige;2004;7
2018;Mittelklasse;Sonstige;2005;4
2018;Mittelklasse;Sonstige;2006;6
2018;Mittelklasse;Sonstige;2008;1
2018;Mittelklasse;Sonstige;2009;27
2018;Mittelklasse;Sonstige;2010;93
2018;Mittelklasse;Sonstige;2011;106
2018;Mittelklasse;Sonstige;2012;56
2018;Mittelklasse;Sonstige;2013;6
2018;Mittelklasse;Sonstige;2014;23
2018;Mittelklasse;Sonstige;2015;10
2018;Mittelklasse;Flüssiggas (LPG) (einschl. bivalent);1990;54
2018;Mittelklasse;Flüssiggas (LPG) (einschl. bivalent);1991;91
2018;Mittelklasse;Flüssiggas (LPG) (einschl. bivalent);1992;112
2018;Mittelklasse;Flüssiggas (LPG) (einschl. bivalent);1993;186
2018;Mittelklasse;Flüssiggas (LPG) (einschl. bivalent);1994;304
2018;Mittelklasse;Flüssiggas (LPG) (einschl. bivalent);1995;447
2018;Mittelklasse;Flüssiggas (LPG) (einschl. bivalent);1996;670
2018;Mittelklasse;Flüssiggas (LPG) (einschl. bivalent);1997;1076
2018;Mittelklasse;Flüssiggas (LPG) (einschl. bivalent);1998;1373
2018;Mittelklasse;Flüssiggas (LPG) (einschl. bivalent);1999;1413
2018;Mittelklasse;Flüssiggas (LPG) (einschl. bivalent);2000;1369
2018;Mittelklasse;Flüssiggas (LPG) (einschl. bivalent);2001;1990
2018;Mittelklasse;Flüssiggas (LPG) (einschl. bivalent);2002;1708
2018;Mittelklasse;Flüssiggas (LPG) (einschl. bivalent);2003;1623
2018;Mittelklasse;Flüssiggas (LPG) (einschl. bivalent);2004;1266
2018;Mittelklasse;Flüssiggas (LPG) (einschl. bivalent);2005;1140
2018;Mittelklasse;Flüssiggas (LPG) (einschl. bivalent);2006;866
2018;Mittelklasse;Flüssiggas (LPG) (einschl. bivalent);2007;663
2018;Mittelklasse;Flüssiggas (LPG) (einschl. bivalent);2008;514
2018;Mittelklasse;Flüssiggas (LPG) (einschl. bivalent);2009;260
2018;Mittelklasse;Flüssiggas (LPG) (einschl. bivalent);2010;121
2018;Mittelklasse;Flüssiggas (LPG) (einschl. bivalent);2011;66
2018;Mittelklasse;Flüssiggas (LPG) (einschl. bivalent);2012;52
2018;Mittelklasse;Flüssiggas (LPG) (einschl. bivalent);2013;17
2018;Mittelklasse;Flüssiggas (LPG) (einschl. bivalent);2014;8
2018;Mittelklasse;Flüssiggas (LPG) (einschl. bivalent);2015;7
2018;Mittelklasse;Flüssiggas (LPG) (einschl. bivalent);2016;3
2018;Mittelklasse;Flüssiggas (LPG) (einschl. bivalent);2017;2
2018;Mittelklasse;Erdgas (CNG) (einschl. bivalent);1993;1
2018;Mittelklasse;Erdgas (CNG) (einschl. bivalent);1994;3
2018;Mittelklasse;Erdgas (CNG) (einschl. bivalent);1995;3
2018;Mittelklasse;Erdgas (CNG) (einschl. bivalent);1996;6
2018;Mittelklasse;Erdgas (CNG) (einschl. bivalent);1997;16
2018;Mittelklasse;Erdgas (CNG) (einschl. bivalent);1998;8
2018;Mittelklasse;Erdgas (CNG) (einschl. bivalent);1999;19
2018;Mittelklasse;Erdgas (CNG) (einschl. bivalent);2000;10
2018;Mittelklasse;Erdgas (CNG) (einschl. bivalent);2001;9
2018;Mittelklasse;Erdgas (CNG) (einschl. bivalent);2002;19
2018;Mittelklasse;Erdgas (CNG) (einschl. bivalent);2003;7
2018;Mittelklasse;Erdgas (CNG) (einschl. bivalent);2004;14
2018;Mittelklasse;Erdgas (CNG) (einschl. bivalent);2005;22
2018;Mittelklasse;Erdgas (CNG) (einschl. bivalent);2006;13
2018;Mittelklasse;Erdgas (CNG) (einschl. bivalent);2007;3
2018;Mittelklasse;Erdgas (CNG) (einschl. bivalent);2009;138
2018;Mittelklasse;Erdgas (CNG) (einschl. bivalent);2010;76
2018;Mittelklasse;Erdgas (CNG) (einschl. bivalent);2011;70
2018;Mittelklasse;Erdgas (CNG) (einschl. bivalent);2012;60
2018;Mittelklasse;Erdgas (CNG) (einschl. bivalent);2013;85
2018;Mittelklasse;Erdgas (CNG) (einschl. bivalent);2014;132
2018;Mittelklasse;Erdgas (CNG) (einschl. bivalent);2015;6
2018;Mittelklasse;Erdgas (CNG) (einschl. bivalent);2016;9
2018;Mittelklasse;Erdgas (CNG) (einschl. bivalent);2017;214
2018;Mittelklasse;Erdgas (CNG) (einschl. bivalent);2018;225
2018;Obere Mittelklasse;Benzin;1990;2065
2018;Obere Mittelklasse;Benzin;1991;2776
2018;Obere Mittelklasse;Benzin;1992;3133
2018;Obere Mittelklasse;Benzin;1993;3696
2018;Obere Mittelklasse;Benzin;1994;4030
2018;Obere Mittelklasse;Benzin;1995;6474
2018;Obere Mittelklasse;Benzin;1996;9465
2018;Obere Mittelklasse;Benzin;1997;13457
2018;Obere Mittelklasse;Benzin;1998;14502
2018;Obere Mittelklasse;Benzin;1999;14181
2018;Obere Mittelklasse;Benzin;2000;11569
2018;Obere Mittelklasse;Benzin;2001;8834
2018;Obere Mittelklasse;Benzin;2002;6817
2018;Obere Mittelklasse;Benzin;2003;6691
2018;Obere Mittelklasse;Benzin;2004;6178
2018;Obere Mittelklasse;Benzin;2005;5147
2018;Obere Mittelklasse;Benzin;2006;3943
2018;Obere Mittelklasse;Benzin;2007;3318
2018;Obere Mittelklasse;Benzin;2008;2569
2018;Obere Mittelklasse;Benzin;2009;1980
2018;Obere Mittelklasse;Benzin;2010;2419
2018;Obere Mittelklasse;Benzin;2011;1812
2018;Obere Mittelklasse;Benzin;2012;1566
2018;Obere Mittelklasse;Benzin;2013;1527
2018;Obere Mittelklasse;Benzin;2014;1859
2018;Obere Mittelklasse;Benzin;2015;2335
2018;Obere Mittelklasse;Benzin;2016;1560
2018;Obere Mittelklasse;Benzin;2017;8099
2018;Obere Mittelklasse;Benzin;2018;7258
2018;Obere Mittelklasse;Diesel;1990;449
2018;Obere Mittelklasse;Diesel;1991;824
2018;Obere Mittelklasse;Diesel;1992;820
2018;Obere Mittelklasse;Diesel;1993;692
2018;Obere Mittelklasse;Diesel;1994;643
2018;Obere Mittelklasse;Diesel;1995;741
2018;Obere Mittelklasse;Diesel;1996;1059
2018;Obere Mittelklasse;Diesel;1997;1304
2018;Obere Mittelklasse;Diesel;1998;2120
2018;Obere Mittelklasse;Diesel;1999;4943
2018;Obere Mittelklasse;Diesel;2000;7823
2018;Obere Mittelklasse;Diesel;2001;8813
2018;Obere Mittelklasse;Diesel;2002;10070
2018;Obere Mittelklasse;Diesel;2003;13280
2018;Obere Mittelklasse;Diesel;2004;15005
2018;Obere Mittelklasse;Diesel;2005;15271
2018;Obere Mittelklasse;Diesel;2006;15333
2018;Obere Mittelklasse;Diesel;2007;14945
2018;Obere Mittelklasse;Diesel;2008;12082
2018;Obere Mittelklasse;Diesel;2009;9135
2018;Obere Mittelklasse;Diesel;2010;10682
2018;Obere Mittelklasse;Diesel;2011;12190
2018;Obere Mittelklasse;Diesel;2012;10850
2018;Obere Mittelklasse;Diesel;2013;11643
2018;Obere Mittelklasse;Diesel;2014;20017
2018;Obere Mittelklasse;Diesel;2015;34060
2018;Obere Mittelklasse;Diesel;2016;10426
2018;Obere Mittelklasse;Diesel;2017;28232
2018;Obere Mittelklasse;Diesel;2018;13434
2018;Obere Mittelklasse;Hybrid;1995;1
2018;Obere Mittelklasse;Hybrid;2001;1
2018;Obere Mittelklasse;Hybrid;2004;2
2018;Obere Mittelklasse;Hybrid;2006;15
2018;Obere Mittelklasse;Hybrid;2007;23
2018;Obere Mittelklasse;Hybrid;2008;22
2018;Obere Mittelklasse;Hybrid;2009;7
2018;Obere Mittelklasse;Hybrid;2010;11
2018;Obere Mittelklasse;Hybrid;2011;10
2018;Obere Mittelklasse;Hybrid;2012;122
2018;Obere Mittelklasse;Hybrid;2013;167
2018;Obere Mittelklasse;Hybrid;2014;250
2018;Obere Mittelklasse;Hybrid;2015;135
2018;Obere Mittelklasse;Hybrid;2016;130
2018;Obere Mittelklasse;Hybrid;2017;613
2018;Obere Mittelklasse;Hybrid;2018;1264
2018;Obere Mittelklasse;Sonstige;1994;2
2018;Obere Mittelklasse;Sonstige;1995;3
2018;Obere Mittelklasse;Sonstige;1996;1
2018;Obere Mittelklasse;Sonstige;1997;2
2018;Obere Mittelklasse;Sonstige;1998;1
2018;Obere Mittelklasse;Sonstige;2007;1
2018;Obere Mittelklasse;Sonstige;2008;1
2018;Obere Mittelklasse;Sonstige;2009;12
2018;Obere Mittelklasse;Sonstige;2010;17
2018;Obere Mittelklasse;Sonstige;2011;13
2018;Obere Mittelklasse;Sonstige;2012;4
2018;Obere Mittelklasse;Sonstige;2013;1
2018;Obere Mittelklasse;Flüssiggas (LPG) (einschl. bivalent);1990;57
2018;Obere Mittelklasse;Flüssiggas (LPG) (einschl. bivalent);1991;101
2018;Obere Mittelklasse;Flüssiggas (LPG) (einschl. bivalent);1992;150
2018;Obere Mittelklasse;Flüssiggas (LPG) (einschl. bivalent);1993;190
2018;Obere Mittelklasse;Flüssiggas (LPG) (einschl. bivalent);1994;231
2018;Obere Mittelklasse;Flüssiggas (LPG) (einschl. bivalent);1995;385
2018;Obere Mittelklasse;Flüssiggas (LPG) (einschl. bivalent);1996;618
2018;Obere Mittelklasse;Flüssiggas (LPG) (einschl. bivalent);1997;896
2018;Obere Mittelklasse;Flüssiggas (LPG) (einschl. bivalent);1998;1039
2018;Obere Mittelklasse;Flüssiggas (LPG) (einschl. bivalent);1999;1151
2018;Obere Mittelklasse;Flüssiggas (LPG) (einschl. bivalent);2000;1082
2018;Obere Mittelklasse;Flüssiggas (LPG) (einschl. bivalent);2001;969
2018;Obere Mittelklasse;Flüssiggas (LPG) (einschl. bivalent);2002;808
2018;Obere Mittelklasse;Flüssiggas (LPG) (einschl. bivalent);2003;753
2018;Obere Mittelklasse;Flüssiggas (LPG) (einschl. bivalent);2004;675
2018;Obere Mittelklasse;Flüssiggas (LPG) (einschl. bivalent);2005;555
2018;Obere Mittelklasse;Flüssiggas (LPG) (einschl. bivalent);2006;374
2018;Obere Mittelklasse;Flüssiggas (LPG) (einschl. bivalent);2007;190
2018;Obere Mittelklasse;Flüssiggas (LPG) (einschl. bivalent);2008;95
2018;Obere Mittelklasse;Flüssiggas (LPG) (einschl. bivalent);2009;37
2018;Obere Mittelklasse;Flüssiggas (LPG) (einschl. bivalent);2010;25
2018;Obere Mittelklasse;Flüssiggas (LPG) (einschl. bivalent);2011;3
2018;Obere Mittelklasse;Flüssiggas (LPG) (einschl. bivalent);2012;2
2018;Obere Mittelklasse;Erdgas (CNG) (einschl. bivalent);1994;1
2018;Obere Mittelklasse;Erdgas (CNG) (einschl. bivalent);1996;7
2018;Obere Mittelklasse;Erdgas (CNG) (einschl. bivalent);1997;5
2018;Obere Mittelklasse;Erdgas (CNG) (einschl. bivalent);1998;6
2018;Obere Mittelklasse;Erdgas (CNG) (einschl. bivalent);1999;5
2018;Obere Mittelklasse;Erdgas (CNG) (einschl. bivalent);2000;15
2018;Obere Mittelklasse;Erdgas (CNG) (einschl. bivalent);2001;16
2018;Obere Mittelklasse;Erdgas (CNG) (einschl. bivalent);2002;59
2018;Obere Mittelklasse;Erdgas (CNG) (einschl. bivalent);2003;9
2018;Obere Mittelklasse;Erdgas (CNG) (einschl. bivalent);2004;36
2018;Obere Mittelklasse;Erdgas (CNG) (einschl. bivalent);2005;60
2018;Obere Mittelklasse;Erdgas (CNG) (einschl. bivalent);2006;43
2018;Obere Mittelklasse;Erdgas (CNG) (einschl. bivalent);2007;45
2018;Obere Mittelklasse;Erdgas (CNG) (einschl. bivalent);2008;22
2018;Obere Mittelklasse;Erdgas (CNG) (einschl. bivalent);2009;8
2018;Obere Mittelklasse;Erdgas (CNG) (einschl. bivalent);2010;17
2018;Obere Mittelklasse;Erdgas (CNG) (einschl. bivalent);2011;33
2018;Obere Mittelklasse;Erdgas (CNG) (einschl. bivalent);2012;61
2018;Obere Mittelklasse;Erdgas (CNG) (einschl. bivalent);2013;9
2018;Obere Mittelklasse;Erdgas (CNG) (einschl. bivalent);2014;57
2018;Obere Mittelklasse;Erdgas (CNG) (einschl. bivalent);2015;23
2018;Obere Mittelklasse;Erdgas (CNG) (einschl. bivalent);2016;3
2018;Oberklasse;Benzin;1990;193
2018;Oberklasse;Benzin;1991;417
2018;Oberklasse;Benzin;1992;513
2018;Oberklasse;Benzin;1993;375
2018;Oberklasse;Benzin;1994;647
2018;Oberklasse;Benzin;1995;1156
2018;Oberklasse;Benzin;1996;1091
2018;Oberklasse;Benzin;1997;1076
2018;Oberklasse;Benzin;1998;1322
2018;Oberklasse;Benzin;1999;1969
2018;Oberklasse;Benzin;2000;1273
2018;Oberklasse;Benzin;2001;973
2018;Oberklasse;Benzin;2002;1065
2018;Oberklasse;Benzin;2003;1246
2018;Oberklasse;Benzin;2004;1536
2018;Oberklasse;Benzin;2005;1827
2018;Oberklasse;Benzin;2006;1741
2018;Oberklasse;Benzin;2007;1494
2018;Oberklasse;Benzin;2008;1199
2018;Oberklasse;Benzin;2009;1007
2018;Oberklasse;Benzin;2010;938
2018;Oberklasse;Benzin;2011;1424
2018;Oberklasse;Benzin;2012;1040
2018;Oberklasse;Benzin;2013;1108
2018;Oberklasse;Benzin;2014;1782
2018;Oberklasse;Benzin;2015;2073
2018;Oberklasse;Benzin;2016;1589
2018;Oberklasse;Benzin;2017;3457
2018;Oberklasse;Benzin;2018;2431
2018;Oberklasse;Diesel;1993;19
2018;Oberklasse;Diesel;1994;18
2018;Oberklasse;Diesel;1995;25
2018;Oberklasse;Diesel;1996;47
2018;Oberklasse;Diesel;1997;52
2018;Oberklasse;Diesel;1998;93
2018;Oberklasse;Diesel;1999;111
2018;Oberklasse;Diesel;2000;460
2018;Oberklasse;Diesel;2001;602
2018;Oberklasse;Diesel;2002;367
2018;Oberklasse;Diesel;2003;586
2018;Oberklasse;Diesel;2004;1066
2018;Oberklasse;Diesel;2005;1216
2018;Oberklasse;Diesel;2006;1822
2018;Oberklasse;Diesel;2007;1958
2018;Oberklasse;Diesel;2008;1722
2018;Oberklasse;Diesel;2009;1360
2018;Oberklasse;Diesel;2010;1442
2018;Oberklasse;Diesel;2011;2513
2018;Oberklasse;Diesel;2012;2041
2018;Oberklasse;Diesel;2013;2690
2018;Oberklasse;Diesel;2014;3635
2018;Oberklasse;Diesel;2015;4881
2018;Oberklasse;Diesel;2016;2120
2018;Oberklasse;Diesel;2017;4712
2018;Oberklasse;Diesel;2018;2669
2018;Oberklasse;Elektro (BEV);2013;65
2018;Oberklasse;Elektro (BEV);2014;147
2018;Oberklasse;Elektro (BEV);2015;263
2018;Oberklasse;Elektro (BEV);2016;80
2018;Oberklasse;Elektro (BEV);2017;90
2018;Oberklasse;Elektro (BEV);2018;54
2018;Oberklasse;Hybrid;1995;1
2018;Oberklasse;Hybrid;2007;8
2018;Oberklasse;Hybrid;2008;12
2018;Oberklasse;Hybrid;2009;33
2018;Oberklasse;Hybrid;2010;57
2018;Oberklasse;Hybrid;2011;32
2018;Oberklasse;Hybrid;2012;22
2018;Oberklasse;Hybrid;2013;51
2018;Oberklasse;Hybrid;2014;93
2018;Oberklasse;Hybrid;2015;103
2018;Oberklasse;Hybrid;2016;136
2018;Oberklasse;Hybrid;2017;1292
2018;Oberklasse;Hybrid;2018;2534
2018;Oberklasse;Sonstige;2001;1
2018;Oberklasse;Sonstige;2009;1
2018;Oberklasse;Sonstige;2010;14
2018;Oberklasse;Sonstige;2011;25
2018;Oberklasse;Sonstige;2012;28
2018;Oberklasse;Sonstige;2013;5
2018;Oberklasse;Sonstige;2015;1
2018;Oberklasse;Flüssiggas (LPG) (einschl. bivalent);1990;5
2018;Oberklasse;Flüssiggas (LPG) (einschl. bivalent);1991;21
2018;Oberklasse;Flüssiggas (LPG) (einschl. bivalent);1992;44
2018;Oberklasse;Flüssiggas (LPG) (einschl. bivalent);1993;26
2018;Oberklasse;Flüssiggas (LPG) (einschl. bivalent);1994;75
2018;Oberklasse;Flüssiggas (LPG) (einschl. bivalent);1995;120
2018;Oberklasse;Flüssiggas (LPG) (einschl. bivalent);1996;134
2018;Oberklasse;Flüssiggas (LPG) (einschl. bivalent);1997;157
2018;Oberklasse;Flüssiggas (LPG) (einschl. bivalent);1998;173
2018;Oberklasse;Flüssiggas (LPG) (einschl. bivalent);1999;365
2018;Oberklasse;Flüssiggas (LPG) (einschl. bivalent);2000;228
2018;Oberklasse;Flüssiggas (LPG) (einschl. bivalent);2001;174
2018;Oberklasse;Flüssiggas (LPG) (einschl. bivalent);2002;189
2018;Oberklasse;Flüssiggas (LPG) (einschl. bivalent);2003;260
2018;Oberklasse;Flüssiggas (LPG) (einschl. bivalent);2004;236
2018;Oberklasse;Flüssiggas (LPG) (einschl. bivalent);2005;221
2018;Oberklasse;Flüssiggas (LPG) (einschl. bivalent);2006;125
2018;Oberklasse;Flüssiggas (LPG) (einschl. bivalent);2007;65
2018;Oberklasse;Flüssiggas (LPG) (einschl. bivalent);2008;36
2018;Oberklasse;Flüssiggas (LPG) (einschl. bivalent);2009;16
2018;Oberklasse;Flüssiggas (LPG) (einschl. bivalent);2010;10
2018;Oberklasse;Flüssiggas (LPG) (einschl. bivalent);2011;1
2018;Oberklasse;Flüssiggas (LPG) (einschl. bivalent);2012;2
2018;Oberklasse;Erdgas (CNG) (einschl. bivalent);1998;1
2018;Oberklasse;Erdgas (CNG) (einschl. bivalent);2001;1
2018;Oberklasse;Erdgas (CNG) (einschl. bivalent);2002;2
2018;Oberklasse;Erdgas (CNG) (einschl. bivalent);2005;1
2018;SUVs;Benzin;1990;204
2018;SUVs;Benzin;1991;300
2018;SUVs;Benzin;1992;341
2018;SUVs;Benzin;1993;406
2018;SUVs;Benzin;1994;371
2018;SUVs;Benzin;1995;686
2018;SUVs;Benzin;1996;697
2018;SUVs;Benzin;1997;1086
2018;SUVs;Benzin;1998;1112
2018;SUVs;Benzin;1999;1470
2018;SUVs;Benzin;2000;1020
2018;SUVs;Benzin;2001;1441
2018;SUVs;Benzin;2002;1266
2018;SUVs;Benzin;2003;1552
2018;SUVs;Benzin;2004;1669
2018;SUVs;Benzin;2005;2426
2018;SUVs;Benzin;2006;2558
2018;SUVs;Benzin;2007;3630
2018;SUVs;Benzin;2008;3230
2018;SUVs;Benzin;2009;4370
2018;SUVs;Benzin;2010;6221
2018;SUVs;Benzin;2011;7073
2018;SUVs;Benzin;2012;7451
2018;SUVs;Benzin;2013;10394
2018;SUVs;Benzin;2014;17651
2018;SUVs;Benzin;2015;17422
2018;SUVs;Benzin;2016;13689
2018;SUVs;Benzin;2017;47060
2018;SUVs;Benzin;2018;77305
2018;SUVs;Diesel;1990;2
2018;SUVs;Diesel;1991;2
2018;SUVs;Diesel;1992;1
2018;SUVs;Diesel;1993;19
2018;SUVs;Diesel;1994;3
2018;SUVs;Diesel;1995;3
2018;SUVs;Diesel;1996;6
2018;SUVs;Diesel;1997;18
2018;SUVs;Diesel;1998;18
2018;SUVs;Diesel;1999;65
2018;SUVs;Diesel;2000;48
2018;SUVs;Diesel;2001;66
2018;SUVs;Diesel;2002;302
2018;SUVs;Diesel;2003;343
2018;SUVs;Diesel;2004;453
2018;SUVs;Diesel;2005;1441
2018;SUVs;Diesel;2006;3184
2018;SUVs;Diesel;2007;5466
2018;SUVs;Diesel;2008;5898
2018;SUVs;Diesel;2009;6640
2018;SUVs;Diesel;2010;9918
2018;SUVs;Diesel;2011;13262
2018;SUVs;Diesel;2012;13376
2018;SUVs;Diesel;2013;14229
2018;SUVs;Diesel;2014;21867
2018;SUVs;Diesel;2015;24197
2018;SUVs;Diesel;2016;13459
2018;SUVs;Diesel;2017;32581
2018;SUVs;Diesel;2018;27593
2018;SUVs;Elektro (BEV);2016;35
2018;SUVs;Elektro (BEV);2017;83
2018;SUVs;Elektro (BEV);2018;63
2018;SUVs;Hybrid;2005;37
2018;SUVs;Hybrid;2006;79
2018;SUVs;Hybrid;2007;109
2018;SUVs;Hybrid;2008;71
2018;SUVs;Hybrid;2009;62
2018;SUVs;Hybrid;2010;88
2018;SUVs;Hybrid;2011;67
2018;SUVs;Hybrid;2012;76
2018;SUVs;Hybrid;2013;132
2018;SUVs;Hybrid;2014;243
2018;SUVs;Hybrid;2015;252
2018;SUVs;Hybrid;2016;709
2018;SUVs;Hybrid;2017;2999
2018;SUVs;Hybrid;2018;5630
2018;SUVs;Sonstige;2006;2
2018;SUVs;Sonstige;2008;2
2018;SUVs;Sonstige;2011;9
2018;SUVs;Sonstige;2012;10
2018;SUVs;Sonstige;2013;7
2018;SUVs;Sonstige;2014;1
2018;SUVs;Sonstige;2015;30
2018;SUVs;Sonstige;2016;23
2018;SUVs;Sonstige;2017;33
2018;SUVs;Sonstige;2018;18
2018;SUVs;Flüssiggas (LPG) (einschl. bivalent);1990;2
2018;SUVs;Flüssiggas (LPG) (einschl. bivalent);1991;1
2018;SUVs;Flüssiggas (LPG) (einschl. bivalent);1992;8
2018;SUVs;Flüssiggas (LPG) (einschl. bivalent);1993;10
2018;SUVs;Flüssiggas (LPG) (einschl. bivalent);1994;10
2018;SUVs;Flüssiggas (LPG) (einschl. bivalent);1995;8
2018;SUVs;Flüssiggas (LPG) (einschl. bivalent);1996;28
2018;SUVs;Flüssiggas (LPG) (einschl. bivalent);1997;46
2018;SUVs;Flüssiggas (LPG) (einschl. bivalent);1998;71
2018;SUVs;Flüssiggas (LPG) (einschl. bivalent);1999;102
2018;SUVs;Flüssiggas (LPG) (einschl. bivalent);2000;85
2018;SUVs;Flüssiggas (LPG) (einschl. bivalent);2001;153
2018;SUVs;Flüssiggas (LPG) (einschl. bivalent);2002;94
2018;SUVs;Flüssiggas (LPG) (einschl. bivalent);2003;134
2018;SUVs;Flüssiggas (LPG) (einschl. bivalent);2004;187
2018;SUVs;Flüssiggas (LPG) (einschl. bivalent);2005;355
2018;SUVs;Flüssiggas (LPG) (einschl. bivalent);2006;475
2018;SUVs;Flüssiggas (LPG) (einschl. bivalent);2007;584
2018;SUVs;Flüssiggas (LPG) (einschl. bivalent);2008;641
2018;SUVs;Flüssiggas (LPG) (einschl. bivalent);2009;494
2018;SUVs;Flüssiggas (LPG) (einschl. bivalent);2010;333
2018;SUVs;Flüssiggas (LPG) (einschl. bivalent);2011;222
2018;SUVs;Flüssiggas (LPG) (einschl. bivalent);2012;364
2018;SUVs;Flüssiggas (LPG) (einschl. bivalent);2013;216
2018;SUVs;Flüssiggas (LPG) (einschl. bivalent);2014;160
2018;SUVs;Flüssiggas (LPG) (einschl. bivalent);2015;109
2018;SUVs;Flüssiggas (LPG) (einschl. bivalent);2016;38
2018;SUVs;Flüssiggas (LPG) (einschl. bivalent);2017;39
2018;SUVs;Flüssiggas (LPG) (einschl. bivalent);2018;25
2018;SUVs;Erdgas (CNG) (einschl. bivalent);1992;1
2018;SUVs;Erdgas (CNG) (einschl. bivalent);1999;1
2018;SUVs;Erdgas (CNG) (einschl. bivalent);2003;3
2018;SUVs;Erdgas (CNG) (einschl. bivalent);2004;1
2018;SUVs;Erdgas (CNG) (einschl. bivalent);2007;1
2018;SUVs;Erdgas (CNG) (einschl. bivalent);2008;1
2018;SUVs;Erdgas (CNG) (einschl. bivalent);2011;1
2018;SUVs;Erdgas (CNG) (einschl. bivalent);2012;1
2018;SUVs;Erdgas (CNG) (einschl. bivalent);2013;7
2018;SUVs;Erdgas (CNG) (einschl. bivalent);2015;1
2018;Geländewagen;Benzin;1990;112
2018;Geländewagen;Benzin;1991;146
2018;Geländewagen;Benzin;1992;283
2018;Geländewagen;Benzin;1993;446
2018;Geländewagen;Benzin;1994;541
2018;Geländewagen;Benzin;1995;617
2018;Geländewagen;Benzin;1996;577
2018;Geländewagen;Benzin;1997;868
2018;Geländewagen;Benzin;1998;1603
2018;Geländewagen;Benzin;1999;2958
2018;Geländewagen;Benzin;2000;2321
2018;Geländewagen;Benzin;2001;2737
2018;Geländewagen;Benzin;2002;2422
2018;Geländewagen;Benzin;2003;3247
2018;Geländewagen;Benzin;2004;3186
2018;Geländewagen;Benzin;2005;3369
2018;Geländewagen;Benzin;2006;2949
2018;Geländewagen;Benzin;2007;2480
2018;Geländewagen;Benzin;2008;3075
2018;Geländewagen;Benzin;2009;3782
2018;Geländewagen;Benzin;2010;2903
2018;Geländewagen;Benzin;2011;2908
2018;Geländewagen;Benzin;2012;3493
2018;Geländewagen;Benzin;2013;3216
2018;Geländewagen;Benzin;2014;6383
2018;Geländewagen;Benzin;2015;6503
2018;Geländewagen;Benzin;2016;6219
2018;Geländewagen;Benzin;2017;14049
2018;Geländewagen;Benzin;2018;19275
2018;Geländewagen;Diesel;1990;74
2018;Geländewagen;Diesel;1991;97
2018;Geländewagen;Diesel;1992;126
2018;Geländewagen;Diesel;1993;131
2018;Geländewagen;Diesel;1994;125
2018;Geländewagen;Diesel;1995;143
2018;Geländewagen;Diesel;1996;240
2018;Geländewagen;Diesel;1997;359
2018;Geländewagen;Diesel;1998;485
2018;Geländewagen;Diesel;1999;886
2018;Geländewagen;Diesel;2000;1492
2018;Geländewagen;Diesel;2001;2504
2018;Geländewagen;Diesel;2002;4477
2018;Geländewagen;Diesel;2003;6932
2018;Geländewagen;Diesel;2004;9029
2018;Geländewagen;Diesel;2005;10809
2018;Geländewagen;Diesel;2006;14059
2018;Geländewagen;Diesel;2007;14443
2018;Geländewagen;Diesel;2008;14719
2018;Geländewagen;Diesel;2009;12472
2018;Geländewagen;Diesel;2010;11247
2018;Geländewagen;Diesel;2011;13614
2018;Geländewagen;Diesel;2012;16189
2018;Geländewagen;Diesel;2013;17107
2018;Geländewagen;Diesel;2014;30125
2018;Geländewagen;Diesel;2015;43425
2018;Geländewagen;Diesel;2016;20259
2018;Geländewagen;Diesel;2017;39234
2018;Geländewagen;Diesel;2018;29566
2018;Geländewagen;Elektro (BEV);2018;1
2018;Geländewagen;Hybrid;1998;2
2018;Geländewagen;Hybrid;2004;3
2018;Geländewagen;Hybrid;2009;2
2018;Geländewagen;Hybrid;2010;56
2018;Geländewagen;Hybrid;2011;71
2018;Geländewagen;Hybrid;2012;35
2018;Geländewagen;Hybrid;2013;27
2018;Geländewagen;Hybrid;2014;34
2018;Geländewagen;Hybrid;2015;185
2018;Geländewagen;Hybrid;2016;347
2018;Geländewagen;Hybrid;2017;665
2018;Geländewagen;Hybrid;2018;1018
2018;Geländewagen;Sonstige;2000;1
2018;Geländewagen;Sonstige;2005;1
2018;Geländewagen;Sonstige;2011;2
2018;Geländewagen;Sonstige;2012;9
2018;Geländewagen;Sonstige;2013;5
2018;Geländewagen;Sonstige;2014;6
2018;Geländewagen;Sonstige;2015;6
2018;Geländewagen;Flüssiggas (LPG) (einschl. bivalent);1990;7
2018;Geländewagen;Flüssiggas (LPG) (einschl. bivalent);1991;9
2018;Geländewagen;Flüssiggas (LPG) (einschl. bivalent);1992;17
2018;Geländewagen;Flüssiggas (LPG) (einschl. bivalent);1993;24
2018;Geländewagen;Flüssiggas (LPG) (einschl. bivalent);1994;26
2018;Geländewagen;Flüssiggas (LPG) (einschl. bivalent);1995;46
2018;Geländewagen;Flüssiggas (LPG) (einschl. bivalent);1996;74
2018;Geländewagen;Flüssiggas (LPG) (einschl. bivalent);1997;114
2018;Geländewagen;Flüssiggas (LPG) (einschl. bivalent);1998;185
2018;Geländewagen;Flüssiggas (LPG) (einschl. bivalent);1999;403
2018;Geländewagen;Flüssiggas (LPG) (einschl. bivalent);2000;318
2018;Geländewagen;Flüssiggas (LPG) (einschl. bivalent);2001;365
2018;Geländewagen;Flüssiggas (LPG) (einschl. bivalent);2002;349
2018;Geländewagen;Flüssiggas (LPG) (einschl. bivalent);2003;510
2018;Geländewagen;Flüssiggas (LPG) (einschl. bivalent);2004;595
2018;Geländewagen;Flüssiggas (LPG) (einschl. bivalent);2005;669
2018;Geländewagen;Flüssiggas (LPG) (einschl. bivalent);2006;567
2018;Geländewagen;Flüssiggas (LPG) (einschl. bivalent);2007;439
2018;Geländewagen;Flüssiggas (LPG) (einschl. bivalent);2008;374
2018;Geländewagen;Flüssiggas (LPG) (einschl. bivalent);2009;160
2018;Geländewagen;Flüssiggas (LPG) (einschl. bivalent);2010;96
2018;Geländewagen;Flüssiggas (LPG) (einschl. bivalent);2011;39
2018;Geländewagen;Flüssiggas (LPG) (einschl. bivalent);2012;24
2018;Geländewagen;Flüssiggas (LPG) (einschl. bivalent);2013;26
2018;Geländewagen;Flüssiggas (LPG) (einschl. bivalent);2014;25
2018;Geländewagen;Flüssiggas (LPG) (einschl. bivalent);2015;14
2018;Geländewagen;Flüssiggas (LPG) (einschl. bivalent);2016;7
2018;Geländewagen;Flüssiggas (LPG) (einschl. bivalent);2017;3
2018;Geländewagen;Erdgas (CNG) (einschl. bivalent);1998;1
2018;Geländewagen;Erdgas (CNG) (einschl. bivalent);1999;1
2018;Geländewagen;Erdgas (CNG) (einschl. bivalent);2003;1
2018;Geländewagen;Erdgas (CNG) (einschl. bivalent);2004;1
2018;Geländewagen;Erdgas (CNG) (einschl. bivalent);2005;1
2018;Geländewagen;Erdgas (CNG) (einschl. bivalent);2007;1
2018;Sportwagen;Benzin;1990;697
2018;Sportwagen;Benzin;1991;1123
2018;Sportwagen;Benzin;1992;1232
2018;Sportwagen;Benzin;1993;985
2018;Sportwagen;Benzin;1994;894
2018;Sportwagen;Benzin;1995;779
2018;Sportwagen;Benzin;1996;1327
2018;Sportwagen;Benzin;1997;3671
2018;Sportwagen;Benzin;1998;5453
2018;Sportwagen;Benzin;1999;7830
2018;Sportwagen;Benzin;2000;7269
2018;Sportwagen;Benzin;2001;5194
2018;Sportwagen;Benzin;2002;5012
2018;Sportwagen;Benzin;2003;5164
2018;Sportwagen;Benzin;2004;5166
2018;Sportwagen;Benzin;2005;4863
2018;Sportwagen;Benzin;2006;4656
2018;Sportwagen;Benzin;2007;5529
2018;Sportwagen;Benzin;2008;4807
2018;Sportwagen;Benzin;2009;3549
2018;Sportwagen;Benzin;2010;3999
2018;Sportwagen;Benzin;2011;4322
2018;Sportwagen;Benzin;2012;4046
2018;Sportwagen;Benzin;2013;4212
2018;Sportwagen;Benzin;2014;4435
2018;Sportwagen;Benzin;2015;6452
2018;Sportwagen;Benzin;2016;5830
2018;Sportwagen;Benzin;2017;9792
2018;Sportwagen;Benzin;2018;8867
2018;Sportwagen;Diesel;2002;71
2018;Sportwagen;Diesel;2003;266
2018;Sportwagen;Diesel;2004;163
2018;Sportwagen;Diesel;2005;202
2018;Sportwagen;Diesel;2006;353
2018;Sportwagen;Diesel;2007;334
2018;Sportwagen;Diesel;2008;252
2018;Sportwagen;Diesel;2009;495
2018;Sportwagen;Diesel;2010;657
2018;Sportwagen;Diesel;2011;710
2018;Sportwagen;Diesel;2012;668
2018;Sportwagen;Diesel;2013;621
2018;Sportwagen;Diesel;2014;821
2018;Sportwagen;Diesel;2015;689
2018;Sportwagen;Diesel;2016;222
2018;Sportwagen;Diesel;2017;1112
2018;Sportwagen;Diesel;2018;572
2018;Sportwagen;Elektro (BEV);1999;2
2018;Sportwagen;Elektro (BEV);2000;1
2018;Sportwagen;Elektro (BEV);2010;3
2018;Sportwagen;Elektro (BEV);2011;4
2018;Sportwagen;Elektro (BEV);2012;10
2018;Sportwagen;Elektro (BEV);2013;3
2018;Sportwagen;Elektro (BEV);2014;1
2018;Sportwagen;Elektro (BEV);2018;1
2018;Sportwagen;Hybrid;2010;141
2018;Sportwagen;Hybrid;2011;55
2018;Sportwagen;Hybrid;2012;33
2018;Sportwagen;Hybrid;2013;23
2018;Sportwagen;Hybrid;2014;75
2018;Sportwagen;Hybrid;2015;90
2018;Sportwagen;Hybrid;2016;73
2018;Sportwagen;Hybrid;2017;105
2018;Sportwagen;Hybrid;2018;173
2018;Sportwagen;Sonstige;2006;1
2018;Sportwagen;Sonstige;2016;1
2018;Sportwagen;Flüssiggas (LPG) (einschl. bivalent);1990;5
2018;Sportwagen;Flüssiggas (LPG) (einschl. bivalent);1991;3
2018;Sportwagen;Flüssiggas (LPG) (einschl. bivalent);1992;6
2018;Sportwagen;Flüssiggas (LPG) (einschl. bivalent);1993;14
2018;Sportwagen;Flüssiggas (LPG) (einschl. bivalent);1994;12
2018;Sportwagen;Flüssiggas (LPG) (einschl. bivalent);1995;9
2018;Sportwagen;Flüssiggas (LPG) (einschl. bivalent);1996;14
2018;Sportwagen;Flüssiggas (LPG) (einschl. bivalent);1997;87
2018;Sportwagen;Flüssiggas (LPG) (einschl. bivalent);1998;161
2018;Sportwagen;Flüssiggas (LPG) (einschl. bivalent);1999;289
2018;Sportwagen;Flüssiggas (LPG) (einschl. bivalent);2000;250
2018;Sportwagen;Flüssiggas (LPG) (einschl. bivalent);2001;166
2018;Sportwagen;Flüssiggas (LPG) (einschl. bivalent);2002;157
2018;Sportwagen;Flüssiggas (LPG) (einschl. bivalent);2003;133
2018;Sportwagen;Flüssiggas (LPG) (einschl. bivalent);2004;127
2018;Sportwagen;Flüssiggas (LPG) (einschl. bivalent);2005;96
2018;Sportwagen;Flüssiggas (LPG) (einschl. bivalent);2006;74
2018;Sportwagen;Flüssiggas (LPG) (einschl. bivalent);2007;57
2018;Sportwagen;Flüssiggas (LPG) (einschl. bivalent);2008;31
2018;Sportwagen;Flüssiggas (LPG) (einschl. bivalent);2009;19
2018;Sportwagen;Flüssiggas (LPG) (einschl. bivalent);2010;13
2018;Sportwagen;Flüssiggas (LPG) (einschl. bivalent);2011;11
2018;Sportwagen;Flüssiggas (LPG) (einschl. bivalent);2012;18
2018;Sportwagen;Flüssiggas (LPG) (einschl. bivalent);2013;31
2018;Sportwagen;Flüssiggas (LPG) (einschl. bivalent);2014;54
2018;Sportwagen;Flüssiggas (LPG) (einschl. bivalent);2015;30
2018;Sportwagen;Flüssiggas (LPG) (einschl. bivalent);2016;17
2018;Sportwagen;Flüssiggas (LPG) (einschl. bivalent);2017;17
2018;Sportwagen;Flüssiggas (LPG) (einschl. bivalent);2018;1
2018;Mini-Vans;Benzin;1990;1
2018;Mini-Vans;Benzin;1991;6
2018;Mini-Vans;Benzin;1992;18
2018;Mini-Vans;Benzin;1993;30
2018;Mini-Vans;Benzin;1994;26
2018;Mini-Vans;Benzin;1995;84
2018;Mini-Vans;Benzin;1996;122
2018;Mini-Vans;Benzin;1997;799
2018;Mini-Vans;Benzin;1998;1411
2018;Mini-Vans;Benzin;1999;4108
2018;Mini-Vans;Benzin;2000;5303
2018;Mini-Vans;Benzin;2001;6407
2018;Mini-Vans;Benzin;2002;6919
2018;Mini-Vans;Benzin;2003;12191
2018;Mini-Vans;Benzin;2004;14161
2018;Mini-Vans;Benzin;2005;19293
2018;Mini-Vans;Benzin;2006;16123
2018;Mini-Vans;Benzin;2007;11458
2018;Mini-Vans;Benzin;2008;8886
2018;Mini-Vans;Benzin;2009;9491
2018;Mini-Vans;Benzin;2010;8350
2018;Mini-Vans;Benzin;2011;9366
2018;Mini-Vans;Benzin;2012;8501
2018;Mini-Vans;Benzin;2013;8429
2018;Mini-Vans;Benzin;2014;9062
2018;Mini-Vans;Benzin;2015;5582
2018;Mini-Vans;Benzin;2016;3574
2018;Mini-Vans;Benzin;2017;19831
2018;Mini-Vans;Benzin;2018;12421
2018;Mini-Vans;Diesel;1997;5
2018;Mini-Vans;Diesel;1998;40
2018;Mini-Vans;Diesel;1999;105
2018;Mini-Vans;Diesel;2000;341
2018;Mini-Vans;Diesel;2001;947
2018;Mini-Vans;Diesel;2002;1892
2018;Mini-Vans;Diesel;2003;3157
2018;Mini-Vans;Diesel;2004;6683
2018;Mini-Vans;Diesel;2005;8117
2018;Mini-Vans;Diesel;2006;8770
2018;Mini-Vans;Diesel;2007;8075
2018;Mini-Vans;Diesel;2008;5107
2018;Mini-Vans;Diesel;2009;3686
2018;Mini-Vans;Diesel;2010;4100
2018;Mini-Vans;Diesel;2011;4919
2018;Mini-Vans;Diesel;2012;4965
2018;Mini-Vans;Diesel;2013;4451
2018;Mini-Vans;Diesel;2014;5424
2018;Mini-Vans;Diesel;2015;4491
2018;Mini-Vans;Diesel;2016;2005
2018;Mini-Vans;Diesel;2017;7377
2018;Mini-Vans;Diesel;2018;4389
2018;Mini-Vans;Elektro (BEV);2014;11
2018;Mini-Vans;Elektro (BEV);2015;70
2018;Mini-Vans;Elektro (BEV);2016;61
2018;Mini-Vans;Elektro (BEV);2017;163
2018;Mini-Vans;Elektro (BEV);2018;2846
2018;Mini-Vans;Hybrid;2005;1
2018;Mini-Vans;Hybrid;2011;6
2018;Mini-Vans;Hybrid;2012;67
2018;Mini-Vans;Hybrid;2013;284
2018;Mini-Vans;Hybrid;2014;173
2018;Mini-Vans;Hybrid;2015;36
2018;Mini-Vans;Hybrid;2016;1
2018;Mini-Vans;Hybrid;2017;65
2018;Mini-Vans;Hybrid;2018;20
2018;Mini-Vans;Sonstige;2004;1
2018;Mini-Vans;Sonstige;2007;1
2018;Mini-Vans;Sonstige;2009;5
2018;Mini-Vans;Sonstige;2010;13
2018;Mini-Vans;Sonstige;2011;21
2018;Mini-Vans;Sonstige;2012;13
2018;Mini-Vans;Sonstige;2013;8
2018;Mini-Vans;Flüssiggas (LPG) (einschl. bivalent);1995;2
2018;Mini-Vans;Flüssiggas (LPG) (einschl. bivalent);1997;8
2018;Mini-Vans;Flüssiggas (LPG) (einschl. bivalent);1998;11
2018;Mini-Vans;Flüssiggas (LPG) (einschl. bivalent);1999;58
2018;Mini-Vans;Flüssiggas (LPG) (einschl. bivalent);2000;105
2018;Mini-Vans;Flüssiggas (LPG) (einschl. bivalent);2001;173
2018;Mini-Vans;Flüssiggas (LPG) (einschl. bivalent);2002;206
2018;Mini-Vans;Flüssiggas (LPG) (einschl. bivalent);2003;379
2018;Mini-Vans;Flüssiggas (LPG) (einschl. bivalent);2004;418
2018;Mini-Vans;Flüssiggas (LPG) (einschl. bivalent);2005;664
2018;Mini-Vans;Flüssiggas (LPG) (einschl. bivalent);2006;673
2018;Mini-Vans;Flüssiggas (LPG) (einschl. bivalent);2007;638
2018;Mini-Vans;Flüssiggas (LPG) (einschl. bivalent);2008;635
2018;Mini-Vans;Flüssiggas (LPG) (einschl. bivalent);2009;294
2018;Mini-Vans;Flüssiggas (LPG) (einschl. bivalent);2010;130
2018;Mini-Vans;Flüssiggas (LPG) (einschl. bivalent);2011;104
2018;Mini-Vans;Flüssiggas (LPG) (einschl. bivalent);2012;107
2018;Mini-Vans;Flüssiggas (LPG) (einschl. bivalent);2013;41
2018;Mini-Vans;Flüssiggas (LPG) (einschl. bivalent);2014;71
2018;Mini-Vans;Flüssiggas (LPG) (einschl. bivalent);2015;46
2018;Mini-Vans;Flüssiggas (LPG) (einschl. bivalent);2016;11
2018;Mini-Vans;Flüssiggas (LPG) (einschl. bivalent);2017;33
2018;Mini-Vans;Flüssiggas (LPG) (einschl. bivalent);2018;23
2018;Mini-Vans;Erdgas (CNG) (einschl. bivalent);2000;32
2018;Mini-Vans;Erdgas (CNG) (einschl. bivalent);2001;61
2018;Mini-Vans;Erdgas (CNG) (einschl. bivalent);2002;45
2018;Mini-Vans;Erdgas (CNG) (einschl. bivalent);2003;21
2018;Mini-Vans;Erdgas (CNG) (einschl. bivalent);2004;25
2018;Mini-Vans;Erdgas (CNG) (einschl. bivalent);2005;77
2018;Mini-Vans;Erdgas (CNG) (einschl. bivalent);2006;86
2018;Mini-Vans;Erdgas (CNG) (einschl. bivalent);2007;37
2018;Mini-Vans;Erdgas (CNG) (einschl. bivalent);2008;76
2018;Mini-Vans;Erdgas (CNG) (einschl. bivalent);2009;64
2018;Mini-Vans;Erdgas (CNG) (einschl. bivalent);2010;21
2018;Mini-Vans;Erdgas (CNG) (einschl. bivalent);2011;12
2018;Mini-Vans;Erdgas (CNG) (einschl. bivalent);2014;76
2018;Mini-Vans;Erdgas (CNG) (einschl. bivalent);2015;31
2018;Mini-Vans;Erdgas (CNG) (einschl. bivalent);2016;9
2018;Mini-Vans;Erdgas (CNG) (einschl. bivalent);2017;21
2018;Mini-Vans;Erdgas (CNG) (einschl. bivalent);2018;1
2018;Großraum-Vans;Benzin;1990;15
2018;Großraum-Vans;Benzin;1991;48
2018;Großraum-Vans;Benzin;1992;76
2018;Großraum-Vans;Benzin;1993;129
2018;Großraum-Vans;Benzin;1994;224
2018;Großraum-Vans;Benzin;1995;520
2018;Großraum-Vans;Benzin;1996;1275
2018;Großraum-Vans;Benzin;1997;3159
2018;Großraum-Vans;Benzin;1998;3675
2018;Großraum-Vans;Benzin;1999;8702
2018;Großraum-Vans;Benzin;2000;8310
2018;Großraum-Vans;Benzin;2001;8872
2018;Großraum-Vans;Benzin;2002;7320
2018;Großraum-Vans;Benzin;2003;9279
2018;Großraum-Vans;Benzin;2004;7674
2018;Großraum-Vans;Benzin;2005;9287
2018;Großraum-Vans;Benzin;2006;8421
2018;Großraum-Vans;Benzin;2007;5859
2018;Großraum-Vans;Benzin;2008;4915
2018;Großraum-Vans;Benzin;2009;5446
2018;Großraum-Vans;Benzin;2010;4138
2018;Großraum-Vans;Benzin;2011;4653
2018;Großraum-Vans;Benzin;2012;3711
2018;Großraum-Vans;Benzin;2013;2888
2018;Großraum-Vans;Benzin;2014;3509
2018;Großraum-Vans;Benzin;2015;2274
2018;Großraum-Vans;Benzin;2016;1512
2018;Großraum-Vans;Benzin;2017;12370
2018;Großraum-Vans;Benzin;2018;10782
2018;Großraum-Vans;Diesel;1990;4
2018;Großraum-Vans;Diesel;1991;2
2018;Großraum-Vans;Diesel;1992;2
2018;Großraum-Vans;Diesel;1993;17
2018;Großraum-Vans;Diesel;1994;21
2018;Großraum-Vans;Diesel;1995;33
2018;Großraum-Vans;Diesel;1996;224
2018;Großraum-Vans;Diesel;1997;666
2018;Großraum-Vans;Diesel;1998;994
2018;Großraum-Vans;Diesel;1999;1783
2018;Großraum-Vans;Diesel;2000;2831
2018;Großraum-Vans;Diesel;2001;5075
2018;Großraum-Vans;Diesel;2002;6966
2018;Großraum-Vans;Diesel;2003;14777
2018;Großraum-Vans;Diesel;2004;19229
2018;Großraum-Vans;Diesel;2005;18986
2018;Großraum-Vans;Diesel;2006;23577
2018;Großraum-Vans;Diesel;2007;19248
2018;Großraum-Vans;Diesel;2008;13145
2018;Großraum-Vans;Diesel;2009;9260
2018;Großraum-Vans;Diesel;2010;7462
2018;Großraum-Vans;Diesel;2011;10014
2018;Großraum-Vans;Diesel;2012;9597
2018;Großraum-Vans;Diesel;2013;9321
2018;Großraum-Vans;Diesel;2014;15802
2018;Großraum-Vans;Diesel;2015;16718
2018;Großraum-Vans;Diesel;2016;7109
2018;Großraum-Vans;Diesel;2017;22571
2018;Großraum-Vans;Diesel;2018;10131
2018;Großraum-Vans;Elektro (BEV);2009;1
2018;Großraum-Vans;Hybrid;2012;126
2018;Großraum-Vans;Hybrid;2013;167
2018;Großraum-Vans;Hybrid;2014;132
2018;Großraum-Vans;Hybrid;2015;167
2018;Großraum-Vans;Hybrid;2016;58
2018;Großraum-Vans;Hybrid;2017;49
2018;Großraum-Vans;Hybrid;2018;98
2018;Großraum-Vans;Sonstige;2002;2
2018;Großraum-Vans;Sonstige;2006;1
2018;Großraum-Vans;Sonstige;2007;3
2018;Großraum-Vans;Sonstige;2008;1
2018;Großraum-Vans;Sonstige;2009;5
2018;Großraum-Vans;Sonstige;2010;13
2018;Großraum-Vans;Sonstige;2011;6
2018;Großraum-Vans;Sonstige;2012;2
2018;Großraum-Vans;Flüssiggas (LPG) (einschl. bivalent);1992;4
2018;Großraum-Vans;Flüssiggas (LPG) (einschl. bivalent);1993;6
2018;Großraum-Vans;Flüssiggas (LPG) (einschl. bivalent);1994;13
2018;Großraum-Vans;Flüssiggas (LPG) (einschl. bivalent);1995;25
2018;Großraum-Vans;Flüssiggas (LPG) (einschl. bivalent);1996;64
2018;Großraum-Vans;Flüssiggas (LPG) (einschl. bivalent);1997;166
2018;Großraum-Vans;Flüssiggas (LPG) (einschl. bivalent);1998;259
2018;Großraum-Vans;Flüssiggas (LPG) (einschl. bivalent);1999;420
2018;Großraum-Vans;Flüssiggas (LPG) (einschl. bivalent);2000;404
2018;Großraum-Vans;Flüssiggas (LPG) (einschl. bivalent);2001;557
2018;Großraum-Vans;Flüssiggas (LPG) (einschl. bivalent);2002;455
2018;Großraum-Vans;Flüssiggas (LPG) (einschl. bivalent);2003;553
2018;Großraum-Vans;Flüssiggas (LPG) (einschl. bivalent);2004;458
2018;Großraum-Vans;Flüssiggas (LPG) (einschl. bivalent);2005;561
2018;Großraum-Vans;Flüssiggas (LPG) (einschl. bivalent);2006;495
2018;Großraum-Vans;Flüssiggas (LPG) (einschl. bivalent);2007;399
2018;Großraum-Vans;Flüssiggas (LPG) (einschl. bivalent);2008;388
2018;Großraum-Vans;Flüssiggas (LPG) (einschl. bivalent);2009;224
2018;Großraum-Vans;Flüssiggas (LPG) (einschl. bivalent);2010;132
2018;Großraum-Vans;Flüssiggas (LPG) (einschl. bivalent);2011;54
2018;Großraum-Vans;Flüssiggas (LPG) (einschl. bivalent);2012;44
2018;Großraum-Vans;Flüssiggas (LPG) (einschl. bivalent);2013;29
2018;Großraum-Vans;Flüssiggas (LPG) (einschl. bivalent);2014;22
2018;Großraum-Vans;Flüssiggas (LPG) (einschl. bivalent);2015;13
2018;Großraum-Vans;Flüssiggas (LPG) (einschl. bivalent);2016;4
2018;Großraum-Vans;Flüssiggas (LPG) (einschl. bivalent);2017;4
2018;Großraum-Vans;Flüssiggas (LPG) (einschl. bivalent);2018;5
2018;Großraum-Vans;Erdgas (CNG) (einschl. bivalent);1994;1
2018;Großraum-Vans;Erdgas (CNG) (einschl. bivalent);1998;4
2018;Großraum-Vans;Erdgas (CNG) (einschl. bivalent);1999;3
2018;Großraum-Vans;Erdgas (CNG) (einschl. bivalent);2000;1
2018;Großraum-Vans;Erdgas (CNG) (einschl. bivalent);2001;5
2018;Großraum-Vans;Erdgas (CNG) (einschl. bivalent);2002;118
2018;Großraum-Vans;Erdgas (CNG) (einschl. bivalent);2003;148
2018;Großraum-Vans;Erdgas (CNG) (einschl. bivalent);2004;353
2018;Großraum-Vans;Erdgas (CNG) (einschl. bivalent);2005;442
2018;Großraum-Vans;Erdgas (CNG) (einschl. bivalent);2006;486
2018;Großraum-Vans;Erdgas (CNG) (einschl. bivalent);2007;611
2018;Großraum-Vans;Erdgas (CNG) (einschl. bivalent);2008;393
2018;Großraum-Vans;Erdgas (CNG) (einschl. bivalent);2009;295
2018;Großraum-Vans;Erdgas (CNG) (einschl. bivalent);2010;127
2018;Großraum-Vans;Erdgas (CNG) (einschl. bivalent);2011;161
2018;Großraum-Vans;Erdgas (CNG) (einschl. bivalent);2012;137
2018;Großraum-Vans;Erdgas (CNG) (einschl. bivalent);2013;132
2018;Großraum-Vans;Erdgas (CNG) (einschl. bivalent);2014;113
2018;Großraum-Vans;Erdgas (CNG) (einschl. bivalent);2015;69
2018;Großraum-Vans;Erdgas (CNG) (einschl. bivalent);2016;12
2018;Großraum-Vans;Erdgas (CNG) (einschl. bivalent);2017;5
2018;Großraum-Vans;Erdgas (CNG) (einschl. bivalent);2018;1
2018;Utilities;Benzin;1990;228
2018;Utilities;Benzin;1991;323
2018;Utilities;Benzin;1992;470
2018;Utilities;Benzin;1993;373
2018;Utilities;Benzin;1994;534
2018;Utilities;Benzin;1995;752
2018;Utilities;Benzin;1996;789
2018;Utilities;Benzin;1997;1091
2018;Utilities;Benzin;1998;1775
2018;Utilities;Benzin;1999;3324
2018;Utilities;Benzin;2000;3110
2018;Utilities;Benzin;2001;3336
2018;Utilities;Benzin;2002;3084
2018;Utilities;Benzin;2003;3242
2018;Utilities;Benzin;2004;2415
2018;Utilities;Benzin;2005;3271
2018;Utilities;Benzin;2006;2381
2018;Utilities;Benzin;2007;1594
2018;Utilities;Benzin;2008;2184
2018;Utilities;Benzin;2009;3350
2018;Utilities;Benzin;2010;1736
2018;Utilities;Benzin;2011;1615
2018;Utilities;Benzin;2012;1336
2018;Utilities;Benzin;2013;1368
2018;Utilities;Benzin;2014;1815
2018;Utilities;Benzin;2015;1431
2018;Utilities;Benzin;2016;1057
2018;Utilities;Benzin;2017;3835
2018;Utilities;Benzin;2018;5683
2018;Utilities;Diesel;1990;363
2018;Utilities;Diesel;1991;404
2018;Utilities;Diesel;1992;597
2018;Utilities;Diesel;1993;533
2018;Utilities;Diesel;1994;787
2018;Utilities;Diesel;1995;1182
2018;Utilities;Diesel;1996;1959
2018;Utilities;Diesel;1997;2584
2018;Utilities;Diesel;1998;2766
2018;Utilities;Diesel;1999;3650
2018;Utilities;Diesel;2000;3877
2018;Utilities;Diesel;2001;4839
2018;Utilities;Diesel;2002;5736
2018;Utilities;Diesel;2003;7197
2018;Utilities;Diesel;2004;8735
2018;Utilities;Diesel;2005;10306
2018;Utilities;Diesel;2006;11315
2018;Utilities;Diesel;2007;11306
2018;Utilities;Diesel;2008;11343
2018;Utilities;Diesel;2009;10188
2018;Utilities;Diesel;2010;9738
2018;Utilities;Diesel;2011;9656
2018;Utilities;Diesel;2012;8879
2018;Utilities;Diesel;2013;10057
2018;Utilities;Diesel;2014;13951
2018;Utilities;Diesel;2015;13432
2018;Utilities;Diesel;2016;8684
2018;Utilities;Diesel;2017;24470
2018;Utilities;Diesel;2018;19471
2018;Utilities;Elektro (BEV);1992;1
2018;Utilities;Elektro (BEV);1998;1
2018;Utilities;Elektro (BEV);2002;3
2018;Utilities;Elektro (BEV);2010;8
2018;Utilities;Elektro (BEV);2011;3
2018;Utilities;Elektro (BEV);2013;1
2018;Utilities;Elektro (BEV);2014;6
2018;Utilities;Elektro (BEV);2015;15
2018;Utilities;Elektro (BEV);2016;19
2018;Utilities;Elektro (BEV);2017;31
2018;Utilities;Elektro (BEV);2018;41
2018;Utilities;Hybrid;1991;1
2018;Utilities;Hybrid;2004;2
2018;Utilities;Sonstige;1995;1
2018;Utilities;Sonstige;1997;2
2018;Utilities;Sonstige;1999;1
2018;Utilities;Sonstige;2007;1
2018;Utilities;Sonstige;2011;1
2018;Utilities;Flüssiggas (LPG) (einschl. bivalent);1990;15
2018;Utilities;Flüssiggas (LPG) (einschl. bivalent);1991;21
2018;Utilities;Flüssiggas (LPG) (einschl. bivalent);1992;54
2018;Utilities;Flüssiggas (LPG) (einschl. bivalent);1993;52
2018;Utilities;Flüssiggas (LPG) (einschl. bivalent);1994;76
2018;Utilities;Flüssiggas (LPG) (einschl. bivalent);1995;104
2018;Utilities;Flüssiggas (LPG) (einschl. bivalent);1996;124
2018;Utilities;Flüssiggas (LPG) (einschl. bivalent);1997;104
2018;Utilities;Flüssiggas (LPG) (einschl. bivalent);1998;85
2018;Utilities;Flüssiggas (LPG) (einschl. bivalent);1999;72
2018;Utilities;Flüssiggas (LPG) (einschl. bivalent);2000;70
2018;Utilities;Flüssiggas (LPG) (einschl. bivalent);2001;94
2018;Utilities;Flüssiggas (LPG) (einschl. bivalent);2002;85
2018;Utilities;Flüssiggas (LPG) (einschl. bivalent);2003;115
2018;Utilities;Flüssiggas (LPG) (einschl. bivalent);2004;122
2018;Utilities;Flüssiggas (LPG) (einschl. bivalent);2005;212
2018;Utilities;Flüssiggas (LPG) (einschl. bivalent);2006;202
2018;Utilities;Flüssiggas (LPG) (einschl. bivalent);2007;135
2018;Utilities;Flüssiggas (LPG) (einschl. bivalent);2008;347
2018;Utilities;Flüssiggas (LPG) (einschl. bivalent);2009;232
2018;Utilities;Flüssiggas (LPG) (einschl. bivalent);2010;82
2018;Utilities;Flüssiggas (LPG) (einschl. bivalent);2011;64
2018;Utilities;Flüssiggas (LPG) (einschl. bivalent);2012;59
2018;Utilities;Flüssiggas (LPG) (einschl. bivalent);2013;34
2018;Utilities;Flüssiggas (LPG) (einschl. bivalent);2014;66
2018;Utilities;Flüssiggas (LPG) (einschl. bivalent);2015;63
2018;Utilities;Flüssiggas (LPG) (einschl. bivalent);2017;22
2018;Utilities;Flüssiggas (LPG) (einschl. bivalent);2018;52
2018;Utilities;Erdgas (CNG) (einschl. bivalent);1994;1
2018;Utilities;Erdgas (CNG) (einschl. bivalent);1995;1
2018;Utilities;Erdgas (CNG) (einschl. bivalent);1996;4
2018;Utilities;Erdgas (CNG) (einschl. bivalent);1997;8
2018;Utilities;Erdgas (CNG) (einschl. bivalent);1998;4
2018;Utilities;Erdgas (CNG) (einschl. bivalent);1999;7
2018;Utilities;Erdgas (CNG) (einschl. bivalent);2000;8
2018;Utilities;Erdgas (CNG) (einschl. bivalent);2001;5
2018;Utilities;Erdgas (CNG) (einschl. bivalent);2002;2
2018;Utilities;Erdgas (CNG) (einschl. bivalent);2003;5
2018;Utilities;Erdgas (CNG) (einschl. bivalent);2004;12
2018;Utilities;Erdgas (CNG) (einschl. bivalent);2005;189
2018;Utilities;Erdgas (CNG) (einschl. bivalent);2006;622
2018;Utilities;Erdgas (CNG) (einschl. bivalent);2007;558
2018;Utilities;Erdgas (CNG) (einschl. bivalent);2008;422
2018;Utilities;Erdgas (CNG) (einschl. bivalent);2009;244
2018;Utilities;Erdgas (CNG) (einschl. bivalent);2010;102
2018;Utilities;Erdgas (CNG) (einschl. bivalent);2011;177
2018;Utilities;Erdgas (CNG) (einschl. bivalent);2012;91
2018;Utilities;Erdgas (CNG) (einschl. bivalent);2013;102
2018;Utilities;Erdgas (CNG) (einschl. bivalent);2014;99
2018;Utilities;Erdgas (CNG) (einschl. bivalent);2015;74
2018;Utilities;Erdgas (CNG) (einschl. bivalent);2016;35
2018;Utilities;Erdgas (CNG) (einschl. bivalent);2017;69
2018;Utilities;Erdgas (CNG) (einschl. bivalent);2018;84
2018;Wohnmobile;Benzin;1990;114
2018;Wohnmobile;Benzin;1991;119
2018;Wohnmobile;Benzin;1992;124
2018;Wohnmobile;Benzin;1993;79
2018;Wohnmobile;Benzin;1994;48
2018;Wohnmobile;Benzin;1995;58
2018;Wohnmobile;Benzin;1996;44
2018;Wohnmobile;Benzin;1997;30
2018;Wohnmobile;Benzin;1998;36
2018;Wohnmobile;Benzin;1999;17
2018;Wohnmobile;Benzin;2000;17
2018;Wohnmobile;Benzin;2001;9
2018;Wohnmobile;Benzin;2002;3
2018;Wohnmobile;Benzin;2003;5
2018;Wohnmobile;Benzin;2004;3
2018;Wohnmobile;Benzin;2005;4
2018;Wohnmobile;Benzin;2006;5
2018;Wohnmobile;Benzin;2007;4
2018;Wohnmobile;Benzin;2008;5
2018;Wohnmobile;Benzin;2009;1
2018;Wohnmobile;Benzin;2010;5
2018;Wohnmobile;Benzin;2011;4
2018;Wohnmobile;Benzin;2012;4
2018;Wohnmobile;Benzin;2013;7
2018;Wohnmobile;Benzin;2014;5
2018;Wohnmobile;Benzin;2015;8
2018;Wohnmobile;Benzin;2016;14
2018;Wohnmobile;Benzin;2017;40
2018;Wohnmobile;Benzin;2018;34
2018;Wohnmobile;Diesel;1990;1796
2018;Wohnmobile;Diesel;1991;2082
2018;Wohnmobile;Diesel;1992;2250
2018;Wohnmobile;Diesel;1993;1760
2018;Wohnmobile;Diesel;1994;1639
2018;Wohnmobile;Diesel;1995;1698
2018;Wohnmobile;Diesel;1996;1858
2018;Wohnmobile;Diesel;1997;1764
2018;Wohnmobile;Diesel;1998;1798
2018;Wohnmobile;Diesel;1999;2143
2018;Wohnmobile;Diesel;2000;2331
2018;Wohnmobile;Diesel;2001;2394
2018;Wohnmobile;Diesel;2002;2145
2018;Wohnmobile;Diesel;2003;2141
2018;Wohnmobile;Diesel;2004;2255
2018;Wohnmobile;Diesel;2005;2253
2018;Wohnmobile;Diesel;2006;2320
2018;Wohnmobile;Diesel;2007;2295
2018;Wohnmobile;Diesel;2008;2346
2018;Wohnmobile;Diesel;2009;2001
2018;Wohnmobile;Diesel;2010;1981
2018;Wohnmobile;Diesel;2011;2296
2018;Wohnmobile;Diesel;2012;2588
2018;Wohnmobile;Diesel;2013;2479
2018;Wohnmobile;Diesel;2014;2727
2018;Wohnmobile;Diesel;2015;3115
2018;Wohnmobile;Diesel;2016;3781
2018;Wohnmobile;Diesel;2017;6612
2018;Wohnmobile;Diesel;2018;11342
2018;Wohnmobile;Elektro (BEV);2010;1
2018;Wohnmobile;Hybrid;1999;1
2018;Wohnmobile;Sonstige;2004;1
2018;Wohnmobile;Sonstige;2007;1
2018;Wohnmobile;Sonstige;2008;1
2018;Wohnmobile;Sonstige;2012;1
2018;Wohnmobile;Sonstige;2015;1
2018;Wohnmobile;Sonstige;2017;1
2018;Wohnmobile;Flüssiggas (LPG) (einschl. bivalent);1990;21
2018;Wohnmobile;Flüssiggas (LPG) (einschl. bivalent);1991;30
2018;Wohnmobile;Flüssiggas (LPG) (einschl. bivalent);1992;34
2018;Wohnmobile;Flüssiggas (LPG) (einschl. bivalent);1993;31
2018;Wohnmobile;Flüssiggas (LPG) (einschl. bivalent);1994;22
2018;Wohnmobile;Flüssiggas (LPG) (einschl. bivalent);1995;26
2018;Wohnmobile;Flüssiggas (LPG) (einschl. bivalent);1996;15
2018;Wohnmobile;Flüssiggas (LPG) (einschl. bivalent);1997;22
2018;Wohnmobile;Flüssiggas (LPG) (einschl. bivalent);1998;13
2018;Wohnmobile;Flüssiggas (LPG) (einschl. bivalent);1999;9
2018;Wohnmobile;Flüssiggas (LPG) (einschl. bivalent);2000;7
2018;Wohnmobile;Flüssiggas (LPG) (einschl. bivalent);2001;8
2018;Wohnmobile;Flüssiggas (LPG) (einschl. bivalent);2002;5
2018;Wohnmobile;Flüssiggas (LPG) (einschl. bivalent);2003;2
2018;Wohnmobile;Flüssiggas (LPG) (einschl. bivalent);2004;6
2018;Wohnmobile;Flüssiggas (LPG) (einschl. bivalent);2005;3
2018;Wohnmobile;Flüssiggas (LPG) (einschl. bivalent);2006;2
2018;Wohnmobile;Flüssiggas (LPG) (einschl. bivalent);2007;1
2018;Wohnmobile;Flüssiggas (LPG) (einschl. bivalent);2008;2
2018;Wohnmobile;Flüssiggas (LPG) (einschl. bivalent);2009;3
2018;Wohnmobile;Flüssiggas (LPG) (einschl. bivalent);2010;1
2018;Wohnmobile;Flüssiggas (LPG) (einschl. bivalent);2011;1
2018;Wohnmobile;Flüssiggas (LPG) (einschl. bivalent);2012;1
2018;Wohnmobile;Flüssiggas (LPG) (einschl. bivalent);2013;1
2018;Wohnmobile;Flüssiggas (LPG) (einschl. bivalent);2015;1
2018;Wohnmobile;Flüssiggas (LPG) (einschl. bivalent);2016;1
2018;Wohnmobile;Flüssiggas (LPG) (einschl. bivalent);2017;1
2018;Wohnmobile;Erdgas (CNG) (einschl. bivalent);1993;1
2018;Wohnmobile;Erdgas (CNG) (einschl. bivalent);1994;2
2018;Wohnmobile;Erdgas (CNG) (einschl. bivalent);2001;1
2018;Wohnmobile;Erdgas (CNG) (einschl. bivalent);2002;2
2018;Wohnmobile;Erdgas (CNG) (einschl. bivalent);2003;3
2018;Wohnmobile;Erdgas (CNG) (einschl. bivalent);2004;2
2018;Wohnmobile;Erdgas (CNG) (einschl. bivalent);2005;1
2018;Wohnmobile;Erdgas (CNG) (einschl. bivalent);2006;1
2018;Wohnmobile;Erdgas (CNG) (einschl. bivalent);2008;2
2018;Sonstige;Benzin;1904;2
2018;Sonstige;Benzin;1909;2
2018;Sonstige;Benzin;1910;3
2018;Sonstige;Benzin;1911;1
2018;Sonstige;Benzin;1912;1
2018;Sonstige;Benzin;1913;4
2018;Sonstige;Benzin;1914;5
2018;Sonstige;Benzin;1915;3
2018;Sonstige;Benzin;1916;2
2018;Sonstige;Benzin;1917;2
2018;Sonstige;Benzin;1919;2
2018;Sonstige;Benzin;1920;2
2018;Sonstige;Benzin;1922;4
2018;Sonstige;Benzin;1923;7
2018;Sonstige;Benzin;1924;11
2018;Sonstige;Benzin;1925;6
2018;Sonstige;Benzin;1926;15
2018;Sonstige;Benzin;1927;21
2018;Sonstige;Benzin;1928;49
2018;Sonstige;Benzin;1929;68
2018;Sonstige;Benzin;1930;54
2018;Sonstige;Benzin;1931;65
2018;Sonstige;Benzin;1932;50
2018;Sonstige;Benzin;1933;38
2018;Sonstige;Benzin;1934;43
2018;Sonstige;Benzin;1935;43
2018;Sonstige;Benzin;1936;67
2018;Sonstige;Benzin;1937;80
2018;Sonstige;Benzin;1938;82
2018;Sonstige;Benzin;1939;87
2018;Sonstige;Benzin;1940;19
2018;Sonstige;Benzin;1941;21
2018;Sonstige;Benzin;1942;14
2018;Sonstige;Benzin;1943;22
2018;Sonstige;Benzin;1944;26
2018;Sonstige;Benzin;1945;7
2018;Sonstige;Benzin;1946;13
2018;Sonstige;Benzin;1947;29
2018;Sonstige;Benzin;1948;37
2018;Sonstige;Benzin;1949;51
2018;Sonstige;Benzin;1950;98
2018;Sonstige;Benzin;1951;107
2018;Sonstige;Benzin;1952;138
2018;Sonstige;Benzin;1953;174
2018;Sonstige;Benzin;1954;179
2018;Sonstige;Benzin;1955;268
2018;Sonstige;Benzin;1956;320
2018;Sonstige;Benzin;1957;404
2018;Sonstige;Benzin;1958;425
2018;Sonstige;Benzin;1959;555
2018;Sonstige;Benzin;1960;547
2018;Sonstige;Benzin;1961;536
2018;Sonstige;Benzin;1962;597
2018;Sonstige;Benzin;1963;562
2018;Sonstige;Benzin;1964;706
2018;Sonstige;Benzin;1965;1050
2018;Sonstige;Benzin;1966;1059
2018;Sonstige;Benzin;1967;1240
2018;Sonstige;Benzin;1968;1395
2018;Sonstige;Benzin;1969;1392
2018;Sonstige;Benzin;1970;1561
2018;Sonstige;Benzin;1971;1893
2018;Sonstige;Benzin;1972;1918
2018;Sonstige;Benzin;1973;1970
2018;Sonstige;Benzin;1974;1237
2018;Sonstige;Benzin;1975;1227
2018;Sonstige;Benzin;1976;1376
2018;Sonstige;Benzin;1977;1599
2018;Sonstige;Benzin;1978;1846
2018;Sonstige;Benzin;1979;2196
2018;Sonstige;Benzin;1980;1681
2018;Sonstige;Benzin;1981;1873
2018;Sonstige;Benzin;1982;2204
2018;Sonstige;Benzin;1983;3029
2018;Sonstige;Benzin;1984;2957
2018;Sonstige;Benzin;1985;3210
2018;Sonstige;Benzin;1986;4374
2018;Sonstige;Benzin;1987;7028
2018;Sonstige;Benzin;1988;9585
2018;Sonstige;Benzin;1989;14162
2018;Sonstige;Benzin;1990;2462
2018;Sonstige;Benzin;1991;2863
2018;Sonstige;Benzin;1992;2295
2018;Sonstige;Benzin;1993;2478
2018;Sonstige;Benzin;1994;2651
2018;Sonstige;Benzin;1995;5207
2018;Sonstige;Benzin;1996;5335
2018;Sonstige;Benzin;1997;6083
2018;Sonstige;Benzin;1998;3673
2018;Sonstige;Benzin;1999;3128
2018;Sonstige;Benzin;2000;3589
2018;Sonstige;Benzin;2001;4510
2018;Sonstige;Benzin;2002;4151
2018;Sonstige;Benzin;2003;4737
2018;Sonstige;Benzin;2004;3955
2018;Sonstige;Benzin;2005;3868
2018;Sonstige;Benzin;2006;1560
2018;Sonstige;Benzin;2007;904
2018;Sonstige;Benzin;2008;755
2018;Sonstige;Benzin;2009;983
2018;Sonstige;Benzin;2010;633
2018;Sonstige;Benzin;2011;563
2018;Sonstige;Benzin;2012;732
2018;Sonstige;Benzin;2013;965
2018;Sonstige;Benzin;2014;1240
2018;Sonstige;Benzin;2015;1685
2018;Sonstige;Benzin;2016;2238
2018;Sonstige;Benzin;2017;2392
2018;Sonstige;Benzin;2018;2792
2018;Sonstige;Benzin;fehlende/unplausible Angabe;4
2018;Sonstige;Diesel;1935;1
2018;Sonstige;Diesel;1946;1
2018;Sonstige;Diesel;1950;3
2018;Sonstige;Diesel;1951;10
2018;Sonstige;Diesel;1952;16
2018;Sonstige;Diesel;1953;21
2018;Sonstige;Diesel;1954;11
2018;Sonstige;Diesel;1955;3
2018;Sonstige;Diesel;1956;7
2018;Sonstige;Diesel;1957;5
2018;Sonstige;Diesel;1958;10
2018;Sonstige;Diesel;1959;15
2018;Sonstige;Diesel;1960;23
2018;Sonstige;Diesel;1961;25
2018;Sonstige;Diesel;1962;15
2018;Sonstige;Diesel;1963;20
2018;Sonstige;Diesel;1964;28
2018;Sonstige;Diesel;1965;46
2018;Sonstige;Diesel;1966;43
2018;Sonstige;Diesel;1967;55
2018;Sonstige;Diesel;1968;44
2018;Sonstige;Diesel;1969;45
2018;Sonstige;Diesel;1970;58
2018;Sonstige;Diesel;1971;96
2018;Sonstige;Diesel;1972;79
2018;Sonstige;Diesel;1973;111
2018;Sonstige;Diesel;1974;79
2018;Sonstige;Diesel;1975;129
2018;Sonstige;Diesel;1976;148
2018;Sonstige;Diesel;1977;126
2018;Sonstige;Diesel;1978;186
2018;Sonstige;Diesel;1979;296
2018;Sonstige;Diesel;1980;308
2018;Sonstige;Diesel;1981;459
2018;Sonstige;Diesel;1982;712
2018;Sonstige;Diesel;1983;634
2018;Sonstige;Diesel;1984;671
2018;Sonstige;Diesel;1985;998
2018;Sonstige;Diesel;1986;1398
2018;Sonstige;Diesel;1987;1725
2018;Sonstige;Diesel;1988;2109
2018;Sonstige;Diesel;1989;2567
2018;Sonstige;Diesel;1990;82
2018;Sonstige;Diesel;1991;67
2018;Sonstige;Diesel;1992;86
2018;Sonstige;Diesel;1993;81
2018;Sonstige;Diesel;1994;187
2018;Sonstige;Diesel;1995;486
2018;Sonstige;Diesel;1996;572
2018;Sonstige;Diesel;1997;524
2018;Sonstige;Diesel;1998;366
2018;Sonstige;Diesel;1999;547
2018;Sonstige;Diesel;2000;1303
2018;Sonstige;Diesel;2001;2481
2018;Sonstige;Diesel;2002;2038
2018;Sonstige;Diesel;2003;1613
2018;Sonstige;Diesel;2004;1460
2018;Sonstige;Diesel;2005;887
2018;Sonstige;Diesel;2006;527
2018;Sonstige;Diesel;2007;278
2018;Sonstige;Diesel;2008;190
2018;Sonstige;Diesel;2009;169
2018;Sonstige;Diesel;2010;108
2018;Sonstige;Diesel;2011;250
2018;Sonstige;Diesel;2012;272
2018;Sonstige;Diesel;2013;147
2018;Sonstige;Diesel;2014;191
2018;Sonstige;Diesel;2015;217
2018;Sonstige;Diesel;2016;317
2018;Sonstige;Diesel;2017;363
2018;Sonstige;Diesel;2018;218
2018;Sonstige;Elektro (BEV);1903;1
2018;Sonstige;Elektro (BEV);1960;1
2018;Sonstige;Elektro (BEV);1966;1
2018;Sonstige;Elektro (BEV);1967;1
2018;Sonstige;Elektro (BEV);1971;1
2018;Sonstige;Elektro (BEV);1973;2
2018;Sonstige;Elektro (BEV);1978;1
2018;Sonstige;Elektro (BEV);1985;1
2018;Sonstige;Elektro (BEV);1988;2
2018;Sonstige;Elektro (BEV);1989;1
2018;Sonstige;Elektro (BEV);1990;2
2018;Sonstige;Elektro (BEV);1991;6
2018;Sonstige;Elektro (BEV);1992;7
2018;Sonstige;Elektro (BEV);1993;7
2018;Sonstige;Elektro (BEV);1994;6
2018;Sonstige;Elektro (BEV);1995;2
2018;Sonstige;Elektro (BEV);1996;6
2018;Sonstige;Elektro (BEV);1997;6
2018;Sonstige;Elektro (BEV);1998;2
2018;Sonstige;Elektro (BEV);1999;6
2018;Sonstige;Elektro (BEV);2000;4
2018;Sonstige;Elektro (BEV);2001;1
2018;Sonstige;Elektro (BEV);2002;3
2018;Sonstige;Elektro (BEV);2003;1
2018;Sonstige;Elektro (BEV);2005;3
2018;Sonstige;Elektro (BEV);2006;2
2018;Sonstige;Elektro (BEV);2007;3
2018;Sonstige;Elektro (BEV);2008;1
2018;Sonstige;Elektro (BEV);2009;4
2018;Sonstige;Elektro (BEV);2010;11
2018;Sonstige;Elektro (BEV);2011;16
2018;Sonstige;Elektro (BEV);2012;11
2018;Sonstige;Elektro (BEV);2013;21
2018;Sonstige;Elektro (BEV);2014;185
2018;Sonstige;Elektro (BEV);2015;172
2018;Sonstige;Elektro (BEV);2016;32
2018;Sonstige;Elektro (BEV);2017;123
2018;Sonstige;Elektro (BEV);2018;90
2018;Sonstige;Hybrid;1971;1
2018;Sonstige;Hybrid;1984;1
2018;Sonstige;Hybrid;1985;2
2018;Sonstige;Hybrid;1987;1
2018;Sonstige;Hybrid;1999;1
2018;Sonstige;Hybrid;2005;4
2018;Sonstige;Hybrid;2006;4
2018;Sonstige;Hybrid;2007;3
2018;Sonstige;Hybrid;2008;5
2018;Sonstige;Hybrid;2009;2
2018;Sonstige;Hybrid;2010;8
2018;Sonstige;Hybrid;2011;6
2018;Sonstige;Hybrid;2012;15
2018;Sonstige;Hybrid;2013;20
2018;Sonstige;Hybrid;2014;34
2018;Sonstige;Hybrid;2015;41
2018;Sonstige;Hybrid;2016;102
2018;Sonstige;Hybrid;2017;143
2018;Sonstige;Hybrid;2018;116
2018;Sonstige;Sonstige;1906;1
2018;Sonstige;Sonstige;1919;1
2018;Sonstige;Sonstige;1939;1
2018;Sonstige;Sonstige;1953;1
2018;Sonstige;Sonstige;1960;1
2018;Sonstige;Sonstige;1966;1
2018;Sonstige;Sonstige;1967;1
2018;Sonstige;Sonstige;1968;2
2018;Sonstige;Sonstige;1971;3
2018;Sonstige;Sonstige;1975;1
2018;Sonstige;Sonstige;1976;1
2018;Sonstige;Sonstige;1979;1
2018;Sonstige;Sonstige;1980;1
2018;Sonstige;Sonstige;1982;1
2018;Sonstige;Sonstige;1983;3
2018;Sonstige;Sonstige;1984;1
2018;Sonstige;Sonstige;1987;1
2018;Sonstige;Sonstige;1988;1
2018;Sonstige;Sonstige;1989;3
2018;Sonstige;Sonstige;1992;2
2018;Sonstige;Sonstige;1994;2
2018;Sonstige;Sonstige;1995;2
2018;Sonstige;Sonstige;1996;2
2018;Sonstige;Sonstige;1997;1
2018;Sonstige;Sonstige;1998;1
2018;Sonstige;Sonstige;2000;1
2018;Sonstige;Sonstige;2003;2
2018;Sonstige;Sonstige;2004;1
2018;Sonstige;Sonstige;2006;1
2018;Sonstige;Sonstige;2008;4
2018;Sonstige;Sonstige;2010;1
2018;Sonstige;Sonstige;2012;3
2018;Sonstige;Sonstige;2013;3
2018;Sonstige;Sonstige;2014;2
2018;Sonstige;Sonstige;2015;3
2018;Sonstige;Sonstige;2016;5
2018;Sonstige;Sonstige;2017;3
2018;Sonstige;Sonstige;2018;2
2018;Sonstige;Flüssiggas (LPG) (einschl. bivalent);1928;1
2018;Sonstige;Flüssiggas (LPG) (einschl. bivalent);1954;1
2018;Sonstige;Flüssiggas (LPG) (einschl. bivalent);1957;1
2018;Sonstige;Flüssiggas (LPG) (einschl. bivalent);1960;1
2018;Sonstige;Flüssiggas (LPG) (einschl. bivalent);1962;1
2018;Sonstige;Flüssiggas (LPG) (einschl. bivalent);1964;1
2018;Sonstige;Flüssiggas (LPG) (einschl. bivalent);1965;3
2018;Sonstige;Flüssiggas (LPG) (einschl. bivalent);1966;1
2018;Sonstige;Flüssiggas (LPG) (einschl. bivalent);1967;1
2018;Sonstige;Flüssiggas (LPG) (einschl. bivalent);1968;1
2018;Sonstige;Flüssiggas (LPG) (einschl. bivalent);1969;3
2018;Sonstige;Flüssiggas (LPG) (einschl. bivalent);1970;6
2018;Sonstige;Flüssiggas (LPG) (einschl. bivalent);1971;5
2018;Sonstige;Flüssiggas (LPG) (einschl. bivalent);1972;3
2018;Sonstige;Flüssiggas (LPG) (einschl. bivalent);1973;5
2018;Sonstige;Flüssiggas (LPG) (einschl. bivalent);1974;6
2018;Sonstige;Flüssiggas (LPG) (einschl. bivalent);1975;4
2018;Sonstige;Flüssiggas (LPG) (einschl. bivalent);1976;4
2018;Sonstige;Flüssiggas (LPG) (einschl. bivalent);1977;7
2018;Sonstige;Flüssiggas (LPG) (einschl. bivalent);1978;12
2018;Sonstige;Flüssiggas (LPG) (einschl. bivalent);1979;22
2018;Sonstige;Flüssiggas (LPG) (einschl. bivalent);1980;12
2018;Sonstige;Flüssiggas (LPG) (einschl. bivalent);1981;15
2018;Sonstige;Flüssiggas (LPG) (einschl. bivalent);1982;16
2018;Sonstige;Flüssiggas (LPG) (einschl. bivalent);1983;30
2018;Sonstige;Flüssiggas (LPG) (einschl. bivalent);1984;23
2018;Sonstige;Flüssiggas (LPG) (einschl. bivalent);1985;33
2018;Sonstige;Flüssiggas (LPG) (einschl. bivalent);1986;41
2018;Sonstige;Flüssiggas (LPG) (einschl. bivalent);1987;66
2018;Sonstige;Flüssiggas (LPG) (einschl. bivalent);1988;127
2018;Sonstige;Flüssiggas (LPG) (einschl. bivalent);1989;152
2018;Sonstige;Flüssiggas (LPG) (einschl. bivalent);1990;42
2018;Sonstige;Flüssiggas (LPG) (einschl. bivalent);1991;68
2018;Sonstige;Flüssiggas (LPG) (einschl. bivalent);1992;61
2018;Sonstige;Flüssiggas (LPG) (einschl. bivalent);1993;63
2018;Sonstige;Flüssiggas (LPG) (einschl. bivalent);1994;62
2018;Sonstige;Flüssiggas (LPG) (einschl. bivalent);1995;79
2018;Sonstige;Flüssiggas (LPG) (einschl. bivalent);1996;103
2018;Sonstige;Flüssiggas (LPG) (einschl. bivalent);1997;142
2018;Sonstige;Flüssiggas (LPG) (einschl. bivalent);1998;129
2018;Sonstige;Flüssiggas (LPG) (einschl. bivalent);1999;109
2018;Sonstige;Flüssiggas (LPG) (einschl. bivalent);2000;133
2018;Sonstige;Flüssiggas (LPG) (einschl. bivalent);2001;184
2018;Sonstige;Flüssiggas (LPG) (einschl. bivalent);2002;148
2018;Sonstige;Flüssiggas (LPG) (einschl. bivalent);2003;159
2018;Sonstige;Flüssiggas (LPG) (einschl. bivalent);2004;176
2018;Sonstige;Flüssiggas (LPG) (einschl. bivalent);2005;282
2018;Sonstige;Flüssiggas (LPG) (einschl. bivalent);2006;184
2018;Sonstige;Flüssiggas (LPG) (einschl. bivalent);2007;135
2018;Sonstige;Flüssiggas (LPG) (einschl. bivalent);2008;128
2018;Sonstige;Flüssiggas (LPG) (einschl. bivalent);2009;78
2018;Sonstige;Flüssiggas (LPG) (einschl. bivalent);2010;44
2018;Sonstige;Flüssiggas (LPG) (einschl. bivalent);2011;42
2018;Sonstige;Flüssiggas (LPG) (einschl. bivalent);2012;36
2018;Sonstige;Flüssiggas (LPG) (einschl. bivalent);2013;26
2018;Sonstige;Flüssiggas (LPG) (einschl. bivalent);2014;47
2018;Sonstige;Flüssiggas (LPG) (einschl. bivalent);2015;42
2018;Sonstige;Flüssiggas (LPG) (einschl. bivalent);2016;49
2018;Sonstige;Flüssiggas (LPG) (einschl. bivalent);2017;36
2018;Sonstige;Flüssiggas (LPG) (einschl. bivalent);2018;8
2018;Sonstige;Erdgas (CNG) (einschl. bivalent);1971;1
2018;Sonstige;Erdgas (CNG) (einschl. bivalent);1973;1
2018;Sonstige;Erdgas (CNG) (einschl. bivalent);1991;1
2018;Sonstige;Erdgas (CNG) (einschl. bivalent);1992;1
2018;Sonstige;Erdgas (CNG) (einschl. bivalent);1995;3
2018;Sonstige;Erdgas (CNG) (einschl. bivalent);1996;1
2018;Sonstige;Erdgas (CNG) (einschl. bivalent);1997;1
2018;Sonstige;Erdgas (CNG) (einschl. bivalent);1998;1
2018;Sonstige;Erdgas (CNG) (einschl. bivalent);2000;2
2018;Sonstige;Erdgas (CNG) (einschl. bivalent);2001;4
2018;Sonstige;Erdgas (CNG) (einschl. bivalent);2002;3
2018;Sonstige;Erdgas (CNG) (einschl. bivalent);2003;9
2018;Sonstige;Erdgas (CNG) (einschl. bivalent);2005;2
2018;Sonstige;Erdgas (CNG) (einschl. bivalent);2011;1
2018;Sonstige;Erdgas (CNG) (einschl. bivalent);2012;1
2018;Sonstige;Erdgas (CNG) (einschl. bivalent);2013;4
2018;Sonstige;Erdgas (CNG) (einschl. bivalent);2014;1
2018;Sonstige;Erdgas (CNG) (einschl. bivalent);2015;1
2018;Sonstige;Erdgas (CNG) (einschl. bivalent);2016;1
2018;Sonstige;Erdgas (CNG) (einschl. bivalent);2017;1
2018;Sonstige;Erdgas (CNG) (einschl. bivalent);2018;1
2019;Minis;Benzin;1990;136
2019;Minis;Benzin;1991;217
2019;Minis;Benzin;1992;396
2019;Minis;Benzin;1993;670
2019;Minis;Benzin;1994;976
2019;Minis;Benzin;1995;1590
2019;Minis;Benzin;1996;3149
2019;Minis;Benzin;1997;5532
2019;Minis;Benzin;1998;12473
2019;Minis;Benzin;1999;23559
2019;Minis;Benzin;2000;26505
2019;Minis;Benzin;2001;27416
2019;Minis;Benzin;2002;28411
2019;Minis;Benzin;2003;21679
2019;Minis;Benzin;2004;20831
2019;Minis;Benzin;2005;21065
2019;Minis;Benzin;2006;23678
2019;Minis;Benzin;2007;18629
2019;Minis;Benzin;2008;20778
2019;Minis;Benzin;2009;33747
2019;Minis;Benzin;2010;19703
2019;Minis;Benzin;2011;15556
2019;Minis;Benzin;2012;18282
2019;Minis;Benzin;2013;17657
2019;Minis;Benzin;2014;21022
2019;Minis;Benzin;2015;30658
2019;Minis;Benzin;2016;34226
2019;Minis;Benzin;2017;15891
2019;Minis;Benzin;2018;37318
2019;Minis;Benzin;2019;59075
2019;Minis;Diesel;1993;5
2019;Minis;Diesel;1994;3
2019;Minis;Diesel;1995;1
2019;Minis;Diesel;1996;9
2019;Minis;Diesel;1997;12
2019;Minis;Diesel;1998;158
2019;Minis;Diesel;1999;668
2019;Minis;Diesel;2000;2060
2019;Minis;Diesel;2001;2222
2019;Minis;Diesel;2002;2013
2019;Minis;Diesel;2003;1368
2019;Minis;Diesel;2004;1172
2019;Minis;Diesel;2005;995
2019;Minis;Diesel;2006;1454
2019;Minis;Diesel;2007;1282
2019;Minis;Diesel;2008;1582
2019;Minis;Diesel;2009;1157
2019;Minis;Diesel;2010;872
2019;Minis;Diesel;2011;621
2019;Minis;Diesel;2012;449
2019;Minis;Diesel;2013;601
2019;Minis;Diesel;2014;377
2019;Minis;Diesel;2015;352
2019;Minis;Diesel;2016;300
2019;Minis;Diesel;2017;107
2019;Minis;Diesel;2018;82
2019;Minis;Diesel;2019;376
2019;Minis;Elektro (BEV);1998;4
2019;Minis;Elektro (BEV);1999;2
2019;Minis;Elektro (BEV);2002;2
2019;Minis;Elektro (BEV);2009;1
2019;Minis;Elektro (BEV);2010;13
2019;Minis;Elektro (BEV);2011;87
2019;Minis;Elektro (BEV);2012;128
2019;Minis;Elektro (BEV);2013;279
2019;Minis;Elektro (BEV);2014;281
2019;Minis;Elektro (BEV);2015;213
2019;Minis;Elektro (BEV);2016;109
2019;Minis;Elektro (BEV);2017;429
2019;Minis;Elektro (BEV);2018;502
2019;Minis;Elektro (BEV);2019;169
2019;Minis;Hybrid;1997;1
2019;Minis;Hybrid;2002;2
2019;Minis;Hybrid;2003;1
2019;Minis;Sonstige;2005;2
2019;Minis;Sonstige;2007;2
2019;Minis;Sonstige;2012;1
2019;Minis;Flüssiggas (LPG) (einschl. bivalent);1992;2
2019;Minis;Flüssiggas (LPG) (einschl. bivalent);1993;3
2019;Minis;Flüssiggas (LPG) (einschl. bivalent);1994;2
2019;Minis;Flüssiggas (LPG) (einschl. bivalent);1995;1
2019;Minis;Flüssiggas (LPG) (einschl. bivalent);1996;2
2019;Minis;Flüssiggas (LPG) (einschl. bivalent);1997;14
2019;Minis;Flüssiggas (LPG) (einschl. bivalent);1998;16
2019;Minis;Flüssiggas (LPG) (einschl. bivalent);1999;39
2019;Minis;Flüssiggas (LPG) (einschl. bivalent);2000;60
2019;Minis;Flüssiggas (LPG) (einschl. bivalent);2001;62
2019;Minis;Flüssiggas (LPG) (einschl. bivalent);2002;86
2019;Minis;Flüssiggas (LPG) (einschl. bivalent);2003;90
2019;Minis;Flüssiggas (LPG) (einschl. bivalent);2004;120
2019;Minis;Flüssiggas (LPG) (einschl. bivalent);2005;191
2019;Minis;Flüssiggas (LPG) (einschl. bivalent);2006;240
2019;Minis;Flüssiggas (LPG) (einschl. bivalent);2007;234
2019;Minis;Flüssiggas (LPG) (einschl. bivalent);2008;357
2019;Minis;Flüssiggas (LPG) (einschl. bivalent);2009;293
2019;Minis;Flüssiggas (LPG) (einschl. bivalent);2010;151
2019;Minis;Flüssiggas (LPG) (einschl. bivalent);2011;108
2019;Minis;Flüssiggas (LPG) (einschl. bivalent);2012;125
2019;Minis;Flüssiggas (LPG) (einschl. bivalent);2013;55
2019;Minis;Flüssiggas (LPG) (einschl. bivalent);2014;128
2019;Minis;Flüssiggas (LPG) (einschl. bivalent);2015;114
2019;Minis;Flüssiggas (LPG) (einschl. bivalent);2016;79
2019;Minis;Flüssiggas (LPG) (einschl. bivalent);2017;32
2019;Minis;Flüssiggas (LPG) (einschl. bivalent);2018;29
2019;Minis;Flüssiggas (LPG) (einschl. bivalent);2019;127
2019;Minis;Erdgas (CNG) (einschl. bivalent);1999;3
2019;Minis;Erdgas (CNG) (einschl. bivalent);2000;8
2019;Minis;Erdgas (CNG) (einschl. bivalent);2001;13
2019;Minis;Erdgas (CNG) (einschl. bivalent);2002;11
2019;Minis;Erdgas (CNG) (einschl. bivalent);2003;6
2019;Minis;Erdgas (CNG) (einschl. bivalent);2004;6
2019;Minis;Erdgas (CNG) (einschl. bivalent);2005;12
2019;Minis;Erdgas (CNG) (einschl. bivalent);2006;5
2019;Minis;Erdgas (CNG) (einschl. bivalent);2007;81
2019;Minis;Erdgas (CNG) (einschl. bivalent);2008;150
2019;Minis;Erdgas (CNG) (einschl. bivalent);2009;69
2019;Minis;Erdgas (CNG) (einschl. bivalent);2010;27
2019;Minis;Erdgas (CNG) (einschl. bivalent);2011;26
2019;Minis;Erdgas (CNG) (einschl. bivalent);2012;20
2019;Minis;Erdgas (CNG) (einschl. bivalent);2013;280
2019;Minis;Erdgas (CNG) (einschl. bivalent);2014;268
2019;Minis;Erdgas (CNG) (einschl. bivalent);2015;371
2019;Minis;Erdgas (CNG) (einschl. bivalent);2016;314
2019;Minis;Erdgas (CNG) (einschl. bivalent);2017;47
2019;Minis;Erdgas (CNG) (einschl. bivalent);2018;88
2019;Minis;Erdgas (CNG) (einschl. bivalent);2019;55
2019;Kleinwagen;Benzin;1990;1323
2019;Kleinwagen;Benzin;1991;3045
2019;Kleinwagen;Benzin;1992;3227
2019;Kleinwagen;Benzin;1993;4138
2019;Kleinwagen;Benzin;1994;6591
2019;Kleinwagen;Benzin;1995;15573
2019;Kleinwagen;Benzin;1996;29165
2019;Kleinwagen;Benzin;1997;32499
2019;Kleinwagen;Benzin;1998;43454
2019;Kleinwagen;Benzin;1999;49446
2019;Kleinwagen;Benzin;2000;63356
2019;Kleinwagen;Benzin;2001;65924
2019;Kleinwagen;Benzin;2002;79470
2019;Kleinwagen;Benzin;2003;77300
2019;Kleinwagen;Benzin;2004;72641
2019;Kleinwagen;Benzin;2005;65114
2019;Kleinwagen;Benzin;2006;70131
2019;Kleinwagen;Benzin;2007;59150
2019;Kleinwagen;Benzin;2008;54972
2019;Kleinwagen;Benzin;2009;75667
2019;Kleinwagen;Benzin;2010;46397
2019;Kleinwagen;Benzin;2011;44159
2019;Kleinwagen;Benzin;2012;36958
2019;Kleinwagen;Benzin;2013;30205
2019;Kleinwagen;Benzin;2014;35995
2019;Kleinwagen;Benzin;2015;50263
2019;Kleinwagen;Benzin;2016;59338
2019;Kleinwagen;Benzin;2017;35043
2019;Kleinwagen;Benzin;2018;78515
2019;Kleinwagen;Benzin;2019;83276
2019;Kleinwagen;Diesel;1990;3
2019;Kleinwagen;Diesel;1991;27
2019;Kleinwagen;Diesel;1992;25
2019;Kleinwagen;Diesel;1993;20
2019;Kleinwagen;Diesel;1994;23
2019;Kleinwagen;Diesel;1995;20
2019;Kleinwagen;Diesel;1996;43
2019;Kleinwagen;Diesel;1997;93
2019;Kleinwagen;Diesel;1998;343
2019;Kleinwagen;Diesel;1999;414
2019;Kleinwagen;Diesel;2000;1605
2019;Kleinwagen;Diesel;2001;2672
2019;Kleinwagen;Diesel;2002;5357
2019;Kleinwagen;Diesel;2003;6504
2019;Kleinwagen;Diesel;2004;9684
2019;Kleinwagen;Diesel;2005;8239
2019;Kleinwagen;Diesel;2006;10293
2019;Kleinwagen;Diesel;2007;10322
2019;Kleinwagen;Diesel;2008;9269
2019;Kleinwagen;Diesel;2009;7918
2019;Kleinwagen;Diesel;2010;8158
2019;Kleinwagen;Diesel;2011;9202
2019;Kleinwagen;Diesel;2012;8216
2019;Kleinwagen;Diesel;2013;6911
2019;Kleinwagen;Diesel;2014;7619
2019;Kleinwagen;Diesel;2015;11290
2019;Kleinwagen;Diesel;2016;11450
2019;Kleinwagen;Diesel;2017;3986
2019;Kleinwagen;Diesel;2018;5832
2019;Kleinwagen;Diesel;2019;2266
2019;Kleinwagen;Elektro (BEV);1996;3
2019;Kleinwagen;Elektro (BEV);1997;2
2019;Kleinwagen;Elektro (BEV);1998;6
2019;Kleinwagen;Elektro (BEV);1999;4
2019;Kleinwagen;Elektro (BEV);2001;1
2019;Kleinwagen;Elektro (BEV);2002;6
2019;Kleinwagen;Elektro (BEV);2003;1
2019;Kleinwagen;Elektro (BEV);2004;2
2019;Kleinwagen;Elektro (BEV);2009;2
2019;Kleinwagen;Elektro (BEV);2013;158
2019;Kleinwagen;Elektro (BEV);2014;336
2019;Kleinwagen;Elektro (BEV);2015;546
2019;Kleinwagen;Elektro (BEV);2016;825
2019;Kleinwagen;Elektro (BEV);2017;1230
2019;Kleinwagen;Elektro (BEV);2018;1673
2019;Kleinwagen;Elektro (BEV);2019;841
2019;Kleinwagen;Hybrid;1995;1
2019;Kleinwagen;Hybrid;1997;1
2019;Kleinwagen;Hybrid;1999;1
2019;Kleinwagen;Hybrid;2001;1
2019;Kleinwagen;Hybrid;2004;1
2019;Kleinwagen;Hybrid;2005;1
2019;Kleinwagen;Hybrid;2006;2
2019;Kleinwagen;Hybrid;2009;1
2019;Kleinwagen;Hybrid;2011;56
2019;Kleinwagen;Hybrid;2012;403
2019;Kleinwagen;Hybrid;2013;489
2019;Kleinwagen;Hybrid;2014;686
2019;Kleinwagen;Hybrid;2015;832
2019;Kleinwagen;Hybrid;2016;1239
2019;Kleinwagen;Hybrid;2017;1262
2019;Kleinwagen;Hybrid;2018;2095
2019;Kleinwagen;Hybrid;2019;1751
2019;Kleinwagen;Sonstige;1996;1
2019;Kleinwagen;Sonstige;1998;2
2019;Kleinwagen;Sonstige;1999;1
2019;Kleinwagen;Sonstige;2003;1
2019;Kleinwagen;Sonstige;2004;2
2019;Kleinwagen;Sonstige;2005;1
2019;Kleinwagen;Sonstige;2006;1
2019;Kleinwagen;Sonstige;2007;1
2019;Kleinwagen;Sonstige;2008;2
2019;Kleinwagen;Sonstige;2009;1
2019;Kleinwagen;Sonstige;2010;1
2019;Kleinwagen;Flüssiggas (LPG) (einschl. bivalent);1990;3
2019;Kleinwagen;Flüssiggas (LPG) (einschl. bivalent);1991;2
2019;Kleinwagen;Flüssiggas (LPG) (einschl. bivalent);1992;5
2019;Kleinwagen;Flüssiggas (LPG) (einschl. bivalent);1993;11
2019;Kleinwagen;Flüssiggas (LPG) (einschl. bivalent);1994;10
2019;Kleinwagen;Flüssiggas (LPG) (einschl. bivalent);1995;36
2019;Kleinwagen;Flüssiggas (LPG) (einschl. bivalent);1996;67
2019;Kleinwagen;Flüssiggas (LPG) (einschl. bivalent);1997;92
2019;Kleinwagen;Flüssiggas (LPG) (einschl. bivalent);1998;117
2019;Kleinwagen;Flüssiggas (LPG) (einschl. bivalent);1999;129
2019;Kleinwagen;Flüssiggas (LPG) (einschl. bivalent);2000;194
2019;Kleinwagen;Flüssiggas (LPG) (einschl. bivalent);2001;256
2019;Kleinwagen;Flüssiggas (LPG) (einschl. bivalent);2002;438
2019;Kleinwagen;Flüssiggas (LPG) (einschl. bivalent);2003;593
2019;Kleinwagen;Flüssiggas (LPG) (einschl. bivalent);2004;646
2019;Kleinwagen;Flüssiggas (LPG) (einschl. bivalent);2005;739
2019;Kleinwagen;Flüssiggas (LPG) (einschl. bivalent);2006;1079
2019;Kleinwagen;Flüssiggas (LPG) (einschl. bivalent);2007;1151
2019;Kleinwagen;Flüssiggas (LPG) (einschl. bivalent);2008;1429
2019;Kleinwagen;Flüssiggas (LPG) (einschl. bivalent);2009;934
2019;Kleinwagen;Flüssiggas (LPG) (einschl. bivalent);2010;492
2019;Kleinwagen;Flüssiggas (LPG) (einschl. bivalent);2011;334
2019;Kleinwagen;Flüssiggas (LPG) (einschl. bivalent);2012;300
2019;Kleinwagen;Flüssiggas (LPG) (einschl. bivalent);2013;157
2019;Kleinwagen;Flüssiggas (LPG) (einschl. bivalent);2014;72
2019;Kleinwagen;Flüssiggas (LPG) (einschl. bivalent);2015;43
2019;Kleinwagen;Flüssiggas (LPG) (einschl. bivalent);2016;42
2019;Kleinwagen;Flüssiggas (LPG) (einschl. bivalent);2017;19
2019;Kleinwagen;Flüssiggas (LPG) (einschl. bivalent);2018;8
2019;Kleinwagen;Flüssiggas (LPG) (einschl. bivalent);2019;32
2019;Kleinwagen;Erdgas (CNG) (einschl. bivalent);1996;4
2019;Kleinwagen;Erdgas (CNG) (einschl. bivalent);1997;10
2019;Kleinwagen;Erdgas (CNG) (einschl. bivalent);1998;5
2019;Kleinwagen;Erdgas (CNG) (einschl. bivalent);1999;7
2019;Kleinwagen;Erdgas (CNG) (einschl. bivalent);2000;7
2019;Kleinwagen;Erdgas (CNG) (einschl. bivalent);2001;14
2019;Kleinwagen;Erdgas (CNG) (einschl. bivalent);2002;10
2019;Kleinwagen;Erdgas (CNG) (einschl. bivalent);2003;22
2019;Kleinwagen;Erdgas (CNG) (einschl. bivalent);2004;57
2019;Kleinwagen;Erdgas (CNG) (einschl. bivalent);2005;101
2019;Kleinwagen;Erdgas (CNG) (einschl. bivalent);2006;117
2019;Kleinwagen;Erdgas (CNG) (einschl. bivalent);2007;35
2019;Kleinwagen;Erdgas (CNG) (einschl. bivalent);2008;29
2019;Kleinwagen;Erdgas (CNG) (einschl. bivalent);2009;65
2019;Kleinwagen;Erdgas (CNG) (einschl. bivalent);2010;29
2019;Kleinwagen;Erdgas (CNG) (einschl. bivalent);2011;40
2019;Kleinwagen;Erdgas (CNG) (einschl. bivalent);2012;19
2019;Kleinwagen;Erdgas (CNG) (einschl. bivalent);2013;13
2019;Kleinwagen;Erdgas (CNG) (einschl. bivalent);2014;12
2019;Kleinwagen;Erdgas (CNG) (einschl. bivalent);2015;5
2019;Kleinwagen;Erdgas (CNG) (einschl. bivalent);2016;4
2019;Kleinwagen;Erdgas (CNG) (einschl. bivalent);2017;4
2019;Kleinwagen;Erdgas (CNG) (einschl. bivalent);2018;106
2019;Kleinwagen;Erdgas (CNG) (einschl. bivalent);2019;55
2019;Kompaktklasse;Benzin;1990;5252
2019;Kompaktklasse;Benzin;1991;7025
2019;Kompaktklasse;Benzin;1992;7551
2019;Kompaktklasse;Benzin;1993;8935
2019;Kompaktklasse;Benzin;1994;14306
2019;Kompaktklasse;Benzin;1995;18885
2019;Kompaktklasse;Benzin;1996;29071
2019;Kompaktklasse;Benzin;1997;34003
2019;Kompaktklasse;Benzin;1998;72202
2019;Kompaktklasse;Benzin;1999;86532
2019;Kompaktklasse;Benzin;2000;80074
2019;Kompaktklasse;Benzin;2001;64623
2019;Kompaktklasse;Benzin;2002;69243
2019;Kompaktklasse;Benzin;2003;55361
2019;Kompaktklasse;Benzin;2004;63920
2019;Kompaktklasse;Benzin;2005;62273
2019;Kompaktklasse;Benzin;2006;58341
2019;Kompaktklasse;Benzin;2007;44698
2019;Kompaktklasse;Benzin;2008;50416
2019;Kompaktklasse;Benzin;2009;69260
2019;Kompaktklasse;Benzin;2010;47582
2019;Kompaktklasse;Benzin;2011;42465
2019;Kompaktklasse;Benzin;2012;36021
2019;Kompaktklasse;Benzin;2013;36142
2019;Kompaktklasse;Benzin;2014;41995
2019;Kompaktklasse;Benzin;2015;57823
2019;Kompaktklasse;Benzin;2016;67425
2019;Kompaktklasse;Benzin;2017;37043
2019;Kompaktklasse;Benzin;2018;133512
2019;Kompaktklasse;Benzin;2019;106496
2019;Kompaktklasse;Diesel;1990;155
2019;Kompaktklasse;Diesel;1991;267
2019;Kompaktklasse;Diesel;1992;170
2019;Kompaktklasse;Diesel;1993;166
2019;Kompaktklasse;Diesel;1994;282
2019;Kompaktklasse;Diesel;1995;402
2019;Kompaktklasse;Diesel;1996;783
2019;Kompaktklasse;Diesel;1997;1021
2019;Kompaktklasse;Diesel;1998;3614
2019;Kompaktklasse;Diesel;1999;7516
2019;Kompaktklasse;Diesel;2000;12768
2019;Kompaktklasse;Diesel;2001;12543
2019;Kompaktklasse;Diesel;2002;18824
2019;Kompaktklasse;Diesel;2003;18880
2019;Kompaktklasse;Diesel;2004;26834
2019;Kompaktklasse;Diesel;2005;29788
2019;Kompaktklasse;Diesel;2006;36732
2019;Kompaktklasse;Diesel;2007;38677
2019;Kompaktklasse;Diesel;2008;37857
2019;Kompaktklasse;Diesel;2009;30418
2019;Kompaktklasse;Diesel;2010;30765
2019;Kompaktklasse;Diesel;2011;34088
2019;Kompaktklasse;Diesel;2012;29867
2019;Kompaktklasse;Diesel;2013;30339
2019;Kompaktklasse;Diesel;2014;44982
2019;Kompaktklasse;Diesel;2015;69170
2019;Kompaktklasse;Diesel;2016;74722
2019;Kompaktklasse;Diesel;2017;27310
2019;Kompaktklasse;Diesel;2018;47438
2019;Kompaktklasse;Diesel;2019;30403
2019;Kompaktklasse;Elektro (BEV);2005;1
2019;Kompaktklasse;Elektro (BEV);2010;1
2019;Kompaktklasse;Elektro (BEV);2011;32
2019;Kompaktklasse;Elektro (BEV);2012;154
2019;Kompaktklasse;Elektro (BEV);2013;82
2019;Kompaktklasse;Elektro (BEV);2014;162
2019;Kompaktklasse;Elektro (BEV);2015;355
2019;Kompaktklasse;Elektro (BEV);2016;405
2019;Kompaktklasse;Elektro (BEV);2017;405
2019;Kompaktklasse;Elektro (BEV);2018;937
2019;Kompaktklasse;Elektro (BEV);2019;698
2019;Kompaktklasse;Hybrid;2001;3
2019;Kompaktklasse;Hybrid;2003;15
2019;Kompaktklasse;Hybrid;2004;143
2019;Kompaktklasse;Hybrid;2005;223
2019;Kompaktklasse;Hybrid;2006;302
2019;Kompaktklasse;Hybrid;2007;455
2019;Kompaktklasse;Hybrid;2008;326
2019;Kompaktklasse;Hybrid;2009;450
2019;Kompaktklasse;Hybrid;2010;537
2019;Kompaktklasse;Hybrid;2011;635
2019;Kompaktklasse;Hybrid;2012;651
2019;Kompaktklasse;Hybrid;2013;1051
2019;Kompaktklasse;Hybrid;2014;1350
2019;Kompaktklasse;Hybrid;2015;2426
2019;Kompaktklasse;Hybrid;2016;2511
2019;Kompaktklasse;Hybrid;2017;2280
2019;Kompaktklasse;Hybrid;2018;3907
2019;Kompaktklasse;Hybrid;2019;2823
2019;Kompaktklasse;Sonstige;1990;1
2019;Kompaktklasse;Sonstige;1991;2
2019;Kompaktklasse;Sonstige;1992;1
2019;Kompaktklasse;Sonstige;1997;1
2019;Kompaktklasse;Sonstige;1999;1
2019;Kompaktklasse;Sonstige;2000;1
2019;Kompaktklasse;Sonstige;2003;1
2019;Kompaktklasse;Sonstige;2004;2
2019;Kompaktklasse;Sonstige;2005;3
2019;Kompaktklasse;Sonstige;2006;3
2019;Kompaktklasse;Sonstige;2007;3
2019;Kompaktklasse;Sonstige;2008;3
2019;Kompaktklasse;Sonstige;2009;73
2019;Kompaktklasse;Sonstige;2010;36
2019;Kompaktklasse;Sonstige;2011;123
2019;Kompaktklasse;Sonstige;2012;158
2019;Kompaktklasse;Sonstige;2013;17
2019;Kompaktklasse;Sonstige;2014;5
2019;Kompaktklasse;Sonstige;2015;1
2019;Kompaktklasse;Sonstige;2016;1
2019;Kompaktklasse;Flüssiggas (LPG) (einschl. bivalent);1990;29
2019;Kompaktklasse;Flüssiggas (LPG) (einschl. bivalent);1991;32
2019;Kompaktklasse;Flüssiggas (LPG) (einschl. bivalent);1992;27
2019;Kompaktklasse;Flüssiggas (LPG) (einschl. bivalent);1993;55
2019;Kompaktklasse;Flüssiggas (LPG) (einschl. bivalent);1994;87
2019;Kompaktklasse;Flüssiggas (LPG) (einschl. bivalent);1995;100
2019;Kompaktklasse;Flüssiggas (LPG) (einschl. bivalent);1996;152
2019;Kompaktklasse;Flüssiggas (LPG) (einschl. bivalent);1997;278
2019;Kompaktklasse;Flüssiggas (LPG) (einschl. bivalent);1998;629
2019;Kompaktklasse;Flüssiggas (LPG) (einschl. bivalent);1999;932
2019;Kompaktklasse;Flüssiggas (LPG) (einschl. bivalent);2000;826
2019;Kompaktklasse;Flüssiggas (LPG) (einschl. bivalent);2001;740
2019;Kompaktklasse;Flüssiggas (LPG) (einschl. bivalent);2002;1013
2019;Kompaktklasse;Flüssiggas (LPG) (einschl. bivalent);2003;965
2019;Kompaktklasse;Flüssiggas (LPG) (einschl. bivalent);2004;1340
2019;Kompaktklasse;Flüssiggas (LPG) (einschl. bivalent);2005;1431
2019;Kompaktklasse;Flüssiggas (LPG) (einschl. bivalent);2006;1616
2019;Kompaktklasse;Flüssiggas (LPG) (einschl. bivalent);2007;1500
2019;Kompaktklasse;Flüssiggas (LPG) (einschl. bivalent);2008;2090
2019;Kompaktklasse;Flüssiggas (LPG) (einschl. bivalent);2009;1319
2019;Kompaktklasse;Flüssiggas (LPG) (einschl. bivalent);2010;915
2019;Kompaktklasse;Flüssiggas (LPG) (einschl. bivalent);2011;462
2019;Kompaktklasse;Flüssiggas (LPG) (einschl. bivalent);2012;710
2019;Kompaktklasse;Flüssiggas (LPG) (einschl. bivalent);2013;322
2019;Kompaktklasse;Flüssiggas (LPG) (einschl. bivalent);2014;241
2019;Kompaktklasse;Flüssiggas (LPG) (einschl. bivalent);2015;124
2019;Kompaktklasse;Flüssiggas (LPG) (einschl. bivalent);2016;77
2019;Kompaktklasse;Flüssiggas (LPG) (einschl. bivalent);2017;77
2019;Kompaktklasse;Flüssiggas (LPG) (einschl. bivalent);2018;57
2019;Kompaktklasse;Flüssiggas (LPG) (einschl. bivalent);2019;132
2019;Kompaktklasse;Erdgas (CNG) (einschl. bivalent);1992;3
2019;Kompaktklasse;Erdgas (CNG) (einschl. bivalent);1994;1
2019;Kompaktklasse;Erdgas (CNG) (einschl. bivalent);1995;1
2019;Kompaktklasse;Erdgas (CNG) (einschl. bivalent);1996;2
2019;Kompaktklasse;Erdgas (CNG) (einschl. bivalent);1997;4
2019;Kompaktklasse;Erdgas (CNG) (einschl. bivalent);1998;6
2019;Kompaktklasse;Erdgas (CNG) (einschl. bivalent);1999;11
2019;Kompaktklasse;Erdgas (CNG) (einschl. bivalent);2000;22
2019;Kompaktklasse;Erdgas (CNG) (einschl. bivalent);2001;11
2019;Kompaktklasse;Erdgas (CNG) (einschl. bivalent);2002;19
2019;Kompaktklasse;Erdgas (CNG) (einschl. bivalent);2003;152
2019;Kompaktklasse;Erdgas (CNG) (einschl. bivalent);2004;245
2019;Kompaktklasse;Erdgas (CNG) (einschl. bivalent);2005;125
2019;Kompaktklasse;Erdgas (CNG) (einschl. bivalent);2006;40
2019;Kompaktklasse;Erdgas (CNG) (einschl. bivalent);2007;9
2019;Kompaktklasse;Erdgas (CNG) (einschl. bivalent);2008;13
2019;Kompaktklasse;Erdgas (CNG) (einschl. bivalent);2009;14
2019;Kompaktklasse;Erdgas (CNG) (einschl. bivalent);2013;6
2019;Kompaktklasse;Erdgas (CNG) (einschl. bivalent);2014;212
2019;Kompaktklasse;Erdgas (CNG) (einschl. bivalent);2015;345
2019;Kompaktklasse;Erdgas (CNG) (einschl. bivalent);2016;196
2019;Kompaktklasse;Erdgas (CNG) (einschl. bivalent);2017;124
2019;Kompaktklasse;Erdgas (CNG) (einschl. bivalent);2018;337
2019;Kompaktklasse;Erdgas (CNG) (einschl. bivalent);2019;164
2019;Mittelklasse;Benzin;1990;5618
2019;Mittelklasse;Benzin;1991;7918
2019;Mittelklasse;Benzin;1992;10285
2019;Mittelklasse;Benzin;1993;9665
2019;Mittelklasse;Benzin;1994;16445
2019;Mittelklasse;Benzin;1995;21534
2019;Mittelklasse;Benzin;1996;30899
2019;Mittelklasse;Benzin;1997;37518
2019;Mittelklasse;Benzin;1998;49652
2019;Mittelklasse;Benzin;1999;44925
2019;Mittelklasse;Benzin;2000;43547
2019;Mittelklasse;Benzin;2001;48282
2019;Mittelklasse;Benzin;2002;47638
2019;Mittelklasse;Benzin;2003;40396
2019;Mittelklasse;Benzin;2004;32307
2019;Mittelklasse;Benzin;2005;25894
2019;Mittelklasse;Benzin;2006;24316
2019;Mittelklasse;Benzin;2007;16882
2019;Mittelklasse;Benzin;2008;20286
2019;Mittelklasse;Benzin;2009;21305
2019;Mittelklasse;Benzin;2010;15233
2019;Mittelklasse;Benzin;2011;13909
2019;Mittelklasse;Benzin;2012;10095
2019;Mittelklasse;Benzin;2013;8402
2019;Mittelklasse;Benzin;2014;9500
2019;Mittelklasse;Benzin;2015;14396
2019;Mittelklasse;Benzin;2016;19828
2019;Mittelklasse;Benzin;2017;16629
2019;Mittelklasse;Benzin;2018;48048
2019;Mittelklasse;Benzin;2019;19948
2019;Mittelklasse;Diesel;1990;268
2019;Mittelklasse;Diesel;1991;470
2019;Mittelklasse;Diesel;1992;593
2019;Mittelklasse;Diesel;1993;421
2019;Mittelklasse;Diesel;1994;759
2019;Mittelklasse;Diesel;1995;862
2019;Mittelklasse;Diesel;1996;1707
2019;Mittelklasse;Diesel;1997;2039
2019;Mittelklasse;Diesel;1998;4095
2019;Mittelklasse;Diesel;1999;6422
2019;Mittelklasse;Diesel;2000;10750
2019;Mittelklasse;Diesel;2001;15432
2019;Mittelklasse;Diesel;2002;23400
2019;Mittelklasse;Diesel;2003;25123
2019;Mittelklasse;Diesel;2004;31747
2019;Mittelklasse;Diesel;2005;31213
2019;Mittelklasse;Diesel;2006;40708
2019;Mittelklasse;Diesel;2007;39902
2019;Mittelklasse;Diesel;2008;38658
2019;Mittelklasse;Diesel;2009;30041
2019;Mittelklasse;Diesel;2010;29779
2019;Mittelklasse;Diesel;2011;33703
2019;Mittelklasse;Diesel;2012;30642
2019;Mittelklasse;Diesel;2013;27317
2019;Mittelklasse;Diesel;2014;34975
2019;Mittelklasse;Diesel;2015;72354
2019;Mittelklasse;Diesel;2016;90610
2019;Mittelklasse;Diesel;2017;29098
2019;Mittelklasse;Diesel;2018;46284
2019;Mittelklasse;Diesel;2019;25865
2019;Mittelklasse;Elektro (BEV);2008;1
2019;Mittelklasse;Elektro (BEV);2012;1
2019;Mittelklasse;Elektro (BEV);2017;1
2019;Mittelklasse;Elektro (BEV);2018;4
2019;Mittelklasse;Elektro (BEV);2019;443
2019;Mittelklasse;Hybrid;1991;1
2019;Mittelklasse;Hybrid;1992;1
2019;Mittelklasse;Hybrid;1994;1
2019;Mittelklasse;Hybrid;1995;1
2019;Mittelklasse;Hybrid;1996;1
2019;Mittelklasse;Hybrid;2001;1
2019;Mittelklasse;Hybrid;2003;1
2019;Mittelklasse;Hybrid;2007;1
2019;Mittelklasse;Hybrid;2011;3
2019;Mittelklasse;Hybrid;2012;112
2019;Mittelklasse;Hybrid;2013;382
2019;Mittelklasse;Hybrid;2014;459
2019;Mittelklasse;Hybrid;2015;938
2019;Mittelklasse;Hybrid;2016;836
2019;Mittelklasse;Hybrid;2017;1058
2019;Mittelklasse;Hybrid;2018;6620
2019;Mittelklasse;Hybrid;2019;7557
2019;Mittelklasse;Sonstige;1992;1
2019;Mittelklasse;Sonstige;1995;1
2019;Mittelklasse;Sonstige;1996;2
2019;Mittelklasse;Sonstige;1998;1
2019;Mittelklasse;Sonstige;1999;1
2019;Mittelklasse;Sonstige;2000;4
2019;Mittelklasse;Sonstige;2001;4
2019;Mittelklasse;Sonstige;2002;1
2019;Mittelklasse;Sonstige;2003;2
2019;Mittelklasse;Sonstige;2004;3
2019;Mittelklasse;Sonstige;2005;3
2019;Mittelklasse;Sonstige;2006;1
2019;Mittelklasse;Sonstige;2009;29
2019;Mittelklasse;Sonstige;2010;79
2019;Mittelklasse;Sonstige;2011;126
2019;Mittelklasse;Sonstige;2012;62
2019;Mittelklasse;Sonstige;2013;14
2019;Mittelklasse;Sonstige;2014;11
2019;Mittelklasse;Sonstige;2015;1
2019;Mittelklasse;Flüssiggas (LPG) (einschl. bivalent);1990;56
2019;Mittelklasse;Flüssiggas (LPG) (einschl. bivalent);1991;73
2019;Mittelklasse;Flüssiggas (LPG) (einschl. bivalent);1992;109
2019;Mittelklasse;Flüssiggas (LPG) (einschl. bivalent);1993;162
2019;Mittelklasse;Flüssiggas (LPG) (einschl. bivalent);1994;255
2019;Mittelklasse;Flüssiggas (LPG) (einschl. bivalent);1995;368
2019;Mittelklasse;Flüssiggas (LPG) (einschl. bivalent);1996;593
2019;Mittelklasse;Flüssiggas (LPG) (einschl. bivalent);1997;845
2019;Mittelklasse;Flüssiggas (LPG) (einschl. bivalent);1998;1185
2019;Mittelklasse;Flüssiggas (LPG) (einschl. bivalent);1999;1250
2019;Mittelklasse;Flüssiggas (LPG) (einschl. bivalent);2000;1300
2019;Mittelklasse;Flüssiggas (LPG) (einschl. bivalent);2001;1828
2019;Mittelklasse;Flüssiggas (LPG) (einschl. bivalent);2002;1766
2019;Mittelklasse;Flüssiggas (LPG) (einschl. bivalent);2003;1511
2019;Mittelklasse;Flüssiggas (LPG) (einschl. bivalent);2004;1290
2019;Mittelklasse;Flüssiggas (LPG) (einschl. bivalent);2005;1080
2019;Mittelklasse;Flüssiggas (LPG) (einschl. bivalent);2006;937
2019;Mittelklasse;Flüssiggas (LPG) (einschl. bivalent);2007;614
2019;Mittelklasse;Flüssiggas (LPG) (einschl. bivalent);2008;502
2019;Mittelklasse;Flüssiggas (LPG) (einschl. bivalent);2009;285
2019;Mittelklasse;Flüssiggas (LPG) (einschl. bivalent);2010;120
2019;Mittelklasse;Flüssiggas (LPG) (einschl. bivalent);2011;71
2019;Mittelklasse;Flüssiggas (LPG) (einschl. bivalent);2012;79
2019;Mittelklasse;Flüssiggas (LPG) (einschl. bivalent);2013;29
2019;Mittelklasse;Flüssiggas (LPG) (einschl. bivalent);2014;19
2019;Mittelklasse;Flüssiggas (LPG) (einschl. bivalent);2015;15
2019;Mittelklasse;Flüssiggas (LPG) (einschl. bivalent);2016;11
2019;Mittelklasse;Flüssiggas (LPG) (einschl. bivalent);2017;2
2019;Mittelklasse;Erdgas (CNG) (einschl. bivalent);1993;2
2019;Mittelklasse;Erdgas (CNG) (einschl. bivalent);1995;1
2019;Mittelklasse;Erdgas (CNG) (einschl. bivalent);1996;11
2019;Mittelklasse;Erdgas (CNG) (einschl. bivalent);1997;4
2019;Mittelklasse;Erdgas (CNG) (einschl. bivalent);1998;7
2019;Mittelklasse;Erdgas (CNG) (einschl. bivalent);1999;12
2019;Mittelklasse;Erdgas (CNG) (einschl. bivalent);2000;10
2019;Mittelklasse;Erdgas (CNG) (einschl. bivalent);2001;9
2019;Mittelklasse;Erdgas (CNG) (einschl. bivalent);2002;13
2019;Mittelklasse;Erdgas (CNG) (einschl. bivalent);2003;7
2019;Mittelklasse;Erdgas (CNG) (einschl. bivalent);2004;9
2019;Mittelklasse;Erdgas (CNG) (einschl. bivalent);2005;11
2019;Mittelklasse;Erdgas (CNG) (einschl. bivalent);2006;21
2019;Mittelklasse;Erdgas (CNG) (einschl. bivalent);2007;6
2019;Mittelklasse;Erdgas (CNG) (einschl. bivalent);2008;2
2019;Mittelklasse;Erdgas (CNG) (einschl. bivalent);2009;184
2019;Mittelklasse;Erdgas (CNG) (einschl. bivalent);2010;77
2019;Mittelklasse;Erdgas (CNG) (einschl. bivalent);2011;74
2019;Mittelklasse;Erdgas (CNG) (einschl. bivalent);2012;65
2019;Mittelklasse;Erdgas (CNG) (einschl. bivalent);2013;37
2019;Mittelklasse;Erdgas (CNG) (einschl. bivalent);2014;61
2019;Mittelklasse;Erdgas (CNG) (einschl. bivalent);2015;1
2019;Mittelklasse;Erdgas (CNG) (einschl. bivalent);2016;5
2019;Mittelklasse;Erdgas (CNG) (einschl. bivalent);2017;56
2019;Mittelklasse;Erdgas (CNG) (einschl. bivalent);2018;295
2019;Mittelklasse;Erdgas (CNG) (einschl. bivalent);2019;48
2019;Obere Mittelklasse;Benzin;1990;1888
2019;Obere Mittelklasse;Benzin;1991;2417
2019;Obere Mittelklasse;Benzin;1992;2923
2019;Obere Mittelklasse;Benzin;1993;2990
2019;Obere Mittelklasse;Benzin;1994;3782
2019;Obere Mittelklasse;Benzin;1995;5030
2019;Obere Mittelklasse;Benzin;1996;8588
2019;Obere Mittelklasse;Benzin;1997;10543
2019;Obere Mittelklasse;Benzin;1998;13964
2019;Obere Mittelklasse;Benzin;1999;11902
2019;Obere Mittelklasse;Benzin;2000;11549
2019;Obere Mittelklasse;Benzin;2001;8175
2019;Obere Mittelklasse;Benzin;2002;7294
2019;Obere Mittelklasse;Benzin;2003;6763
2019;Obere Mittelklasse;Benzin;2004;6746
2019;Obere Mittelklasse;Benzin;2005;5217
2019;Obere Mittelklasse;Benzin;2006;4124
2019;Obere Mittelklasse;Benzin;2007;3232
2019;Obere Mittelklasse;Benzin;2008;2719
2019;Obere Mittelklasse;Benzin;2009;2117
2019;Obere Mittelklasse;Benzin;2010;2493
2019;Obere Mittelklasse;Benzin;2011;1777
2019;Obere Mittelklasse;Benzin;2012;1564
2019;Obere Mittelklasse;Benzin;2013;1375
2019;Obere Mittelklasse;Benzin;2014;1254
2019;Obere Mittelklasse;Benzin;2015;1598
2019;Obere Mittelklasse;Benzin;2016;2591
2019;Obere Mittelklasse;Benzin;2017;3061
2019;Obere Mittelklasse;Benzin;2018;8912
2019;Obere Mittelklasse;Benzin;2019;3513
2019;Obere Mittelklasse;Diesel;1990;370
2019;Obere Mittelklasse;Diesel;1991;589
2019;Obere Mittelklasse;Diesel;1992;757
2019;Obere Mittelklasse;Diesel;1993;546
2019;Obere Mittelklasse;Diesel;1994;545
2019;Obere Mittelklasse;Diesel;1995;521
2019;Obere Mittelklasse;Diesel;1996;930
2019;Obere Mittelklasse;Diesel;1997;802
2019;Obere Mittelklasse;Diesel;1998;1634
2019;Obere Mittelklasse;Diesel;1999;3366
2019;Obere Mittelklasse;Diesel;2000;6480
2019;Obere Mittelklasse;Diesel;2001;6452
2019;Obere Mittelklasse;Diesel;2002;8910
2019;Obere Mittelklasse;Diesel;2003;11530
2019;Obere Mittelklasse;Diesel;2004;14384
2019;Obere Mittelklasse;Diesel;2005;14454
2019;Obere Mittelklasse;Diesel;2006;15640
2019;Obere Mittelklasse;Diesel;2007;15218
2019;Obere Mittelklasse;Diesel;2008;12460
2019;Obere Mittelklasse;Diesel;2009;9613
2019;Obere Mittelklasse;Diesel;2010;11195
2019;Obere Mittelklasse;Diesel;2011;13315
2019;Obere Mittelklasse;Diesel;2012;12189
2019;Obere Mittelklasse;Diesel;2013;10655
2019;Obere Mittelklasse;Diesel;2014;12347
2019;Obere Mittelklasse;Diesel;2015;21027
2019;Obere Mittelklasse;Diesel;2016;31541
2019;Obere Mittelklasse;Diesel;2017;15464
2019;Obere Mittelklasse;Diesel;2018;21565
2019;Obere Mittelklasse;Diesel;2019;7913
2019;Obere Mittelklasse;Elektro (BEV);1991;1
2019;Obere Mittelklasse;Hybrid;1995;1
2019;Obere Mittelklasse;Hybrid;2002;1
2019;Obere Mittelklasse;Hybrid;2004;1
2019;Obere Mittelklasse;Hybrid;2006;25
2019;Obere Mittelklasse;Hybrid;2007;32
2019;Obere Mittelklasse;Hybrid;2008;33
2019;Obere Mittelklasse;Hybrid;2009;10
2019;Obere Mittelklasse;Hybrid;2010;11
2019;Obere Mittelklasse;Hybrid;2011;13
2019;Obere Mittelklasse;Hybrid;2012;117
2019;Obere Mittelklasse;Hybrid;2013;132
2019;Obere Mittelklasse;Hybrid;2014;155
2019;Obere Mittelklasse;Hybrid;2015;126
2019;Obere Mittelklasse;Hybrid;2016;113
2019;Obere Mittelklasse;Hybrid;2017;347
2019;Obere Mittelklasse;Hybrid;2018;4759
2019;Obere Mittelklasse;Hybrid;2019;9132
2019;Obere Mittelklasse;Sonstige;2000;1
2019;Obere Mittelklasse;Sonstige;2002;1
2019;Obere Mittelklasse;Sonstige;2003;1
2019;Obere Mittelklasse;Sonstige;2008;2
2019;Obere Mittelklasse;Sonstige;2009;14
2019;Obere Mittelklasse;Sonstige;2010;25
2019;Obere Mittelklasse;Sonstige;2011;11
2019;Obere Mittelklasse;Sonstige;2012;3
2019;Obere Mittelklasse;Sonstige;2013;3
2019;Obere Mittelklasse;Sonstige;2014;1
2019;Obere Mittelklasse;Flüssiggas (LPG) (einschl. bivalent);1990;51
2019;Obere Mittelklasse;Flüssiggas (LPG) (einschl. bivalent);1991;101
2019;Obere Mittelklasse;Flüssiggas (LPG) (einschl. bivalent);1992;115
2019;Obere Mittelklasse;Flüssiggas (LPG) (einschl. bivalent);1993;152
2019;Obere Mittelklasse;Flüssiggas (LPG) (einschl. bivalent);1994;198
2019;Obere Mittelklasse;Flüssiggas (LPG) (einschl. bivalent);1995;349
2019;Obere Mittelklasse;Flüssiggas (LPG) (einschl. bivalent);1996;534
2019;Obere Mittelklasse;Flüssiggas (LPG) (einschl. bivalent);1997;731
2019;Obere Mittelklasse;Flüssiggas (LPG) (einschl. bivalent);1998;971
2019;Obere Mittelklasse;Flüssiggas (LPG) (einschl. bivalent);1999;1034
2019;Obere Mittelklasse;Flüssiggas (LPG) (einschl. bivalent);2000;1070
2019;Obere Mittelklasse;Flüssiggas (LPG) (einschl. bivalent);2001;840
2019;Obere Mittelklasse;Flüssiggas (LPG) (einschl. bivalent);2002;872
2019;Obere Mittelklasse;Flüssiggas (LPG) (einschl. bivalent);2003;738
2019;Obere Mittelklasse;Flüssiggas (LPG) (einschl. bivalent);2004;724
2019;Obere Mittelklasse;Flüssiggas (LPG) (einschl. bivalent);2005;575
2019;Obere Mittelklasse;Flüssiggas (LPG) (einschl. bivalent);2006;390
2019;Obere Mittelklasse;Flüssiggas (LPG) (einschl. bivalent);2007;234
2019;Obere Mittelklasse;Flüssiggas (LPG) (einschl. bivalent);2008;120
2019;Obere Mittelklasse;Flüssiggas (LPG) (einschl. bivalent);2009;45
2019;Obere Mittelklasse;Flüssiggas (LPG) (einschl. bivalent);2010;28
2019;Obere Mittelklasse;Flüssiggas (LPG) (einschl. bivalent);2011;3
2019;Obere Mittelklasse;Flüssiggas (LPG) (einschl. bivalent);2012;3
2019;Obere Mittelklasse;Flüssiggas (LPG) (einschl. bivalent);2013;2
2019;Obere Mittelklasse;Flüssiggas (LPG) (einschl. bivalent);2014;2
2019;Obere Mittelklasse;Flüssiggas (LPG) (einschl. bivalent);2015;1
2019;Obere Mittelklasse;Flüssiggas (LPG) (einschl. bivalent);2016;1
2019;Obere Mittelklasse;Flüssiggas (LPG) (einschl. bivalent);2018;6
2019;Obere Mittelklasse;Erdgas (CNG) (einschl. bivalent);1996;3
2019;Obere Mittelklasse;Erdgas (CNG) (einschl. bivalent);1997;4
2019;Obere Mittelklasse;Erdgas (CNG) (einschl. bivalent);1998;3
2019;Obere Mittelklasse;Erdgas (CNG) (einschl. bivalent);1999;9
2019;Obere Mittelklasse;Erdgas (CNG) (einschl. bivalent);2000;10
2019;Obere Mittelklasse;Erdgas (CNG) (einschl. bivalent);2001;16
2019;Obere Mittelklasse;Erdgas (CNG) (einschl. bivalent);2002;57
2019;Obere Mittelklasse;Erdgas (CNG) (einschl. bivalent);2003;8
2019;Obere Mittelklasse;Erdgas (CNG) (einschl. bivalent);2004;46
2019;Obere Mittelklasse;Erdgas (CNG) (einschl. bivalent);2005;55
2019;Obere Mittelklasse;Erdgas (CNG) (einschl. bivalent);2006;61
2019;Obere Mittelklasse;Erdgas (CNG) (einschl. bivalent);2007;34
2019;Obere Mittelklasse;Erdgas (CNG) (einschl. bivalent);2008;17
2019;Obere Mittelklasse;Erdgas (CNG) (einschl. bivalent);2009;9
2019;Obere Mittelklasse;Erdgas (CNG) (einschl. bivalent);2010;10
2019;Obere Mittelklasse;Erdgas (CNG) (einschl. bivalent);2011;27
2019;Obere Mittelklasse;Erdgas (CNG) (einschl. bivalent);2012;32
2019;Obere Mittelklasse;Erdgas (CNG) (einschl. bivalent);2013;11
2019;Obere Mittelklasse;Erdgas (CNG) (einschl. bivalent);2014;24
2019;Obere Mittelklasse;Erdgas (CNG) (einschl. bivalent);2015;34
2019;Obere Mittelklasse;Erdgas (CNG) (einschl. bivalent);2016;1
2019;Oberklasse;Benzin;1990;153
2019;Oberklasse;Benzin;1991;290
2019;Oberklasse;Benzin;1992;383
2019;Oberklasse;Benzin;1993;300
2019;Oberklasse;Benzin;1994;432
2019;Oberklasse;Benzin;1995;764
2019;Oberklasse;Benzin;1996;746
2019;Oberklasse;Benzin;1997;706
2019;Oberklasse;Benzin;1998;843
2019;Oberklasse;Benzin;1999;1547
2019;Oberklasse;Benzin;2000;1176
2019;Oberklasse;Benzin;2001;829
2019;Oberklasse;Benzin;2002;834
2019;Oberklasse;Benzin;2003;1094
2019;Oberklasse;Benzin;2004;1431
2019;Oberklasse;Benzin;2005;1865
2019;Oberklasse;Benzin;2006;1704
2019;Oberklasse;Benzin;2007;1531
2019;Oberklasse;Benzin;2008;1232
2019;Oberklasse;Benzin;2009;1005
2019;Oberklasse;Benzin;2010;977
2019;Oberklasse;Benzin;2011;1400
2019;Oberklasse;Benzin;2012;1133
2019;Oberklasse;Benzin;2013;968
2019;Oberklasse;Benzin;2014;1320
2019;Oberklasse;Benzin;2015;1822
2019;Oberklasse;Benzin;2016;2305
2019;Oberklasse;Benzin;2017;2251
2019;Oberklasse;Benzin;2018;3027
2019;Oberklasse;Benzin;2019;1787
2019;Oberklasse;Diesel;1993;20
2019;Oberklasse;Diesel;1994;18
2019;Oberklasse;Diesel;1995;13
2019;Oberklasse;Diesel;1996;35
2019;Oberklasse;Diesel;1997;39
2019;Oberklasse;Diesel;1998;63
2019;Oberklasse;Diesel;1999;65
2019;Oberklasse;Diesel;2000;297
2019;Oberklasse;Diesel;2001;450
2019;Oberklasse;Diesel;2002;297
2019;Oberklasse;Diesel;2003;406
2019;Oberklasse;Diesel;2004;791
2019;Oberklasse;Diesel;2005;1109
2019;Oberklasse;Diesel;2006;1812
2019;Oberklasse;Diesel;2007;1894
2019;Oberklasse;Diesel;2008;1752
2019;Oberklasse;Diesel;2009;1412
2019;Oberklasse;Diesel;2010;1417
2019;Oberklasse;Diesel;2011;2553
2019;Oberklasse;Diesel;2012;2219
2019;Oberklasse;Diesel;2013;2013
2019;Oberklasse;Diesel;2014;2703
2019;Oberklasse;Diesel;2015;3703
2019;Oberklasse;Diesel;2016;4237
2019;Oberklasse;Diesel;2017;2291
2019;Oberklasse;Diesel;2018;3681
2019;Oberklasse;Diesel;2019;2309
2019;Oberklasse;Elektro (BEV);2013;61
2019;Oberklasse;Elektro (BEV);2014;129
2019;Oberklasse;Elektro (BEV);2015;278
2019;Oberklasse;Elektro (BEV);2016;314
2019;Oberklasse;Elektro (BEV);2017;162
2019;Oberklasse;Elektro (BEV);2018;70
2019;Oberklasse;Elektro (BEV);2019;79
2019;Oberklasse;Hybrid;2007;5
2019;Oberklasse;Hybrid;2008;14
2019;Oberklasse;Hybrid;2009;47
2019;Oberklasse;Hybrid;2010;56
2019;Oberklasse;Hybrid;2011;42
2019;Oberklasse;Hybrid;2012;21
2019;Oberklasse;Hybrid;2013;29
2019;Oberklasse;Hybrid;2014;74
2019;Oberklasse;Hybrid;2015;74
2019;Oberklasse;Hybrid;2016;94
2019;Oberklasse;Hybrid;2017;511
2019;Oberklasse;Hybrid;2018;3970
2019;Oberklasse;Hybrid;2019;2824
2019;Oberklasse;Sonstige;2002;1
2019;Oberklasse;Sonstige;2004;1
2019;Oberklasse;Sonstige;2005;1
2019;Oberklasse;Sonstige;2008;1
2019;Oberklasse;Sonstige;2010;5
2019;Oberklasse;Sonstige;2011;20
2019;Oberklasse;Sonstige;2012;24
2019;Oberklasse;Sonstige;2013;3
2019;Oberklasse;Flüssiggas (LPG) (einschl. bivalent);1991;11
2019;Oberklasse;Flüssiggas (LPG) (einschl. bivalent);1992;34
2019;Oberklasse;Flüssiggas (LPG) (einschl. bivalent);1993;13
2019;Oberklasse;Flüssiggas (LPG) (einschl. bivalent);1994;42
2019;Oberklasse;Flüssiggas (LPG) (einschl. bivalent);1995;67
2019;Oberklasse;Flüssiggas (LPG) (einschl. bivalent);1996;84
2019;Oberklasse;Flüssiggas (LPG) (einschl. bivalent);1997;102
2019;Oberklasse;Flüssiggas (LPG) (einschl. bivalent);1998;95
2019;Oberklasse;Flüssiggas (LPG) (einschl. bivalent);1999;311
2019;Oberklasse;Flüssiggas (LPG) (einschl. bivalent);2000;179
2019;Oberklasse;Flüssiggas (LPG) (einschl. bivalent);2001;148
2019;Oberklasse;Flüssiggas (LPG) (einschl. bivalent);2002;157
2019;Oberklasse;Flüssiggas (LPG) (einschl. bivalent);2003;258
2019;Oberklasse;Flüssiggas (LPG) (einschl. bivalent);2004;233
2019;Oberklasse;Flüssiggas (LPG) (einschl. bivalent);2005;227
2019;Oberklasse;Flüssiggas (LPG) (einschl. bivalent);2006;133
2019;Oberklasse;Flüssiggas (LPG) (einschl. bivalent);2007;71
2019;Oberklasse;Flüssiggas (LPG) (einschl. bivalent);2008;47
2019;Oberklasse;Flüssiggas (LPG) (einschl. bivalent);2009;28
2019;Oberklasse;Flüssiggas (LPG) (einschl. bivalent);2010;7
2019;Oberklasse;Flüssiggas (LPG) (einschl. bivalent);2011;2
2019;Oberklasse;Erdgas (CNG) (einschl. bivalent);2002;1
2019;Oberklasse;Erdgas (CNG) (einschl. bivalent);2003;1
2019;Oberklasse;Erdgas (CNG) (einschl. bivalent);2004;1
2019;Oberklasse;Erdgas (CNG) (einschl. bivalent);2005;1
2019;SUVs;Benzin;1990;171
2019;SUVs;Benzin;1991;282
2019;SUVs;Benzin;1992;326
2019;SUVs;Benzin;1993;353
2019;SUVs;Benzin;1994;307
2019;SUVs;Benzin;1995;535
2019;SUVs;Benzin;1996;715
2019;SUVs;Benzin;1997;871
2019;SUVs;Benzin;1998;1170
2019;SUVs;Benzin;1999;1144
2019;SUVs;Benzin;2000;1099
2019;SUVs;Benzin;2001;1232
2019;SUVs;Benzin;2002;1303
2019;SUVs;Benzin;2003;1404
2019;SUVs;Benzin;2004;1687
2019;SUVs;Benzin;2005;2323
2019;SUVs;Benzin;2006;2945
2019;SUVs;Benzin;2007;3595
2019;SUVs;Benzin;2008;3349
2019;SUVs;Benzin;2009;4600
2019;SUVs;Benzin;2010;6621
2019;SUVs;Benzin;2011;7084
2019;SUVs;Benzin;2012;7582
2019;SUVs;Benzin;2013;9872
2019;SUVs;Benzin;2014;15086
2019;SUVs;Benzin;2015;21663
2019;SUVs;Benzin;2016;24707
2019;SUVs;Benzin;2017;20190
2019;SUVs;Benzin;2018;77685
2019;SUVs;Benzin;2019;110202
2019;SUVs;Diesel;1992;4
2019;SUVs;Diesel;1993;7
2019;SUVs;Diesel;1994;4
2019;SUVs;Diesel;1995;2
2019;SUVs;Diesel;1996;6
2019;SUVs;Diesel;1997;11
2019;SUVs;Diesel;1998;19
2019;SUVs;Diesel;1999;38
2019;SUVs;Diesel;2000;46
2019;SUVs;Diesel;2001;61
2019;SUVs;Diesel;2002;288
2019;SUVs;Diesel;2003;283
2019;SUVs;Diesel;2004;413
2019;SUVs;Diesel;2005;1178
2019;SUVs;Diesel;2006;2984
2019;SUVs;Diesel;2007;4845
2019;SUVs;Diesel;2008;5822
2019;SUVs;Diesel;2009;6836
2019;SUVs;Diesel;2010;10711
2019;SUVs;Diesel;2011;14239
2019;SUVs;Diesel;2012;14783
2019;SUVs;Diesel;2013;13834
2019;SUVs;Diesel;2014;17021
2019;SUVs;Diesel;2015;24801
2019;SUVs;Diesel;2016;29721
2019;SUVs;Diesel;2017;13405
2019;SUVs;Diesel;2018;32755
2019;SUVs;Diesel;2019;25456
2019;SUVs;Elektro (BEV);1994;1
2019;SUVs;Elektro (BEV);2013;1
2019;SUVs;Elektro (BEV);2016;83
2019;SUVs;Elektro (BEV);2017;125
2019;SUVs;Elektro (BEV);2018;962
2019;SUVs;Elektro (BEV);2019;2217
2019;SUVs;Hybrid;2005;33
2019;SUVs;Hybrid;2006;79
2019;SUVs;Hybrid;2007;103
2019;SUVs;Hybrid;2008;66
2019;SUVs;Hybrid;2009;76
2019;SUVs;Hybrid;2010;95
2019;SUVs;Hybrid;2011;58
2019;SUVs;Hybrid;2012;72
2019;SUVs;Hybrid;2013;166
2019;SUVs;Hybrid;2014;268
2019;SUVs;Hybrid;2015;544
2019;SUVs;Hybrid;2016;1488
2019;SUVs;Hybrid;2017;2071
2019;SUVs;Hybrid;2018;3546
2019;SUVs;Hybrid;2019;6410
2019;SUVs;Sonstige;2006;1
2019;SUVs;Sonstige;2010;1
2019;SUVs;Sonstige;2011;17
2019;SUVs;Sonstige;2012;13
2019;SUVs;Sonstige;2013;1
2019;SUVs;Sonstige;2014;1
2019;SUVs;Sonstige;2015;23
2019;SUVs;Sonstige;2016;8
2019;SUVs;Sonstige;2017;10
2019;SUVs;Sonstige;2018;25
2019;SUVs;Sonstige;2019;7
2019;SUVs;Flüssiggas (LPG) (einschl. bivalent);1990;1
2019;SUVs;Flüssiggas (LPG) (einschl. bivalent);1991;2
2019;SUVs;Flüssiggas (LPG) (einschl. bivalent);1992;1
2019;SUVs;Flüssiggas (LPG) (einschl. bivalent);1993;7
2019;SUVs;Flüssiggas (LPG) (einschl. bivalent);1994;5
2019;SUVs;Flüssiggas (LPG) (einschl. bivalent);1995;9
2019;SUVs;Flüssiggas (LPG) (einschl. bivalent);1996;21
2019;SUVs;Flüssiggas (LPG) (einschl. bivalent);1997;36
2019;SUVs;Flüssiggas (LPG) (einschl. bivalent);1998;70
2019;SUVs;Flüssiggas (LPG) (einschl. bivalent);1999;78
2019;SUVs;Flüssiggas (LPG) (einschl. bivalent);2000;88
2019;SUVs;Flüssiggas (LPG) (einschl. bivalent);2001;115
2019;SUVs;Flüssiggas (LPG) (einschl. bivalent);2002;93
2019;SUVs;Flüssiggas (LPG) (einschl. bivalent);2003;115
2019;SUVs;Flüssiggas (LPG) (einschl. bivalent);2004;170
2019;SUVs;Flüssiggas (LPG) (einschl. bivalent);2005;331
2019;SUVs;Flüssiggas (LPG) (einschl. bivalent);2006;469
2019;SUVs;Flüssiggas (LPG) (einschl. bivalent);2007;560
2019;SUVs;Flüssiggas (LPG) (einschl. bivalent);2008;727
2019;SUVs;Flüssiggas (LPG) (einschl. bivalent);2009;490
2019;SUVs;Flüssiggas (LPG) (einschl. bivalent);2010;375
2019;SUVs;Flüssiggas (LPG) (einschl. bivalent);2011;251
2019;SUVs;Flüssiggas (LPG) (einschl. bivalent);2012;426
2019;SUVs;Flüssiggas (LPG) (einschl. bivalent);2013;231
2019;SUVs;Flüssiggas (LPG) (einschl. bivalent);2014;223
2019;SUVs;Flüssiggas (LPG) (einschl. bivalent);2015;123
2019;SUVs;Flüssiggas (LPG) (einschl. bivalent);2016;65
2019;SUVs;Flüssiggas (LPG) (einschl. bivalent);2017;63
2019;SUVs;Flüssiggas (LPG) (einschl. bivalent);2018;43
2019;SUVs;Flüssiggas (LPG) (einschl. bivalent);2019;246
2019;SUVs;Erdgas (CNG) (einschl. bivalent);2001;1
2019;SUVs;Erdgas (CNG) (einschl. bivalent);2003;1
2019;SUVs;Erdgas (CNG) (einschl. bivalent);2004;1
2019;SUVs;Erdgas (CNG) (einschl. bivalent);2008;1
2019;SUVs;Erdgas (CNG) (einschl. bivalent);2011;1
2019;SUVs;Erdgas (CNG) (einschl. bivalent);2012;1
2019;SUVs;Erdgas (CNG) (einschl. bivalent);2013;1
2019;SUVs;Erdgas (CNG) (einschl. bivalent);2014;3
2019;SUVs;Erdgas (CNG) (einschl. bivalent);2015;1
2019;SUVs;Erdgas (CNG) (einschl. bivalent);2019;66
2019;Geländewagen;Benzin;1990;119
2019;Geländewagen;Benzin;1991;131
2019;Geländewagen;Benzin;1992;253
2019;Geländewagen;Benzin;1993;376
2019;Geländewagen;Benzin;1994;466
2019;Geländewagen;Benzin;1995;525
2019;Geländewagen;Benzin;1996;534
2019;Geländewagen;Benzin;1997;763
2019;Geländewagen;Benzin;1998;1495
2019;Geländewagen;Benzin;1999;2509
2019;Geländewagen;Benzin;2000;2363
2019;Geländewagen;Benzin;2001;2251
2019;Geländewagen;Benzin;2002;2653
2019;Geländewagen;Benzin;2003;2996
2019;Geländewagen;Benzin;2004;3624
2019;Geländewagen;Benzin;2005;3291
2019;Geländewagen;Benzin;2006;3283
2019;Geländewagen;Benzin;2007;2508
2019;Geländewagen;Benzin;2008;3277
2019;Geländewagen;Benzin;2009;3937
2019;Geländewagen;Benzin;2010;3073
2019;Geländewagen;Benzin;2011;3041
2019;Geländewagen;Benzin;2012;3881
2019;Geländewagen;Benzin;2013;3341
2019;Geländewagen;Benzin;2014;4559
2019;Geländewagen;Benzin;2015;7852
2019;Geländewagen;Benzin;2016;9594
2019;Geländewagen;Benzin;2017;7124
2019;Geländewagen;Benzin;2018;19501
2019;Geländewagen;Benzin;2019;24492
2019;Geländewagen;Diesel;1990;65
2019;Geländewagen;Diesel;1991;100
2019;Geländewagen;Diesel;1992;126
2019;Geländewagen;Diesel;1993;79
2019;Geländewagen;Diesel;1994;106
2019;Geländewagen;Diesel;1995;142
2019;Geländewagen;Diesel;1996;228
2019;Geländewagen;Diesel;1997;263
2019;Geländewagen;Diesel;1998;442
2019;Geländewagen;Diesel;1999;660
2019;Geländewagen;Diesel;2000;1256
2019;Geländewagen;Diesel;2001;2068
2019;Geländewagen;Diesel;2002;4070
2019;Geländewagen;Diesel;2003;5957
2019;Geländewagen;Diesel;2004;8862
2019;Geländewagen;Diesel;2005;9887
2019;Geländewagen;Diesel;2006;14221
2019;Geländewagen;Diesel;2007;14405
2019;Geländewagen;Diesel;2008;15259
2019;Geländewagen;Diesel;2009;13266
2019;Geländewagen;Diesel;2010;12358
2019;Geländewagen;Diesel;2011;14875
2019;Geländewagen;Diesel;2012;18476
2019;Geländewagen;Diesel;2013;16864
2019;Geländewagen;Diesel;2014;21074
2019;Geländewagen;Diesel;2015;38438
2019;Geländewagen;Diesel;2016;50893
2019;Geländewagen;Diesel;2017;19878
2019;Geländewagen;Diesel;2018;35162
2019;Geländewagen;Diesel;2019;27771
2019;Geländewagen;Elektro (BEV);2017;1
2019;Geländewagen;Elektro (BEV);2018;1
2019;Geländewagen;Hybrid;2009;2
2019;Geländewagen;Hybrid;2010;67
2019;Geländewagen;Hybrid;2011;74
2019;Geländewagen;Hybrid;2012;45
2019;Geländewagen;Hybrid;2013;16
2019;Geländewagen;Hybrid;2014;21
2019;Geländewagen;Hybrid;2015;164
2019;Geländewagen;Hybrid;2016;395
2019;Geländewagen;Hybrid;2017;376
2019;Geländewagen;Hybrid;2018;1765
2019;Geländewagen;Hybrid;2019;4667
2019;Geländewagen;Sonstige;1990;1
2019;Geländewagen;Sonstige;2006;1
2019;Geländewagen;Sonstige;2007;1
2019;Geländewagen;Sonstige;2011;2
2019;Geländewagen;Sonstige;2012;8
2019;Geländewagen;Sonstige;2013;3
2019;Geländewagen;Sonstige;2014;4
2019;Geländewagen;Sonstige;2015;5
2019;Geländewagen;Sonstige;2016;1
2019;Geländewagen;Flüssiggas (LPG) (einschl. bivalent);1990;5
2019;Geländewagen;Flüssiggas (LPG) (einschl. bivalent);1991;9
2019;Geländewagen;Flüssiggas (LPG) (einschl. bivalent);1992;12
2019;Geländewagen;Flüssiggas (LPG) (einschl. bivalent);1993;20
2019;Geländewagen;Flüssiggas (LPG) (einschl. bivalent);1994;20
2019;Geländewagen;Flüssiggas (LPG) (einschl. bivalent);1995;44
2019;Geländewagen;Flüssiggas (LPG) (einschl. bivalent);1996;57
2019;Geländewagen;Flüssiggas (LPG) (einschl. bivalent);1997;92
2019;Geländewagen;Flüssiggas (LPG) (einschl. bivalent);1998;199
2019;Geländewagen;Flüssiggas (LPG) (einschl. bivalent);1999;398
2019;Geländewagen;Flüssiggas (LPG) (einschl. bivalent);2000;362
2019;Geländewagen;Flüssiggas (LPG) (einschl. bivalent);2001;328
2019;Geländewagen;Flüssiggas (LPG) (einschl. bivalent);2002;347
2019;Geländewagen;Flüssiggas (LPG) (einschl. bivalent);2003;491
2019;Geländewagen;Flüssiggas (LPG) (einschl. bivalent);2004;562
2019;Geländewagen;Flüssiggas (LPG) (einschl. bivalent);2005;629
2019;Geländewagen;Flüssiggas (LPG) (einschl. bivalent);2006;693
2019;Geländewagen;Flüssiggas (LPG) (einschl. bivalent);2007;450
2019;Geländewagen;Flüssiggas (LPG) (einschl. bivalent);2008;390
2019;Geländewagen;Flüssiggas (LPG) (einschl. bivalent);2009;187
2019;Geländewagen;Flüssiggas (LPG) (einschl. bivalent);2010;98
2019;Geländewagen;Flüssiggas (LPG) (einschl. bivalent);2011;61
2019;Geländewagen;Flüssiggas (LPG) (einschl. bivalent);2012;34
2019;Geländewagen;Flüssiggas (LPG) (einschl. bivalent);2013;30
2019;Geländewagen;Flüssiggas (LPG) (einschl. bivalent);2014;23
2019;Geländewagen;Flüssiggas (LPG) (einschl. bivalent);2015;19
2019;Geländewagen;Flüssiggas (LPG) (einschl. bivalent);2016;16
2019;Geländewagen;Flüssiggas (LPG) (einschl. bivalent);2017;6
2019;Geländewagen;Flüssiggas (LPG) (einschl. bivalent);2018;1
2019;Geländewagen;Flüssiggas (LPG) (einschl. bivalent);2019;2
2019;Geländewagen;Erdgas (CNG) (einschl. bivalent);2001;1
2019;Geländewagen;Erdgas (CNG) (einschl. bivalent);2003;2
2019;Geländewagen;Erdgas (CNG) (einschl. bivalent);2004;4
2019;Geländewagen;Erdgas (CNG) (einschl. bivalent);2005;1
2019;Geländewagen;Erdgas (CNG) (einschl. bivalent);2006;1
2019;Geländewagen;Erdgas (CNG) (einschl. bivalent);2009;2
2019;Sportwagen;Benzin;1990;697
2019;Sportwagen;Benzin;1991;1047
2019;Sportwagen;Benzin;1992;1220
2019;Sportwagen;Benzin;1993;919
2019;Sportwagen;Benzin;1994;861
2019;Sportwagen;Benzin;1995;719
2019;Sportwagen;Benzin;1996;1281
2019;Sportwagen;Benzin;1997;3386
2019;Sportwagen;Benzin;1998;5421
2019;Sportwagen;Benzin;1999;7553
2019;Sportwagen;Benzin;2000;7367
2019;Sportwagen;Benzin;2001;5160
2019;Sportwagen;Benzin;2002;4970
2019;Sportwagen;Benzin;2003;5110
2019;Sportwagen;Benzin;2004;5219
2019;Sportwagen;Benzin;2005;4657
2019;Sportwagen;Benzin;2006;4756
2019;Sportwagen;Benzin;2007;5398
2019;Sportwagen;Benzin;2008;4526
2019;Sportwagen;Benzin;2009;3457
2019;Sportwagen;Benzin;2010;3857
2019;Sportwagen;Benzin;2011;4187
2019;Sportwagen;Benzin;2012;4066
2019;Sportwagen;Benzin;2013;3781
2019;Sportwagen;Benzin;2014;3871
2019;Sportwagen;Benzin;2015;5555
2019;Sportwagen;Benzin;2016;6857
2019;Sportwagen;Benzin;2017;5211
2019;Sportwagen;Benzin;2018;10119
2019;Sportwagen;Benzin;2019;8724
2019;Sportwagen;Diesel;2001;1
2019;Sportwagen;Diesel;2002;54
2019;Sportwagen;Diesel;2003;220
2019;Sportwagen;Diesel;2004;153
2019;Sportwagen;Diesel;2005;186
2019;Sportwagen;Diesel;2006;352
2019;Sportwagen;Diesel;2007;291
2019;Sportwagen;Diesel;2008;256
2019;Sportwagen;Diesel;2009;507
2019;Sportwagen;Diesel;2010;720
2019;Sportwagen;Diesel;2011;801
2019;Sportwagen;Diesel;2012;670
2019;Sportwagen;Diesel;2013;565
2019;Sportwagen;Diesel;2014;585
2019;Sportwagen;Diesel;2015;672
2019;Sportwagen;Diesel;2016;332
2019;Sportwagen;Diesel;2017;254
2019;Sportwagen;Diesel;2018;944
2019;Sportwagen;Diesel;2019;493
2019;Sportwagen;Elektro (BEV);1997;1
2019;Sportwagen;Elektro (BEV);1998;1
2019;Sportwagen;Elektro (BEV);1999;1
2019;Sportwagen;Elektro (BEV);2005;1
2019;Sportwagen;Elektro (BEV);2009;4
2019;Sportwagen;Elektro (BEV);2010;4
2019;Sportwagen;Elektro (BEV);2011;4
2019;Sportwagen;Elektro (BEV);2012;12
2019;Sportwagen;Elektro (BEV);2013;1
2019;Sportwagen;Hybrid;2010;137
2019;Sportwagen;Hybrid;2011;78
2019;Sportwagen;Hybrid;2012;39
2019;Sportwagen;Hybrid;2013;10
2019;Sportwagen;Hybrid;2014;46
2019;Sportwagen;Hybrid;2015;64
2019;Sportwagen;Hybrid;2016;82
2019;Sportwagen;Hybrid;2017;116
2019;Sportwagen;Hybrid;2018;437
2019;Sportwagen;Hybrid;2019;489
2019;Sportwagen;Sonstige;2004;1
2019;Sportwagen;Sonstige;2013;1
2019;Sportwagen;Sonstige;2017;1
2019;Sportwagen;Flüssiggas (LPG) (einschl. bivalent);1990;2
2019;Sportwagen;Flüssiggas (LPG) (einschl. bivalent);1991;6
2019;Sportwagen;Flüssiggas (LPG) (einschl. bivalent);1992;10
2019;Sportwagen;Flüssiggas (LPG) (einschl. bivalent);1993;13
2019;Sportwagen;Flüssiggas (LPG) (einschl. bivalent);1994;17
2019;Sportwagen;Flüssiggas (LPG) (einschl. bivalent);1995;10
2019;Sportwagen;Flüssiggas (LPG) (einschl. bivalent);1996;17
2019;Sportwagen;Flüssiggas (LPG) (einschl. bivalent);1997;79
2019;Sportwagen;Flüssiggas (LPG) (einschl. bivalent);1998;187
2019;Sportwagen;Flüssiggas (LPG) (einschl. bivalent);1999;273
2019;Sportwagen;Flüssiggas (LPG) (einschl. bivalent);2000;233
2019;Sportwagen;Flüssiggas (LPG) (einschl. bivalent);2001;162
2019;Sportwagen;Flüssiggas (LPG) (einschl. bivalent);2002;148
2019;Sportwagen;Flüssiggas (LPG) (einschl. bivalent);2003;139
2019;Sportwagen;Flüssiggas (LPG) (einschl. bivalent);2004;135
2019;Sportwagen;Flüssiggas (LPG) (einschl. bivalent);2005;86
2019;Sportwagen;Flüssiggas (LPG) (einschl. bivalent);2006;72
2019;Sportwagen;Flüssiggas (LPG) (einschl. bivalent);2007;51
2019;Sportwagen;Flüssiggas (LPG) (einschl. bivalent);2008;29
2019;Sportwagen;Flüssiggas (LPG) (einschl. bivalent);2009;15
2019;Sportwagen;Flüssiggas (LPG) (einschl. bivalent);2010;17
2019;Sportwagen;Flüssiggas (LPG) (einschl. bivalent);2011;16
2019;Sportwagen;Flüssiggas (LPG) (einschl. bivalent);2012;19
2019;Sportwagen;Flüssiggas (LPG) (einschl. bivalent);2013;31
2019;Sportwagen;Flüssiggas (LPG) (einschl. bivalent);2014;76
2019;Sportwagen;Flüssiggas (LPG) (einschl. bivalent);2015;36
2019;Sportwagen;Flüssiggas (LPG) (einschl. bivalent);2016;34
2019;Sportwagen;Flüssiggas (LPG) (einschl. bivalent);2017;29
2019;Sportwagen;Flüssiggas (LPG) (einschl. bivalent);2018;3
2019;Sportwagen;Erdgas (CNG) (einschl. bivalent);2000;1
2019;Mini-Vans;Benzin;1990;2
2019;Mini-Vans;Benzin;1991;6
2019;Mini-Vans;Benzin;1992;22
2019;Mini-Vans;Benzin;1993;16
2019;Mini-Vans;Benzin;1994;24
2019;Mini-Vans;Benzin;1995;52
2019;Mini-Vans;Benzin;1996;101
2019;Mini-Vans;Benzin;1997;457
2019;Mini-Vans;Benzin;1998;1165
2019;Mini-Vans;Benzin;1999;2682
2019;Mini-Vans;Benzin;2000;5117
2019;Mini-Vans;Benzin;2001;5226
2019;Mini-Vans;Benzin;2002;7474
2019;Mini-Vans;Benzin;2003;10838
2019;Mini-Vans;Benzin;2004;15651
2019;Mini-Vans;Benzin;2005;18285
2019;Mini-Vans;Benzin;2006;17941
2019;Mini-Vans;Benzin;2007;11780
2019;Mini-Vans;Benzin;2008;9995
2019;Mini-Vans;Benzin;2009;10024
2019;Mini-Vans;Benzin;2010;8989
2019;Mini-Vans;Benzin;2011;9642
2019;Mini-Vans;Benzin;2012;9406
2019;Mini-Vans;Benzin;2013;8606
2019;Mini-Vans;Benzin;2014;7644
2019;Mini-Vans;Benzin;2015;7625
2019;Mini-Vans;Benzin;2016;5522
2019;Mini-Vans;Benzin;2017;3858
2019;Mini-Vans;Benzin;2018;16837
2019;Mini-Vans;Benzin;2019;16688
2019;Mini-Vans;Diesel;1998;25
2019;Mini-Vans;Diesel;1999;69
2019;Mini-Vans;Diesel;2000;270
2019;Mini-Vans;Diesel;2001;510
2019;Mini-Vans;Diesel;2002;1669
2019;Mini-Vans;Diesel;2003;2214
2019;Mini-Vans;Diesel;2004;5980
2019;Mini-Vans;Diesel;2005;6491
2019;Mini-Vans;Diesel;2006;8376
2019;Mini-Vans;Diesel;2007;7139
2019;Mini-Vans;Diesel;2008;4980
2019;Mini-Vans;Diesel;2009;3661
2019;Mini-Vans;Diesel;2010;4464
2019;Mini-Vans;Diesel;2011;5215
2019;Mini-Vans;Diesel;2012;5449
2019;Mini-Vans;Diesel;2013;4262
2019;Mini-Vans;Diesel;2014;4202
2019;Mini-Vans;Diesel;2015;4795
2019;Mini-Vans;Diesel;2016;3059
2019;Mini-Vans;Diesel;2017;2112
2019;Mini-Vans;Diesel;2018;5227
2019;Mini-Vans;Diesel;2019;3490
2019;Mini-Vans;Elektro (BEV);2012;1
2019;Mini-Vans;Elektro (BEV);2014;10
2019;Mini-Vans;Elektro (BEV);2015;83
2019;Mini-Vans;Elektro (BEV);2016;95
2019;Mini-Vans;Elektro (BEV);2017;134
2019;Mini-Vans;Elektro (BEV);2018;162
2019;Mini-Vans;Elektro (BEV);2019;908
2019;Mini-Vans;Hybrid;2005;2
2019;Mini-Vans;Hybrid;2006;1
2019;Mini-Vans;Hybrid;2011;2
2019;Mini-Vans;Hybrid;2012;73
2019;Mini-Vans;Hybrid;2013;77
2019;Mini-Vans;Hybrid;2014;155
2019;Mini-Vans;Hybrid;2015;48
2019;Mini-Vans;Hybrid;2016;7
2019;Mini-Vans;Hybrid;2017;12
2019;Mini-Vans;Hybrid;2018;17
2019;Mini-Vans;Hybrid;2019;12
2019;Mini-Vans;Sonstige;2004;1
2019;Mini-Vans;Sonstige;2006;1
2019;Mini-Vans;Sonstige;2007;1
2019;Mini-Vans;Sonstige;2009;5
2019;Mini-Vans;Sonstige;2010;17
2019;Mini-Vans;Sonstige;2011;16
2019;Mini-Vans;Sonstige;2012;17
2019;Mini-Vans;Sonstige;2013;7
2019;Mini-Vans;Sonstige;2014;5
2019;Mini-Vans;Flüssiggas (LPG) (einschl. bivalent);1993;1
2019;Mini-Vans;Flüssiggas (LPG) (einschl. bivalent);1995;2
2019;Mini-Vans;Flüssiggas (LPG) (einschl. bivalent);1996;4
2019;Mini-Vans;Flüssiggas (LPG) (einschl. bivalent);1997;4
2019;Mini-Vans;Flüssiggas (LPG) (einschl. bivalent);1998;9
2019;Mini-Vans;Flüssiggas (LPG) (einschl. bivalent);1999;40
2019;Mini-Vans;Flüssiggas (LPG) (einschl. bivalent);2000;89
2019;Mini-Vans;Flüssiggas (LPG) (einschl. bivalent);2001;122
2019;Mini-Vans;Flüssiggas (LPG) (einschl. bivalent);2002;191
2019;Mini-Vans;Flüssiggas (LPG) (einschl. bivalent);2003;309
2019;Mini-Vans;Flüssiggas (LPG) (einschl. bivalent);2004;479
2019;Mini-Vans;Flüssiggas (LPG) (einschl. bivalent);2005;563
2019;Mini-Vans;Flüssiggas (LPG) (einschl. bivalent);2006;648
2019;Mini-Vans;Flüssiggas (LPG) (einschl. bivalent);2007;593
2019;Mini-Vans;Flüssiggas (LPG) (einschl. bivalent);2008;634
2019;Mini-Vans;Flüssiggas (LPG) (einschl. bivalent);2009;293
2019;Mini-Vans;Flüssiggas (LPG) (einschl. bivalent);2010;129
2019;Mini-Vans;Flüssiggas (LPG) (einschl. bivalent);2011;86
2019;Mini-Vans;Flüssiggas (LPG) (einschl. bivalent);2012;108
2019;Mini-Vans;Flüssiggas (LPG) (einschl. bivalent);2013;50
2019;Mini-Vans;Flüssiggas (LPG) (einschl. bivalent);2014;75
2019;Mini-Vans;Flüssiggas (LPG) (einschl. bivalent);2015;63
2019;Mini-Vans;Flüssiggas (LPG) (einschl. bivalent);2016;11
2019;Mini-Vans;Flüssiggas (LPG) (einschl. bivalent);2017;21
2019;Mini-Vans;Flüssiggas (LPG) (einschl. bivalent);2018;16
2019;Mini-Vans;Flüssiggas (LPG) (einschl. bivalent);2019;141
2019;Mini-Vans;Erdgas (CNG) (einschl. bivalent);1999;1
2019;Mini-Vans;Erdgas (CNG) (einschl. bivalent);2000;16
2019;Mini-Vans;Erdgas (CNG) (einschl. bivalent);2001;46
2019;Mini-Vans;Erdgas (CNG) (einschl. bivalent);2002;33
2019;Mini-Vans;Erdgas (CNG) (einschl. bivalent);2003;19
2019;Mini-Vans;Erdgas (CNG) (einschl. bivalent);2004;25
2019;Mini-Vans;Erdgas (CNG) (einschl. bivalent);2005;53
2019;Mini-Vans;Erdgas (CNG) (einschl. bivalent);2006;96
2019;Mini-Vans;Erdgas (CNG) (einschl. bivalent);2007;29
2019;Mini-Vans;Erdgas (CNG) (einschl. bivalent);2008;84
2019;Mini-Vans;Erdgas (CNG) (einschl. bivalent);2009;71
2019;Mini-Vans;Erdgas (CNG) (einschl. bivalent);2010;39
2019;Mini-Vans;Erdgas (CNG) (einschl. bivalent);2011;8
2019;Mini-Vans;Erdgas (CNG) (einschl. bivalent);2012;1
2019;Mini-Vans;Erdgas (CNG) (einschl. bivalent);2013;1
2019;Mini-Vans;Erdgas (CNG) (einschl. bivalent);2014;34
2019;Mini-Vans;Erdgas (CNG) (einschl. bivalent);2015;25
2019;Mini-Vans;Erdgas (CNG) (einschl. bivalent);2016;15
2019;Mini-Vans;Erdgas (CNG) (einschl. bivalent);2017;7
2019;Großraum-Vans;Benzin;1990;11
2019;Großraum-Vans;Benzin;1991;35
2019;Großraum-Vans;Benzin;1992;73
2019;Großraum-Vans;Benzin;1993;81
2019;Großraum-Vans;Benzin;1994;194
2019;Großraum-Vans;Benzin;1995;375
2019;Großraum-Vans;Benzin;1996;1071
2019;Großraum-Vans;Benzin;1997;2032
2019;Großraum-Vans;Benzin;1998;3141
2019;Großraum-Vans;Benzin;1999;6305
2019;Großraum-Vans;Benzin;2000;8092
2019;Großraum-Vans;Benzin;2001;7494
2019;Großraum-Vans;Benzin;2002;8061
2019;Großraum-Vans;Benzin;2003;8627
2019;Großraum-Vans;Benzin;2004;8560
2019;Großraum-Vans;Benzin;2005;9178
2019;Großraum-Vans;Benzin;2006;9297
2019;Großraum-Vans;Benzin;2007;6212
2019;Großraum-Vans;Benzin;2008;5508
2019;Großraum-Vans;Benzin;2009;6020
2019;Großraum-Vans;Benzin;2010;4798
2019;Großraum-Vans;Benzin;2011;5278
2019;Großraum-Vans;Benzin;2012;4139
2019;Großraum-Vans;Benzin;2013;2834
2019;Großraum-Vans;Benzin;2014;2886
2019;Großraum-Vans;Benzin;2015;3108
2019;Großraum-Vans;Benzin;2016;3551
2019;Großraum-Vans;Benzin;2017;2462
2019;Großraum-Vans;Benzin;2018;12524
2019;Großraum-Vans;Benzin;2019;10088
2019;Großraum-Vans;Diesel;1991;2
2019;Großraum-Vans;Diesel;1992;5
2019;Großraum-Vans;Diesel;1993;9
2019;Großraum-Vans;Diesel;1994;17
2019;Großraum-Vans;Diesel;1995;24
2019;Großraum-Vans;Diesel;1996;166
2019;Großraum-Vans;Diesel;1997;351
2019;Großraum-Vans;Diesel;1998;706
2019;Großraum-Vans;Diesel;1999;1028
2019;Großraum-Vans;Diesel;2000;2301
2019;Großraum-Vans;Diesel;2001;3383
2019;Großraum-Vans;Diesel;2002;5841
2019;Großraum-Vans;Diesel;2003;11134
2019;Großraum-Vans;Diesel;2004;17494
2019;Großraum-Vans;Diesel;2005;15404
2019;Großraum-Vans;Diesel;2006;22205
2019;Großraum-Vans;Diesel;2007;17901
2019;Großraum-Vans;Diesel;2008;13469
2019;Großraum-Vans;Diesel;2009;9595
2019;Großraum-Vans;Diesel;2010;8627
2019;Großraum-Vans;Diesel;2011;12086
2019;Großraum-Vans;Diesel;2012;11268
2019;Großraum-Vans;Diesel;2013;8914
2019;Großraum-Vans;Diesel;2014;11689
2019;Großraum-Vans;Diesel;2015;18260
2019;Großraum-Vans;Diesel;2016;20630
2019;Großraum-Vans;Diesel;2017;7548
2019;Großraum-Vans;Diesel;2018;20349
2019;Großraum-Vans;Diesel;2019;11682
2019;Großraum-Vans;Hybrid;2005;1
2019;Großraum-Vans;Hybrid;2012;102
2019;Großraum-Vans;Hybrid;2013;122
2019;Großraum-Vans;Hybrid;2014;90
2019;Großraum-Vans;Hybrid;2015;199
2019;Großraum-Vans;Hybrid;2016;109
2019;Großraum-Vans;Hybrid;2017;51
2019;Großraum-Vans;Hybrid;2018;62
2019;Großraum-Vans;Hybrid;2019;143
2019;Großraum-Vans;Sonstige;2001;1
2019;Großraum-Vans;Sonstige;2002;1
2019;Großraum-Vans;Sonstige;2003;1
2019;Großraum-Vans;Sonstige;2004;1
2019;Großraum-Vans;Sonstige;2005;1
2019;Großraum-Vans;Sonstige;2006;2
2019;Großraum-Vans;Sonstige;2007;1
2019;Großraum-Vans;Sonstige;2009;3
2019;Großraum-Vans;Sonstige;2010;11
2019;Großraum-Vans;Sonstige;2011;8
2019;Großraum-Vans;Sonstige;2012;5
2019;Großraum-Vans;Flüssiggas (LPG) (einschl. bivalent);1991;1
2019;Großraum-Vans;Flüssiggas (LPG) (einschl. bivalent);1992;4
2019;Großraum-Vans;Flüssiggas (LPG) (einschl. bivalent);1993;5
2019;Großraum-Vans;Flüssiggas (LPG) (einschl. bivalent);1994;14
2019;Großraum-Vans;Flüssiggas (LPG) (einschl. bivalent);1995;15
2019;Großraum-Vans;Flüssiggas (LPG) (einschl. bivalent);1996;61
2019;Großraum-Vans;Flüssiggas (LPG) (einschl. bivalent);1997;135
2019;Großraum-Vans;Flüssiggas (LPG) (einschl. bivalent);1998;179
2019;Großraum-Vans;Flüssiggas (LPG) (einschl. bivalent);1999;307
2019;Großraum-Vans;Flüssiggas (LPG) (einschl. bivalent);2000;375
2019;Großraum-Vans;Flüssiggas (LPG) (einschl. bivalent);2001;462
2019;Großraum-Vans;Flüssiggas (LPG) (einschl. bivalent);2002;474
2019;Großraum-Vans;Flüssiggas (LPG) (einschl. bivalent);2003;508
2019;Großraum-Vans;Flüssiggas (LPG) (einschl. bivalent);2004;509
2019;Großraum-Vans;Flüssiggas (LPG) (einschl. bivalent);2005;480
2019;Großraum-Vans;Flüssiggas (LPG) (einschl. bivalent);2006;526
2019;Großraum-Vans;Flüssiggas (LPG) (einschl. bivalent);2007;373
2019;Großraum-Vans;Flüssiggas (LPG) (einschl. bivalent);2008;415
2019;Großraum-Vans;Flüssiggas (LPG) (einschl. bivalent);2009;217
2019;Großraum-Vans;Flüssiggas (LPG) (einschl. bivalent);2010;119
2019;Großraum-Vans;Flüssiggas (LPG) (einschl. bivalent);2011;61
2019;Großraum-Vans;Flüssiggas (LPG) (einschl. bivalent);2012;51
2019;Großraum-Vans;Flüssiggas (LPG) (einschl. bivalent);2013;42
2019;Großraum-Vans;Flüssiggas (LPG) (einschl. bivalent);2014;12
2019;Großraum-Vans;Flüssiggas (LPG) (einschl. bivalent);2015;14
2019;Großraum-Vans;Flüssiggas (LPG) (einschl. bivalent);2016;17
2019;Großraum-Vans;Flüssiggas (LPG) (einschl. bivalent);2017;1
2019;Großraum-Vans;Flüssiggas (LPG) (einschl. bivalent);2018;4
2019;Großraum-Vans;Erdgas (CNG) (einschl. bivalent);1995;1
2019;Großraum-Vans;Erdgas (CNG) (einschl. bivalent);1996;1
2019;Großraum-Vans;Erdgas (CNG) (einschl. bivalent);2000;1
2019;Großraum-Vans;Erdgas (CNG) (einschl. bivalent);2001;9
2019;Großraum-Vans;Erdgas (CNG) (einschl. bivalent);2002;95
2019;Großraum-Vans;Erdgas (CNG) (einschl. bivalent);2003;83
2019;Großraum-Vans;Erdgas (CNG) (einschl. bivalent);2004;288
2019;Großraum-Vans;Erdgas (CNG) (einschl. bivalent);2005;277
2019;Großraum-Vans;Erdgas (CNG) (einschl. bivalent);2006;466
2019;Großraum-Vans;Erdgas (CNG) (einschl. bivalent);2007;531
2019;Großraum-Vans;Erdgas (CNG) (einschl. bivalent);2008;481
2019;Großraum-Vans;Erdgas (CNG) (einschl. bivalent);2009;288
2019;Großraum-Vans;Erdgas (CNG) (einschl. bivalent);2010;155
2019;Großraum-Vans;Erdgas (CNG) (einschl. bivalent);2011;141
2019;Großraum-Vans;Erdgas (CNG) (einschl. bivalent);2012;199
2019;Großraum-Vans;Erdgas (CNG) (einschl. bivalent);2013;91
2019;Großraum-Vans;Erdgas (CNG) (einschl. bivalent);2014;84
2019;Großraum-Vans;Erdgas (CNG) (einschl. bivalent);2015;84
2019;Großraum-Vans;Erdgas (CNG) (einschl. bivalent);2016;15
2019;Großraum-Vans;Erdgas (CNG) (einschl. bivalent);2017;4
2019;Utilities;Benzin;1990;221
2019;Utilities;Benzin;1991;278
2019;Utilities;Benzin;1992;435
2019;Utilities;Benzin;1993;343
2019;Utilities;Benzin;1994;506
2019;Utilities;Benzin;1995;658
2019;Utilities;Benzin;1996;749
2019;Utilities;Benzin;1997;873
2019;Utilities;Benzin;1998;1495
2019;Utilities;Benzin;1999;2520
2019;Utilities;Benzin;2000;2842
2019;Utilities;Benzin;2001;2689
2019;Utilities;Benzin;2002;3302
2019;Utilities;Benzin;2003;3000
2019;Utilities;Benzin;2004;2515
2019;Utilities;Benzin;2005;3144
2019;Utilities;Benzin;2006;2681
2019;Utilities;Benzin;2007;1582
2019;Utilities;Benzin;2008;2470
2019;Utilities;Benzin;2009;3734
2019;Utilities;Benzin;2010;2020
2019;Utilities;Benzin;2011;1792
2019;Utilities;Benzin;2012;1397
2019;Utilities;Benzin;2013;1243
2019;Utilities;Benzin;2014;1563
2019;Utilities;Benzin;2015;2187
2019;Utilities;Benzin;2016;2188
2019;Utilities;Benzin;2017;1791
2019;Utilities;Benzin;2018;4382
2019;Utilities;Benzin;2019;5969
2019;Utilities;Diesel;1990;328
2019;Utilities;Diesel;1991;316
2019;Utilities;Diesel;1992;487
2019;Utilities;Diesel;1993;433
2019;Utilities;Diesel;1994;653
2019;Utilities;Diesel;1995;923
2019;Utilities;Diesel;1996;1720
2019;Utilities;Diesel;1997;1975
2019;Utilities;Diesel;1998;2544
2019;Utilities;Diesel;1999;2950
2019;Utilities;Diesel;2000;3440
2019;Utilities;Diesel;2001;3753
2019;Utilities;Diesel;2002;5261
2019;Utilities;Diesel;2003;5767
2019;Utilities;Diesel;2004;8176
2019;Utilities;Diesel;2005;8977
2019;Utilities;Diesel;2006;11129
2019;Utilities;Diesel;2007;10486
2019;Utilities;Diesel;2008;11347
2019;Utilities;Diesel;2009;10072
2019;Utilities;Diesel;2010;10282
2019;Utilities;Diesel;2011;10176
2019;Utilities;Diesel;2012;9312
2019;Utilities;Diesel;2013;9238
2019;Utilities;Diesel;2014;11837
2019;Utilities;Diesel;2015;17066
2019;Utilities;Diesel;2016;14915
2019;Utilities;Diesel;2017;9103
2019;Utilities;Diesel;2018;23764
2019;Utilities;Diesel;2019;22702
2019;Utilities;Elektro (BEV);1992;1
2019;Utilities;Elektro (BEV);1998;1
2019;Utilities;Elektro (BEV);2002;1
2019;Utilities;Elektro (BEV);2004;3
2019;Utilities;Elektro (BEV);2005;1
2019;Utilities;Elektro (BEV);2010;2
2019;Utilities;Elektro (BEV);2011;4
2019;Utilities;Elektro (BEV);2012;2
2019;Utilities;Elektro (BEV);2013;6
2019;Utilities;Elektro (BEV);2014;5
2019;Utilities;Elektro (BEV);2015;18
2019;Utilities;Elektro (BEV);2016;33
2019;Utilities;Elektro (BEV);2017;23
2019;Utilities;Elektro (BEV);2018;45
2019;Utilities;Elektro (BEV);2019;19
2019;Utilities;Hybrid;2004;1
2019;Utilities;Hybrid;2019;5
2019;Utilities;Sonstige;1996;1
2019;Utilities;Sonstige;1997;1
2019;Utilities;Sonstige;1998;1
2019;Utilities;Sonstige;1999;1
2019;Utilities;Sonstige;2003;1
2019;Utilities;Sonstige;2004;1
2019;Utilities;Sonstige;2010;1
2019;Utilities;Sonstige;2011;2
2019;Utilities;Sonstige;2012;1
2019;Utilities;Flüssiggas (LPG) (einschl. bivalent);1990;9
2019;Utilities;Flüssiggas (LPG) (einschl. bivalent);1991;21
2019;Utilities;Flüssiggas (LPG) (einschl. bivalent);1992;58
2019;Utilities;Flüssiggas (LPG) (einschl. bivalent);1993;47
2019;Utilities;Flüssiggas (LPG) (einschl. bivalent);1994;81
2019;Utilities;Flüssiggas (LPG) (einschl. bivalent);1995;95
2019;Utilities;Flüssiggas (LPG) (einschl. bivalent);1996;117
2019;Utilities;Flüssiggas (LPG) (einschl. bivalent);1997;91
2019;Utilities;Flüssiggas (LPG) (einschl. bivalent);1998;74
2019;Utilities;Flüssiggas (LPG) (einschl. bivalent);1999;62
2019;Utilities;Flüssiggas (LPG) (einschl. bivalent);2000;62
2019;Utilities;Flüssiggas (LPG) (einschl. bivalent);2001;63
2019;Utilities;Flüssiggas (LPG) (einschl. bivalent);2002;77
2019;Utilities;Flüssiggas (LPG) (einschl. bivalent);2003;94
2019;Utilities;Flüssiggas (LPG) (einschl. bivalent);2004;99
2019;Utilities;Flüssiggas (LPG) (einschl. bivalent);2005;181
2019;Utilities;Flüssiggas (LPG) (einschl. bivalent);2006;211
2019;Utilities;Flüssiggas (LPG) (einschl. bivalent);2007;107
2019;Utilities;Flüssiggas (LPG) (einschl. bivalent);2008;351
2019;Utilities;Flüssiggas (LPG) (einschl. bivalent);2009;196
2019;Utilities;Flüssiggas (LPG) (einschl. bivalent);2010;103
2019;Utilities;Flüssiggas (LPG) (einschl. bivalent);2011;53
2019;Utilities;Flüssiggas (LPG) (einschl. bivalent);2012;68
2019;Utilities;Flüssiggas (LPG) (einschl. bivalent);2013;29
2019;Utilities;Flüssiggas (LPG) (einschl. bivalent);2014;83
2019;Utilities;Flüssiggas (LPG) (einschl. bivalent);2015;94
2019;Utilities;Flüssiggas (LPG) (einschl. bivalent);2016;2
2019;Utilities;Flüssiggas (LPG) (einschl. bivalent);2017;24
2019;Utilities;Flüssiggas (LPG) (einschl. bivalent);2018;45
2019;Utilities;Flüssiggas (LPG) (einschl. bivalent);2019;41
2019;Utilities;Erdgas (CNG) (einschl. bivalent);1995;5
2019;Utilities;Erdgas (CNG) (einschl. bivalent);1996;4
2019;Utilities;Erdgas (CNG) (einschl. bivalent);1997;2
2019;Utilities;Erdgas (CNG) (einschl. bivalent);1998;1
2019;Utilities;Erdgas (CNG) (einschl. bivalent);1999;6
2019;Utilities;Erdgas (CNG) (einschl. bivalent);2000;5
2019;Utilities;Erdgas (CNG) (einschl. bivalent);2001;3
2019;Utilities;Erdgas (CNG) (einschl. bivalent);2003;6
2019;Utilities;Erdgas (CNG) (einschl. bivalent);2004;2
2019;Utilities;Erdgas (CNG) (einschl. bivalent);2005;155
2019;Utilities;Erdgas (CNG) (einschl. bivalent);2006;623
2019;Utilities;Erdgas (CNG) (einschl. bivalent);2007;489
2019;Utilities;Erdgas (CNG) (einschl. bivalent);2008;501
2019;Utilities;Erdgas (CNG) (einschl. bivalent);2009;348
2019;Utilities;Erdgas (CNG) (einschl. bivalent);2010;124
2019;Utilities;Erdgas (CNG) (einschl. bivalent);2011;161
2019;Utilities;Erdgas (CNG) (einschl. bivalent);2012;106
2019;Utilities;Erdgas (CNG) (einschl. bivalent);2013;80
2019;Utilities;Erdgas (CNG) (einschl. bivalent);2014;82
2019;Utilities;Erdgas (CNG) (einschl. bivalent);2015;88
2019;Utilities;Erdgas (CNG) (einschl. bivalent);2016;76
2019;Utilities;Erdgas (CNG) (einschl. bivalent);2017;34
2019;Utilities;Erdgas (CNG) (einschl. bivalent);2018;33
2019;Utilities;Erdgas (CNG) (einschl. bivalent);2019;74
2019;Wohnmobile;Benzin;1990;117
2019;Wohnmobile;Benzin;1991;98
2019;Wohnmobile;Benzin;1992;119
2019;Wohnmobile;Benzin;1993;74
2019;Wohnmobile;Benzin;1994;50
2019;Wohnmobile;Benzin;1995;56
2019;Wohnmobile;Benzin;1996;45
2019;Wohnmobile;Benzin;1997;29
2019;Wohnmobile;Benzin;1998;31
2019;Wohnmobile;Benzin;1999;15
2019;Wohnmobile;Benzin;2000;11
2019;Wohnmobile;Benzin;2001;11
2019;Wohnmobile;Benzin;2002;6
2019;Wohnmobile;Benzin;2003;4
2019;Wohnmobile;Benzin;2004;3
2019;Wohnmobile;Benzin;2005;4
2019;Wohnmobile;Benzin;2006;8
2019;Wohnmobile;Benzin;2007;4
2019;Wohnmobile;Benzin;2008;5
2019;Wohnmobile;Benzin;2009;4
2019;Wohnmobile;Benzin;2010;3
2019;Wohnmobile;Benzin;2011;4
2019;Wohnmobile;Benzin;2012;5
2019;Wohnmobile;Benzin;2013;6
2019;Wohnmobile;Benzin;2014;6
2019;Wohnmobile;Benzin;2015;8
2019;Wohnmobile;Benzin;2016;8
2019;Wohnmobile;Benzin;2017;24
2019;Wohnmobile;Benzin;2018;32
2019;Wohnmobile;Benzin;2019;28
2019;Wohnmobile;Diesel;1990;1660
2019;Wohnmobile;Diesel;1991;1989
2019;Wohnmobile;Diesel;1992;2165
2019;Wohnmobile;Diesel;1993;1723
2019;Wohnmobile;Diesel;1994;1599
2019;Wohnmobile;Diesel;1995;1633
2019;Wohnmobile;Diesel;1996;1713
2019;Wohnmobile;Diesel;1997;1668
2019;Wohnmobile;Diesel;1998;1766
2019;Wohnmobile;Diesel;1999;2055
2019;Wohnmobile;Diesel;2000;2245
2019;Wohnmobile;Diesel;2001;2359
2019;Wohnmobile;Diesel;2002;2132
2019;Wohnmobile;Diesel;2003;2108
2019;Wohnmobile;Diesel;2004;2091
2019;Wohnmobile;Diesel;2005;2225
2019;Wohnmobile;Diesel;2006;2305
2019;Wohnmobile;Diesel;2007;2243
2019;Wohnmobile;Diesel;2008;2334
2019;Wohnmobile;Diesel;2009;2046
2019;Wohnmobile;Diesel;2010;1958
2019;Wohnmobile;Diesel;2011;2315
2019;Wohnmobile;Diesel;2012;2588
2019;Wohnmobile;Diesel;2013;2524
2019;Wohnmobile;Diesel;2014;2543
2019;Wohnmobile;Diesel;2015;2899
2019;Wohnmobile;Diesel;2016;3588
2019;Wohnmobile;Diesel;2017;4404
2019;Wohnmobile;Diesel;2018;7399
2019;Wohnmobile;Diesel;2019;11943
2019;Wohnmobile;Hybrid;2017;1
2019;Wohnmobile;Sonstige;2006;1
2019;Wohnmobile;Sonstige;2008;1
2019;Wohnmobile;Sonstige;2010;1
2019;Wohnmobile;Sonstige;2012;1
2019;Wohnmobile;Sonstige;2013;1
2019;Wohnmobile;Sonstige;2017;1
2019;Wohnmobile;Sonstige;2019;3
2019;Wohnmobile;Flüssiggas (LPG) (einschl. bivalent);1990;23
2019;Wohnmobile;Flüssiggas (LPG) (einschl. bivalent);1991;24
2019;Wohnmobile;Flüssiggas (LPG) (einschl. bivalent);1992;29
2019;Wohnmobile;Flüssiggas (LPG) (einschl. bivalent);1993;24
2019;Wohnmobile;Flüssiggas (LPG) (einschl. bivalent);1994;35
2019;Wohnmobile;Flüssiggas (LPG) (einschl. bivalent);1995;34
2019;Wohnmobile;Flüssiggas (LPG) (einschl. bivalent);1996;21
2019;Wohnmobile;Flüssiggas (LPG) (einschl. bivalent);1997;16
2019;Wohnmobile;Flüssiggas (LPG) (einschl. bivalent);1998;10
2019;Wohnmobile;Flüssiggas (LPG) (einschl. bivalent);1999;4
2019;Wohnmobile;Flüssiggas (LPG) (einschl. bivalent);2000;8
2019;Wohnmobile;Flüssiggas (LPG) (einschl. bivalent);2001;5
2019;Wohnmobile;Flüssiggas (LPG) (einschl. bivalent);2002;2
2019;Wohnmobile;Flüssiggas (LPG) (einschl. bivalent);2003;6
2019;Wohnmobile;Flüssiggas (LPG) (einschl. bivalent);2004;3
2019;Wohnmobile;Flüssiggas (LPG) (einschl. bivalent);2005;3
2019;Wohnmobile;Flüssiggas (LPG) (einschl. bivalent);2006;3
2019;Wohnmobile;Flüssiggas (LPG) (einschl. bivalent);2007;3
2019;Wohnmobile;Flüssiggas (LPG) (einschl. bivalent);2008;5
2019;Wohnmobile;Flüssiggas (LPG) (einschl. bivalent);2009;2
2019;Wohnmobile;Flüssiggas (LPG) (einschl. bivalent);2012;1
2019;Wohnmobile;Flüssiggas (LPG) (einschl. bivalent);2018;1
2019;Wohnmobile;Erdgas (CNG) (einschl. bivalent);1995;2
2019;Wohnmobile;Erdgas (CNG) (einschl. bivalent);2001;1
2019;Wohnmobile;Erdgas (CNG) (einschl. bivalent);2004;1
2019;Wohnmobile;Erdgas (CNG) (einschl. bivalent);2005;4
2019;Wohnmobile;Erdgas (CNG) (einschl. bivalent);2006;2
2019;Wohnmobile;Erdgas (CNG) (einschl. bivalent);2009;1
2019;Wohnmobile;Erdgas (CNG) (einschl. bivalent);2011;1
2019;Wohnmobile;Erdgas (CNG) (einschl. bivalent);2012;1
2019;Sonstige;Benzin;1903;1
2019;Sonstige;Benzin;1907;1
2019;Sonstige;Benzin;1908;1
2019;Sonstige;Benzin;1910;3
2019;Sonstige;Benzin;1911;4
2019;Sonstige;Benzin;1912;2
2019;Sonstige;Benzin;1913;3
2019;Sonstige;Benzin;1914;5
2019;Sonstige;Benzin;1915;6
2019;Sonstige;Benzin;1916;3
2019;Sonstige;Benzin;1917;2
2019;Sonstige;Benzin;1918;2
2019;Sonstige;Benzin;1919;2
2019;Sonstige;Benzin;1920;2
2019;Sonstige;Benzin;1921;2
2019;Sonstige;Benzin;1922;6
2019;Sonstige;Benzin;1923;7
2019;Sonstige;Benzin;1924;11
2019;Sonstige;Benzin;1925;4
2019;Sonstige;Benzin;1926;16
2019;Sonstige;Benzin;1927;18
2019;Sonstige;Benzin;1928;40
2019;Sonstige;Benzin;1929;65
2019;Sonstige;Benzin;1930;60
2019;Sonstige;Benzin;1931;62
2019;Sonstige;Benzin;1932;41
2019;Sonstige;Benzin;1933;36
2019;Sonstige;Benzin;1934;56
2019;Sonstige;Benzin;1935;43
2019;Sonstige;Benzin;1936;70
2019;Sonstige;Benzin;1937;64
2019;Sonstige;Benzin;1938;78
2019;Sonstige;Benzin;1939;85
2019;Sonstige;Benzin;1940;12
2019;Sonstige;Benzin;1941;19
2019;Sonstige;Benzin;1942;22
2019;Sonstige;Benzin;1943;17
2019;Sonstige;Benzin;1944;27
2019;Sonstige;Benzin;1945;9
2019;Sonstige;Benzin;1946;9
2019;Sonstige;Benzin;1947;30
2019;Sonstige;Benzin;1948;34
2019;Sonstige;Benzin;1949;58
2019;Sonstige;Benzin;1950;98
2019;Sonstige;Benzin;1951;104
2019;Sonstige;Benzin;1952;140
2019;Sonstige;Benzin;1953;164
2019;Sonstige;Benzin;1954;176
2019;Sonstige;Benzin;1955;229
2019;Sonstige;Benzin;1956;319
2019;Sonstige;Benzin;1957;368
2019;Sonstige;Benzin;1958;450
2019;Sonstige;Benzin;1959;496
2019;Sonstige;Benzin;1960;529
2019;Sonstige;Benzin;1961;508
2019;Sonstige;Benzin;1962;588
2019;Sonstige;Benzin;1963;567
2019;Sonstige;Benzin;1964;732
2019;Sonstige;Benzin;1965;972
2019;Sonstige;Benzin;1966;1064
2019;Sonstige;Benzin;1967;1141
2019;Sonstige;Benzin;1968;1266
2019;Sonstige;Benzin;1969;1369
2019;Sonstige;Benzin;1970;1546
2019;Sonstige;Benzin;1971;1712
2019;Sonstige;Benzin;1972;1813
2019;Sonstige;Benzin;1973;1810
2019;Sonstige;Benzin;1974;1211
2019;Sonstige;Benzin;1975;1170
2019;Sonstige;Benzin;1976;1222
2019;Sonstige;Benzin;1977;1471
2019;Sonstige;Benzin;1978;1750
2019;Sonstige;Benzin;1979;2010
2019;Sonstige;Benzin;1980;1599
2019;Sonstige;Benzin;1981;1746
2019;Sonstige;Benzin;1982;2012
2019;Sonstige;Benzin;1983;2830
2019;Sonstige;Benzin;1984;2713
2019;Sonstige;Benzin;1985;2917
2019;Sonstige;Benzin;1986;4090
2019;Sonstige;Benzin;1987;6101
2019;Sonstige;Benzin;1988;8391
2019;Sonstige;Benzin;1989;12190
2019;Sonstige;Benzin;1990;2370
2019;Sonstige;Benzin;1991;2485
2019;Sonstige;Benzin;1992;2298
2019;Sonstige;Benzin;1993;2005
2019;Sonstige;Benzin;1994;2550
2019;Sonstige;Benzin;1995;3871
2019;Sonstige;Benzin;1996;5138
2019;Sonstige;Benzin;1997;4357
2019;Sonstige;Benzin;1998;3833
2019;Sonstige;Benzin;1999;2635
2019;Sonstige;Benzin;2000;3748
2019;Sonstige;Benzin;2001;3814
2019;Sonstige;Benzin;2002;4621
2019;Sonstige;Benzin;2003;4104
2019;Sonstige;Benzin;2004;4582
2019;Sonstige;Benzin;2005;3526
2019;Sonstige;Benzin;2006;1788
2019;Sonstige;Benzin;2007;887
2019;Sonstige;Benzin;2008;858
2019;Sonstige;Benzin;2009;958
2019;Sonstige;Benzin;2010;687
2019;Sonstige;Benzin;2011;587
2019;Sonstige;Benzin;2012;801
2019;Sonstige;Benzin;2013;831
2019;Sonstige;Benzin;2014;1098
2019;Sonstige;Benzin;2015;1347
2019;Sonstige;Benzin;2016;1619
2019;Sonstige;Benzin;2017;1906
2019;Sonstige;Benzin;2018;2216
2019;Sonstige;Benzin;2019;1976
2019;Sonstige;Benzin;fehlende/unplausible Angabe;2
2019;Sonstige;Diesel;1924;1
2019;Sonstige;Diesel;1928;1
2019;Sonstige;Diesel;1929;1
2019;Sonstige;Diesel;1945;1
2019;Sonstige;Diesel;1949;3
2019;Sonstige;Diesel;1950;4
2019;Sonstige;Diesel;1951;14
2019;Sonstige;Diesel;1952;12
2019;Sonstige;Diesel;1953;21
2019;Sonstige;Diesel;1954;10
2019;Sonstige;Diesel;1955;3
2019;Sonstige;Diesel;1956;7
2019;Sonstige;Diesel;1957;8
2019;Sonstige;Diesel;1958;14
2019;Sonstige;Diesel;1959;20
2019;Sonstige;Diesel;1960;12
2019;Sonstige;Diesel;1961;22
2019;Sonstige;Diesel;1962;11
2019;Sonstige;Diesel;1963;15
2019;Sonstige;Diesel;1964;32
2019;Sonstige;Diesel;1965;45
2019;Sonstige;Diesel;1966;45
2019;Sonstige;Diesel;1967;59
2019;Sonstige;Diesel;1968;49
2019;Sonstige;Diesel;1969;43
2019;Sonstige;Diesel;1970;42
2019;Sonstige;Diesel;1971;70
2019;Sonstige;Diesel;1972;85
2019;Sonstige;Diesel;1973;118
2019;Sonstige;Diesel;1974;79
2019;Sonstige;Diesel;1975;98
2019;Sonstige;Diesel;1976;136
2019;Sonstige;Diesel;1977;131
2019;Sonstige;Diesel;1978;161
2019;Sonstige;Diesel;1979;254
2019;Sonstige;Diesel;1980;278
2019;Sonstige;Diesel;1981;429
2019;Sonstige;Diesel;1982;612
2019;Sonstige;Diesel;1983;660
2019;Sonstige;Diesel;1984;645
2019;Sonstige;Diesel;1985;903
2019;Sonstige;Diesel;1986;1287
2019;Sonstige;Diesel;1987;1499
2019;Sonstige;Diesel;1988;1796
2019;Sonstige;Diesel;1989;2249
2019;Sonstige;Diesel;1990;70
2019;Sonstige;Diesel;1991;61
2019;Sonstige;Diesel;1992;83
2019;Sonstige;Diesel;1993;48
2019;Sonstige;Diesel;1994;112
2019;Sonstige;Diesel;1995;304
2019;Sonstige;Diesel;1996;425
2019;Sonstige;Diesel;1997;336
2019;Sonstige;Diesel;1998;312
2019;Sonstige;Diesel;1999;404
2019;Sonstige;Diesel;2000;1110
2019;Sonstige;Diesel;2001;1842
2019;Sonstige;Diesel;2002;1698
2019;Sonstige;Diesel;2003;1292
2019;Sonstige;Diesel;2004;1323
2019;Sonstige;Diesel;2005;747
2019;Sonstige;Diesel;2006;479
2019;Sonstige;Diesel;2007;221
2019;Sonstige;Diesel;2008;169
2019;Sonstige;Diesel;2009;134
2019;Sonstige;Diesel;2010;96
2019;Sonstige;Diesel;2011;237
2019;Sonstige;Diesel;2012;250
2019;Sonstige;Diesel;2013;142
2019;Sonstige;Diesel;2014;132
2019;Sonstige;Diesel;2015;139
2019;Sonstige;Diesel;2016;113
2019;Sonstige;Diesel;2017;162
2019;Sonstige;Diesel;2018;211
2019;Sonstige;Diesel;2019;131
2019;Sonstige;Elektro (BEV);1906;1
2019;Sonstige;Elektro (BEV);1960;1
2019;Sonstige;Elektro (BEV);1961;1
2019;Sonstige;Elektro (BEV);1969;1
2019;Sonstige;Elektro (BEV);1970;1
2019;Sonstige;Elektro (BEV);1972;2
2019;Sonstige;Elektro (BEV);1973;1
2019;Sonstige;Elektro (BEV);1979;1
2019;Sonstige;Elektro (BEV);1983;1
2019;Sonstige;Elektro (BEV);1984;2
2019;Sonstige;Elektro (BEV);1985;1
2019;Sonstige;Elektro (BEV);1986;1
2019;Sonstige;Elektro (BEV);1989;2
2019;Sonstige;Elektro (BEV);1990;2
2019;Sonstige;Elektro (BEV);1991;8
2019;Sonstige;Elektro (BEV);1992;11
2019;Sonstige;Elektro (BEV);1993;5
2019;Sonstige;Elektro (BEV);1994;7
2019;Sonstige;Elektro (BEV);1995;2
2019;Sonstige;Elektro (BEV);1996;4
2019;Sonstige;Elektro (BEV);1997;9
2019;Sonstige;Elektro (BEV);1998;8
2019;Sonstige;Elektro (BEV);1999;7
2019;Sonstige;Elektro (BEV);2000;7
2019;Sonstige;Elektro (BEV);2001;2
2019;Sonstige;Elektro (BEV);2002;4
2019;Sonstige;Elektro (BEV);2003;1
2019;Sonstige;Elektro (BEV);2005;4
2019;Sonstige;Elektro (BEV);2007;1
2019;Sonstige;Elektro (BEV);2008;2
2019;Sonstige;Elektro (BEV);2009;4
2019;Sonstige;Elektro (BEV);2010;16
2019;Sonstige;Elektro (BEV);2011;12
2019;Sonstige;Elektro (BEV);2012;20
2019;Sonstige;Elektro (BEV);2013;10
2019;Sonstige;Elektro (BEV);2014;31
2019;Sonstige;Elektro (BEV);2015;135
2019;Sonstige;Elektro (BEV);2016;235
2019;Sonstige;Elektro (BEV);2017;84
2019;Sonstige;Elektro (BEV);2018;100
2019;Sonstige;Elektro (BEV);2019;142
2019;Sonstige;Hybrid;1940;1
2019;Sonstige;Hybrid;1962;1
2019;Sonstige;Hybrid;1973;1
2019;Sonstige;Hybrid;1975;1
2019;Sonstige;Hybrid;1980;1
2019;Sonstige;Hybrid;1989;1
2019;Sonstige;Hybrid;2004;1
2019;Sonstige;Hybrid;2005;2
2019;Sonstige;Hybrid;2006;4
2019;Sonstige;Hybrid;2007;9
2019;Sonstige;Hybrid;2008;7
2019;Sonstige;Hybrid;2009;4
2019;Sonstige;Hybrid;2010;7
2019;Sonstige;Hybrid;2011;3
2019;Sonstige;Hybrid;2012;13
2019;Sonstige;Hybrid;2013;15
2019;Sonstige;Hybrid;2014;21
2019;Sonstige;Hybrid;2015;44
2019;Sonstige;Hybrid;2016;40
2019;Sonstige;Hybrid;2017;125
2019;Sonstige;Hybrid;2018;193
2019;Sonstige;Hybrid;2019;153
2019;Sonstige;Sonstige;1919;1
2019;Sonstige;Sonstige;1950;1
2019;Sonstige;Sonstige;1954;1
2019;Sonstige;Sonstige;1962;2
2019;Sonstige;Sonstige;1964;1
2019;Sonstige;Sonstige;1965;1
2019;Sonstige;Sonstige;1971;1
2019;Sonstige;Sonstige;1973;1
2019;Sonstige;Sonstige;1976;1
2019;Sonstige;Sonstige;1977;1
2019;Sonstige;Sonstige;1983;1
2019;Sonstige;Sonstige;1984;3
2019;Sonstige;Sonstige;1987;1
2019;Sonstige;Sonstige;1989;2
2019;Sonstige;Sonstige;1993;1
2019;Sonstige;Sonstige;1995;1
2019;Sonstige;Sonstige;1998;1
2019;Sonstige;Sonstige;1999;1
2019;Sonstige;Sonstige;2000;1
2019;Sonstige;Sonstige;2002;1
2019;Sonstige;Sonstige;2003;2
2019;Sonstige;Sonstige;2005;1
2019;Sonstige;Sonstige;2006;2
2019;Sonstige;Sonstige;2007;1
2019;Sonstige;Sonstige;2008;3
2019;Sonstige;Sonstige;2009;2
2019;Sonstige;Sonstige;2011;2
2019;Sonstige;Sonstige;2012;1
2019;Sonstige;Sonstige;2013;4
2019;Sonstige;Sonstige;2014;1
2019;Sonstige;Sonstige;2015;2
2019;Sonstige;Sonstige;2016;23
2019;Sonstige;Sonstige;2017;12
2019;Sonstige;Sonstige;2018;4
2019;Sonstige;Sonstige;2019;3
2019;Sonstige;Flüssiggas (LPG) (einschl. bivalent);1957;1
2019;Sonstige;Flüssiggas (LPG) (einschl. bivalent);1960;2
2019;Sonstige;Flüssiggas (LPG) (einschl. bivalent);1964;2
2019;Sonstige;Flüssiggas (LPG) (einschl. bivalent);1965;5
2019;Sonstige;Flüssiggas (LPG) (einschl. bivalent);1966;2
2019;Sonstige;Flüssiggas (LPG) (einschl. bivalent);1967;4
2019;Sonstige;Flüssiggas (LPG) (einschl. bivalent);1968;2
2019;Sonstige;Flüssiggas (LPG) (einschl. bivalent);1969;2
2019;Sonstige;Flüssiggas (LPG) (einschl. bivalent);1970;5
2019;Sonstige;Flüssiggas (LPG) (einschl. bivalent);1971;10
2019;Sonstige;Flüssiggas (LPG) (einschl. bivalent);1972;5
2019;Sonstige;Flüssiggas (LPG) (einschl. bivalent);1973;7
2019;Sonstige;Flüssiggas (LPG) (einschl. bivalent);1974;5
2019;Sonstige;Flüssiggas (LPG) (einschl. bivalent);1975;3
2019;Sonstige;Flüssiggas (LPG) (einschl. bivalent);1976;5
2019;Sonstige;Flüssiggas (LPG) (einschl. bivalent);1977;7
2019;Sonstige;Flüssiggas (LPG) (einschl. bivalent);1978;9
2019;Sonstige;Flüssiggas (LPG) (einschl. bivalent);1979;13
2019;Sonstige;Flüssiggas (LPG) (einschl. bivalent);1980;18
2019;Sonstige;Flüssiggas (LPG) (einschl. bivalent);1981;16
2019;Sonstige;Flüssiggas (LPG) (einschl. bivalent);1982;17
2019;Sonstige;Flüssiggas (LPG) (einschl. bivalent);1983;25
2019;Sonstige;Flüssiggas (LPG) (einschl. bivalent);1984;42
2019;Sonstige;Flüssiggas (LPG) (einschl. bivalent);1985;21
2019;Sonstige;Flüssiggas (LPG) (einschl. bivalent);1986;38
2019;Sonstige;Flüssiggas (LPG) (einschl. bivalent);1987;74
2019;Sonstige;Flüssiggas (LPG) (einschl. bivalent);1988;94
2019;Sonstige;Flüssiggas (LPG) (einschl. bivalent);1989;147
2019;Sonstige;Flüssiggas (LPG) (einschl. bivalent);1990;40
2019;Sonstige;Flüssiggas (LPG) (einschl. bivalent);1991;64
2019;Sonstige;Flüssiggas (LPG) (einschl. bivalent);1992;49
2019;Sonstige;Flüssiggas (LPG) (einschl. bivalent);1993;41
2019;Sonstige;Flüssiggas (LPG) (einschl. bivalent);1994;54
2019;Sonstige;Flüssiggas (LPG) (einschl. bivalent);1995;94
2019;Sonstige;Flüssiggas (LPG) (einschl. bivalent);1996;122
2019;Sonstige;Flüssiggas (LPG) (einschl. bivalent);1997;160
2019;Sonstige;Flüssiggas (LPG) (einschl. bivalent);1998;160
2019;Sonstige;Flüssiggas (LPG) (einschl. bivalent);1999;130
2019;Sonstige;Flüssiggas (LPG) (einschl. bivalent);2000;163
2019;Sonstige;Flüssiggas (LPG) (einschl. bivalent);2001;194
2019;Sonstige;Flüssiggas (LPG) (einschl. bivalent);2002;154
2019;Sonstige;Flüssiggas (LPG) (einschl. bivalent);2003;154
2019;Sonstige;Flüssiggas (LPG) (einschl. bivalent);2004;200
2019;Sonstige;Flüssiggas (LPG) (einschl. bivalent);2005;247
2019;Sonstige;Flüssiggas (LPG) (einschl. bivalent);2006;191
2019;Sonstige;Flüssiggas (LPG) (einschl. bivalent);2007;127
2019;Sonstige;Flüssiggas (LPG) (einschl. bivalent);2008;135
2019;Sonstige;Flüssiggas (LPG) (einschl. bivalent);2009;84
2019;Sonstige;Flüssiggas (LPG) (einschl. bivalent);2010;47
2019;Sonstige;Flüssiggas (LPG) (einschl. bivalent);2011;54
2019;Sonstige;Flüssiggas (LPG) (einschl. bivalent);2012;45
2019;Sonstige;Flüssiggas (LPG) (einschl. bivalent);2013;35
2019;Sonstige;Flüssiggas (LPG) (einschl. bivalent);2014;33
2019;Sonstige;Flüssiggas (LPG) (einschl. bivalent);2015;54
2019;Sonstige;Flüssiggas (LPG) (einschl. bivalent);2016;71
2019;Sonstige;Flüssiggas (LPG) (einschl. bivalent);2017;59
2019;Sonstige;Flüssiggas (LPG) (einschl. bivalent);2018;42
2019;Sonstige;Flüssiggas (LPG) (einschl. bivalent);2019;26
2019;Sonstige;Erdgas (CNG) (einschl. bivalent);1968;1
2019;Sonstige;Erdgas (CNG) (einschl. bivalent);1973;1
2019;Sonstige;Erdgas (CNG) (einschl. bivalent);1997;1
2019;Sonstige;Erdgas (CNG) (einschl. bivalent);1998;1
2019;Sonstige;Erdgas (CNG) (einschl. bivalent);2000;2
2019;Sonstige;Erdgas (CNG) (einschl. bivalent);2001;3
2019;Sonstige;Erdgas (CNG) (einschl. bivalent);2002;3
2019;Sonstige;Erdgas (CNG) (einschl. bivalent);2003;17
2019;Sonstige;Erdgas (CNG) (einschl. bivalent);2005;1
2019;Sonstige;Erdgas (CNG) (einschl. bivalent);2012;1
2019;Sonstige;Erdgas (CNG) (einschl. bivalent);2013;1
2019;Sonstige;Erdgas (CNG) (einschl. bivalent);2014;1
2019;Sonstige;Erdgas (CNG) (einschl. bivalent);2019;4
2020;Minis;Benzin;1990;83
2020;Minis;Benzin;1991;190
2020;Minis;Benzin;1992;241
2020;Minis;Benzin;1993;485
2020;Minis;Benzin;1994;654
2020;Minis;Benzin;1995;1148
2020;Minis;Benzin;1996;1899
2020;Minis;Benzin;1997;4081
2020;Minis;Benzin;1998;8356
2020;Minis;Benzin;1999;19758
2020;Minis;Benzin;2000;19861
2020;Minis;Benzin;2001;25331
2020;Minis;Benzin;2002;22668
2020;Minis;Benzin;2003;21077
2020;Minis;Benzin;2004;17411
2020;Minis;Benzin;2005;21306
2020;Minis;Benzin;2006;20379
2020;Minis;Benzin;2007;19726
2020;Minis;Benzin;2008;18904
2020;Minis;Benzin;2009;35403
2020;Minis;Benzin;2010;18753
2020;Minis;Benzin;2011;15797
2020;Minis;Benzin;2012;17612
2020;Minis;Benzin;2013;16806
2020;Minis;Benzin;2014;16758
2020;Minis;Benzin;2015;21081
2020;Minis;Benzin;2016;27651
2020;Minis;Benzin;2017;30490
2020;Minis;Benzin;2018;16616
2020;Minis;Benzin;2019;27856
2020;Minis;Benzin;2020;25387
2020;Minis;Diesel;1993;3
2020;Minis;Diesel;1994;3
2020;Minis;Diesel;1995;2
2020;Minis;Diesel;1996;3
2020;Minis;Diesel;1997;9
2020;Minis;Diesel;1998;93
2020;Minis;Diesel;1999;480
2020;Minis;Diesel;2000;1475
2020;Minis;Diesel;2001;1776
2020;Minis;Diesel;2002;1471
2020;Minis;Diesel;2003;1132
2020;Minis;Diesel;2004;833
2020;Minis;Diesel;2005;882
2020;Minis;Diesel;2006;981
2020;Minis;Diesel;2007;1039
2020;Minis;Diesel;2008;1260
2020;Minis;Diesel;2009;937
2020;Minis;Diesel;2010;696
2020;Minis;Diesel;2011;582
2020;Minis;Diesel;2012;362
2020;Minis;Diesel;2013;463
2020;Minis;Diesel;2014;241
2020;Minis;Diesel;2015;320
2020;Minis;Diesel;2016;294
2020;Minis;Diesel;2017;152
2020;Minis;Diesel;2018;46
2020;Minis;Diesel;2019;39
2020;Minis;Diesel;2020;717
2020;Minis;Elektro (BEV);1996;1
2020;Minis;Elektro (BEV);1997;2
2020;Minis;Elektro (BEV);1998;6
2020;Minis;Elektro (BEV);1999;1
2020;Minis;Elektro (BEV);2000;4
2020;Minis;Elektro (BEV);2001;4
2020;Minis;Elektro (BEV);2002;1
2020;Minis;Elektro (BEV);2006;1
2020;Minis;Elektro (BEV);2009;1
2020;Minis;Elektro (BEV);2010;12
2020;Minis;Elektro (BEV);2011;146
2020;Minis;Elektro (BEV);2012;140
2020;Minis;Elektro (BEV);2013;163
2020;Minis;Elektro (BEV);2014;232
2020;Minis;Elektro (BEV);2015;175
2020;Minis;Elektro (BEV);2016;167
2020;Minis;Elektro (BEV);2017;970
2020;Minis;Elektro (BEV);2018;858
2020;Minis;Elektro (BEV);2019;720
2020;Minis;Elektro (BEV);2020;1067
2020;Minis;Hybrid;2001;1
2020;Minis;Hybrid;2002;1
2020;Minis;Hybrid;2003;1
2020;Minis;Hybrid;2006;1
2020;Minis;Hybrid;2020;5826
2020;Minis;Sonstige;2008;1
2020;Minis;Flüssiggas (LPG) (einschl. bivalent);1995;2
2020;Minis;Flüssiggas (LPG) (einschl. bivalent);1996;5
2020;Minis;Flüssiggas (LPG) (einschl. bivalent);1997;4
2020;Minis;Flüssiggas (LPG) (einschl. bivalent);1998;16
2020;Minis;Flüssiggas (LPG) (einschl. bivalent);1999;36
2020;Minis;Flüssiggas (LPG) (einschl. bivalent);2000;48
2020;Minis;Flüssiggas (LPG) (einschl. bivalent);2001;63
2020;Minis;Flüssiggas (LPG) (einschl. bivalent);2002;74
2020;Minis;Flüssiggas (LPG) (einschl. bivalent);2003;87
2020;Minis;Flüssiggas (LPG) (einschl. bivalent);2004;97
2020;Minis;Flüssiggas (LPG) (einschl. bivalent);2005;168
2020;Minis;Flüssiggas (LPG) (einschl. bivalent);2006;188
2020;Minis;Flüssiggas (LPG) (einschl. bivalent);2007;249
2020;Minis;Flüssiggas (LPG) (einschl. bivalent);2008;314
2020;Minis;Flüssiggas (LPG) (einschl. bivalent);2009;284
2020;Minis;Flüssiggas (LPG) (einschl. bivalent);2010;148
2020;Minis;Flüssiggas (LPG) (einschl. bivalent);2011;113
2020;Minis;Flüssiggas (LPG) (einschl. bivalent);2012;133
2020;Minis;Flüssiggas (LPG) (einschl. bivalent);2013;48
2020;Minis;Flüssiggas (LPG) (einschl. bivalent);2014;117
2020;Minis;Flüssiggas (LPG) (einschl. bivalent);2015;129
2020;Minis;Flüssiggas (LPG) (einschl. bivalent);2016;88
2020;Minis;Flüssiggas (LPG) (einschl. bivalent);2017;79
2020;Minis;Flüssiggas (LPG) (einschl. bivalent);2018;23
2020;Minis;Flüssiggas (LPG) (einschl. bivalent);2019;30
2020;Minis;Flüssiggas (LPG) (einschl. bivalent);2020;59
2020;Minis;Erdgas (CNG) (einschl. bivalent);1999;2
2020;Minis;Erdgas (CNG) (einschl. bivalent);2000;4
2020;Minis;Erdgas (CNG) (einschl. bivalent);2001;7
2020;Minis;Erdgas (CNG) (einschl. bivalent);2002;4
2020;Minis;Erdgas (CNG) (einschl. bivalent);2003;8
2020;Minis;Erdgas (CNG) (einschl. bivalent);2004;2
2020;Minis;Erdgas (CNG) (einschl. bivalent);2005;9
2020;Minis;Erdgas (CNG) (einschl. bivalent);2006;3
2020;Minis;Erdgas (CNG) (einschl. bivalent);2007;77
2020;Minis;Erdgas (CNG) (einschl. bivalent);2008;96
2020;Minis;Erdgas (CNG) (einschl. bivalent);2009;61
2020;Minis;Erdgas (CNG) (einschl. bivalent);2010;24
2020;Minis;Erdgas (CNG) (einschl. bivalent);2011;27
2020;Minis;Erdgas (CNG) (einschl. bivalent);2012;13
2020;Minis;Erdgas (CNG) (einschl. bivalent);2013;311
2020;Minis;Erdgas (CNG) (einschl. bivalent);2014;208
2020;Minis;Erdgas (CNG) (einschl. bivalent);2015;157
2020;Minis;Erdgas (CNG) (einschl. bivalent);2016;185
2020;Minis;Erdgas (CNG) (einschl. bivalent);2017;195
2020;Minis;Erdgas (CNG) (einschl. bivalent);2018;72
2020;Minis;Erdgas (CNG) (einschl. bivalent);2019;79
2020;Minis;Erdgas (CNG) (einschl. bivalent);2020;16
2020;Kleinwagen;Benzin;1990;1003
2020;Kleinwagen;Benzin;1991;2321
2020;Kleinwagen;Benzin;1992;2230
2020;Kleinwagen;Benzin;1993;3103
2020;Kleinwagen;Benzin;1994;4126
2020;Kleinwagen;Benzin;1995;12037
2020;Kleinwagen;Benzin;1996;17625
2020;Kleinwagen;Benzin;1997;26344
2020;Kleinwagen;Benzin;1998;27145
2020;Kleinwagen;Benzin;1999;42012
2020;Kleinwagen;Benzin;2000;44859
2020;Kleinwagen;Benzin;2001;63116
2020;Kleinwagen;Benzin;2002;64700
2020;Kleinwagen;Benzin;2003;79718
2020;Kleinwagen;Benzin;2004;64001
2020;Kleinwagen;Benzin;2005;69417
2020;Kleinwagen;Benzin;2006;65235
2020;Kleinwagen;Benzin;2007;62077
2020;Kleinwagen;Benzin;2008;53023
2020;Kleinwagen;Benzin;2009;80476
2020;Kleinwagen;Benzin;2010;45158
2020;Kleinwagen;Benzin;2011;45958
2020;Kleinwagen;Benzin;2012;37032
2020;Kleinwagen;Benzin;2013;30839
2020;Kleinwagen;Benzin;2014;29530
2020;Kleinwagen;Benzin;2015;35900
2020;Kleinwagen;Benzin;2016;50720
2020;Kleinwagen;Benzin;2017;63192
2020;Kleinwagen;Benzin;2018;31877
2020;Kleinwagen;Benzin;2019;77240
2020;Kleinwagen;Benzin;2020;50366
2020;Kleinwagen;Diesel;1990;3
2020;Kleinwagen;Diesel;1991;13
2020;Kleinwagen;Diesel;1992;20
2020;Kleinwagen;Diesel;1993;18
2020;Kleinwagen;Diesel;1994;14
2020;Kleinwagen;Diesel;1995;19
2020;Kleinwagen;Diesel;1996;31
2020;Kleinwagen;Diesel;1997;52
2020;Kleinwagen;Diesel;1998;178
2020;Kleinwagen;Diesel;1999;263
2020;Kleinwagen;Diesel;2000;1033
2020;Kleinwagen;Diesel;2001;2086
2020;Kleinwagen;Diesel;2002;3717
2020;Kleinwagen;Diesel;2003;5444
2020;Kleinwagen;Diesel;2004;6865
2020;Kleinwagen;Diesel;2005;7055
2020;Kleinwagen;Diesel;2006;7590
2020;Kleinwagen;Diesel;2007;8749
2020;Kleinwagen;Diesel;2008;6943
2020;Kleinwagen;Diesel;2009;6763
2020;Kleinwagen;Diesel;2010;6501
2020;Kleinwagen;Diesel;2011;8271
2020;Kleinwagen;Diesel;2012;6836
2020;Kleinwagen;Diesel;2013;5808
2020;Kleinwagen;Diesel;2014;5189
2020;Kleinwagen;Diesel;2015;9292
2020;Kleinwagen;Diesel;2016;8529
2020;Kleinwagen;Diesel;2017;8908
2020;Kleinwagen;Diesel;2018;4460
2020;Kleinwagen;Diesel;2019;2681
2020;Kleinwagen;Diesel;2020;1840
2020;Kleinwagen;Elektro (BEV);1992;1
2020;Kleinwagen;Elektro (BEV);1996;1
2020;Kleinwagen;Elektro (BEV);1997;8
2020;Kleinwagen;Elektro (BEV);1998;7
2020;Kleinwagen;Elektro (BEV);1999;5
2020;Kleinwagen;Elektro (BEV);2000;1
2020;Kleinwagen;Elektro (BEV);2002;5
2020;Kleinwagen;Elektro (BEV);2004;1
2020;Kleinwagen;Elektro (BEV);2005;1
2020;Kleinwagen;Elektro (BEV);2012;6
2020;Kleinwagen;Elektro (BEV);2013;260
2020;Kleinwagen;Elektro (BEV);2014;381
2020;Kleinwagen;Elektro (BEV);2015;556
2020;Kleinwagen;Elektro (BEV);2016;723
2020;Kleinwagen;Elektro (BEV);2017;1867
2020;Kleinwagen;Elektro (BEV);2018;2018
2020;Kleinwagen;Elektro (BEV);2019;3047
2020;Kleinwagen;Elektro (BEV);2020;1601
2020;Kleinwagen;Hybrid;1999;1
2020;Kleinwagen;Hybrid;2003;1
2020;Kleinwagen;Hybrid;2011;93
2020;Kleinwagen;Hybrid;2012;419
2020;Kleinwagen;Hybrid;2013;577
2020;Kleinwagen;Hybrid;2014;645
2020;Kleinwagen;Hybrid;2015;661
2020;Kleinwagen;Hybrid;2016;1087
2020;Kleinwagen;Hybrid;2017;1991
2020;Kleinwagen;Hybrid;2018;1562
2020;Kleinwagen;Hybrid;2019;1693
2020;Kleinwagen;Hybrid;2020;6031
2020;Kleinwagen;Sonstige;1998;2
2020;Kleinwagen;Sonstige;2000;1
2020;Kleinwagen;Sonstige;2001;2
2020;Kleinwagen;Sonstige;2002;1
2020;Kleinwagen;Sonstige;2003;1
2020;Kleinwagen;Sonstige;2004;2
2020;Kleinwagen;Sonstige;2005;3
2020;Kleinwagen;Sonstige;2006;2
2020;Kleinwagen;Sonstige;2007;4
2020;Kleinwagen;Sonstige;2008;5
2020;Kleinwagen;Sonstige;2009;3
2020;Kleinwagen;Sonstige;2010;1
2020;Kleinwagen;Sonstige;2013;1
2020;Kleinwagen;Flüssiggas (LPG) (einschl. bivalent);1990;2
2020;Kleinwagen;Flüssiggas (LPG) (einschl. bivalent);1991;1
2020;Kleinwagen;Flüssiggas (LPG) (einschl. bivalent);1992;4
2020;Kleinwagen;Flüssiggas (LPG) (einschl. bivalent);1993;10
2020;Kleinwagen;Flüssiggas (LPG) (einschl. bivalent);1994;10
2020;Kleinwagen;Flüssiggas (LPG) (einschl. bivalent);1995;37
2020;Kleinwagen;Flüssiggas (LPG) (einschl. bivalent);1996;52
2020;Kleinwagen;Flüssiggas (LPG) (einschl. bivalent);1997;59
2020;Kleinwagen;Flüssiggas (LPG) (einschl. bivalent);1998;58
2020;Kleinwagen;Flüssiggas (LPG) (einschl. bivalent);1999;113
2020;Kleinwagen;Flüssiggas (LPG) (einschl. bivalent);2000;135
2020;Kleinwagen;Flüssiggas (LPG) (einschl. bivalent);2001;250
2020;Kleinwagen;Flüssiggas (LPG) (einschl. bivalent);2002;369
2020;Kleinwagen;Flüssiggas (LPG) (einschl. bivalent);2003;509
2020;Kleinwagen;Flüssiggas (LPG) (einschl. bivalent);2004;490
2020;Kleinwagen;Flüssiggas (LPG) (einschl. bivalent);2005;748
2020;Kleinwagen;Flüssiggas (LPG) (einschl. bivalent);2006;923
2020;Kleinwagen;Flüssiggas (LPG) (einschl. bivalent);2007;1149
2020;Kleinwagen;Flüssiggas (LPG) (einschl. bivalent);2008;1248
2020;Kleinwagen;Flüssiggas (LPG) (einschl. bivalent);2009;1034
2020;Kleinwagen;Flüssiggas (LPG) (einschl. bivalent);2010;486
2020;Kleinwagen;Flüssiggas (LPG) (einschl. bivalent);2011;369
2020;Kleinwagen;Flüssiggas (LPG) (einschl. bivalent);2012;293
2020;Kleinwagen;Flüssiggas (LPG) (einschl. bivalent);2013;140
2020;Kleinwagen;Flüssiggas (LPG) (einschl. bivalent);2014;87
2020;Kleinwagen;Flüssiggas (LPG) (einschl. bivalent);2015;34
2020;Kleinwagen;Flüssiggas (LPG) (einschl. bivalent);2016;36
2020;Kleinwagen;Flüssiggas (LPG) (einschl. bivalent);2017;42
2020;Kleinwagen;Flüssiggas (LPG) (einschl. bivalent);2018;30
2020;Kleinwagen;Flüssiggas (LPG) (einschl. bivalent);2019;11
2020;Kleinwagen;Flüssiggas (LPG) (einschl. bivalent);2020;31
2020;Kleinwagen;Erdgas (CNG) (einschl. bivalent);1995;1
2020;Kleinwagen;Erdgas (CNG) (einschl. bivalent);1997;3
2020;Kleinwagen;Erdgas (CNG) (einschl. bivalent);1998;3
2020;Kleinwagen;Erdgas (CNG) (einschl. bivalent);1999;6
2020;Kleinwagen;Erdgas (CNG) (einschl. bivalent);2000;7
2020;Kleinwagen;Erdgas (CNG) (einschl. bivalent);2001;8
2020;Kleinwagen;Erdgas (CNG) (einschl. bivalent);2002;9
2020;Kleinwagen;Erdgas (CNG) (einschl. bivalent);2003;11
2020;Kleinwagen;Erdgas (CNG) (einschl. bivalent);2004;38
2020;Kleinwagen;Erdgas (CNG) (einschl. bivalent);2005;107
2020;Kleinwagen;Erdgas (CNG) (einschl. bivalent);2006;96
2020;Kleinwagen;Erdgas (CNG) (einschl. bivalent);2007;41
2020;Kleinwagen;Erdgas (CNG) (einschl. bivalent);2008;31
2020;Kleinwagen;Erdgas (CNG) (einschl. bivalent);2009;64
2020;Kleinwagen;Erdgas (CNG) (einschl. bivalent);2010;26
2020;Kleinwagen;Erdgas (CNG) (einschl. bivalent);2011;31
2020;Kleinwagen;Erdgas (CNG) (einschl. bivalent);2012;16
2020;Kleinwagen;Erdgas (CNG) (einschl. bivalent);2013;2
2020;Kleinwagen;Erdgas (CNG) (einschl. bivalent);2014;17
2020;Kleinwagen;Erdgas (CNG) (einschl. bivalent);2015;6
2020;Kleinwagen;Erdgas (CNG) (einschl. bivalent);2016;3
2020;Kleinwagen;Erdgas (CNG) (einschl. bivalent);2017;8
2020;Kleinwagen;Erdgas (CNG) (einschl. bivalent);2018;199
2020;Kleinwagen;Erdgas (CNG) (einschl. bivalent);2019;207
2020;Kleinwagen;Erdgas (CNG) (einschl. bivalent);2020;101
2020;Kompaktklasse;Benzin;1990;4112
2020;Kompaktklasse;Benzin;1991;5618
2020;Kompaktklasse;Benzin;1992;5160
2020;Kompaktklasse;Benzin;1993;7203
2020;Kompaktklasse;Benzin;1994;9063
2020;Kompaktklasse;Benzin;1995;14901
2020;Kompaktklasse;Benzin;1996;18352
2020;Kompaktklasse;Benzin;1997;28801
2020;Kompaktklasse;Benzin;1998;51369
2020;Kompaktklasse;Benzin;1999;78930
2020;Kompaktklasse;Benzin;2000;60091
2020;Kompaktklasse;Benzin;2001;63495
2020;Kompaktklasse;Benzin;2002;55912
2020;Kompaktklasse;Benzin;2003;57104
2020;Kompaktklasse;Benzin;2004;55633
2020;Kompaktklasse;Benzin;2005;64062
2020;Kompaktklasse;Benzin;2006;53793
2020;Kompaktklasse;Benzin;2007;45657
2020;Kompaktklasse;Benzin;2008;47999
2020;Kompaktklasse;Benzin;2009;71534
2020;Kompaktklasse;Benzin;2010;46862
2020;Kompaktklasse;Benzin;2011;42068
2020;Kompaktklasse;Benzin;2012;35622
2020;Kompaktklasse;Benzin;2013;35495
2020;Kompaktklasse;Benzin;2014;35387
2020;Kompaktklasse;Benzin;2015;42036
2020;Kompaktklasse;Benzin;2016;57830
2020;Kompaktklasse;Benzin;2017;69812
2020;Kompaktklasse;Benzin;2018;36826
2020;Kompaktklasse;Benzin;2019;126400
2020;Kompaktklasse;Benzin;2020;58543
2020;Kompaktklasse;Diesel;1990;112
2020;Kompaktklasse;Diesel;1991;211
2020;Kompaktklasse;Diesel;1992;122
2020;Kompaktklasse;Diesel;1993;101
2020;Kompaktklasse;Diesel;1994;152
2020;Kompaktklasse;Diesel;1995;259
2020;Kompaktklasse;Diesel;1996;486
2020;Kompaktklasse;Diesel;1997;745
2020;Kompaktklasse;Diesel;1998;2266
2020;Kompaktklasse;Diesel;1999;6080
2020;Kompaktklasse;Diesel;2000;8148
2020;Kompaktklasse;Diesel;2001;10418
2020;Kompaktklasse;Diesel;2002;12928
2020;Kompaktklasse;Diesel;2003;15632
2020;Kompaktklasse;Diesel;2004;18479
2020;Kompaktklasse;Diesel;2005;24212
2020;Kompaktklasse;Diesel;2006;26608
2020;Kompaktklasse;Diesel;2007;31642
2020;Kompaktklasse;Diesel;2008;29064
2020;Kompaktklasse;Diesel;2009;24731
2020;Kompaktklasse;Diesel;2010;25123
2020;Kompaktklasse;Diesel;2011;29800
2020;Kompaktklasse;Diesel;2012;25321
2020;Kompaktklasse;Diesel;2013;24557
2020;Kompaktklasse;Diesel;2014;28372
2020;Kompaktklasse;Diesel;2015;46281
2020;Kompaktklasse;Diesel;2016;55021
2020;Kompaktklasse;Diesel;2017;62097
2020;Kompaktklasse;Diesel;2018;18674
2020;Kompaktklasse;Diesel;2019;41462
2020;Kompaktklasse;Diesel;2020;18454
2020;Kompaktklasse;Elektro (BEV);1990;1
2020;Kompaktklasse;Elektro (BEV);1995;1
2020;Kompaktklasse;Elektro (BEV);2000;1
2020;Kompaktklasse;Elektro (BEV);2010;1
2020;Kompaktklasse;Elektro (BEV);2011;12
2020;Kompaktklasse;Elektro (BEV);2012;79
2020;Kompaktklasse;Elektro (BEV);2013;72
2020;Kompaktklasse;Elektro (BEV);2014;97
2020;Kompaktklasse;Elektro (BEV);2015;150
2020;Kompaktklasse;Elektro (BEV);2016;293
2020;Kompaktklasse;Elektro (BEV);2017;925
2020;Kompaktklasse;Elektro (BEV);2018;899
2020;Kompaktklasse;Elektro (BEV);2019;2001
2020;Kompaktklasse;Elektro (BEV);2020;1507
2020;Kompaktklasse;Hybrid;1998;1
2020;Kompaktklasse;Hybrid;2001;1
2020;Kompaktklasse;Hybrid;2002;1
2020;Kompaktklasse;Hybrid;2003;16
2020;Kompaktklasse;Hybrid;2004;126
2020;Kompaktklasse;Hybrid;2005;226
2020;Kompaktklasse;Hybrid;2006;316
2020;Kompaktklasse;Hybrid;2007;472
2020;Kompaktklasse;Hybrid;2008;371
2020;Kompaktklasse;Hybrid;2009;459
2020;Kompaktklasse;Hybrid;2010;508
2020;Kompaktklasse;Hybrid;2011;637
2020;Kompaktklasse;Hybrid;2012;708
2020;Kompaktklasse;Hybrid;2013;958
2020;Kompaktklasse;Hybrid;2014;988
2020;Kompaktklasse;Hybrid;2015;2482
2020;Kompaktklasse;Hybrid;2016;2522
2020;Kompaktklasse;Hybrid;2017;5716
2020;Kompaktklasse;Hybrid;2018;2828
2020;Kompaktklasse;Hybrid;2019;4503
2020;Kompaktklasse;Hybrid;2020;6079
2020;Kompaktklasse;Sonstige;1995;1
2020;Kompaktklasse;Sonstige;1996;1
2020;Kompaktklasse;Sonstige;1998;1
2020;Kompaktklasse;Sonstige;2000;2
2020;Kompaktklasse;Sonstige;2001;1
2020;Kompaktklasse;Sonstige;2002;1
2020;Kompaktklasse;Sonstige;2005;1
2020;Kompaktklasse;Sonstige;2007;2
2020;Kompaktklasse;Sonstige;2008;2
2020;Kompaktklasse;Sonstige;2009;66
2020;Kompaktklasse;Sonstige;2010;34
2020;Kompaktklasse;Sonstige;2011;123
2020;Kompaktklasse;Sonstige;2012;147
2020;Kompaktklasse;Sonstige;2013;18
2020;Kompaktklasse;Sonstige;2014;7
2020;Kompaktklasse;Sonstige;2016;1
2020;Kompaktklasse;Flüssiggas (LPG) (einschl. bivalent);1990;17
2020;Kompaktklasse;Flüssiggas (LPG) (einschl. bivalent);1991;27
2020;Kompaktklasse;Flüssiggas (LPG) (einschl. bivalent);1992;26
2020;Kompaktklasse;Flüssiggas (LPG) (einschl. bivalent);1993;29
2020;Kompaktklasse;Flüssiggas (LPG) (einschl. bivalent);1994;48
2020;Kompaktklasse;Flüssiggas (LPG) (einschl. bivalent);1995;70
2020;Kompaktklasse;Flüssiggas (LPG) (einschl. bivalent);1996;99
2020;Kompaktklasse;Flüssiggas (LPG) (einschl. bivalent);1997;205
2020;Kompaktklasse;Flüssiggas (LPG) (einschl. bivalent);1998;457
2020;Kompaktklasse;Flüssiggas (LPG) (einschl. bivalent);1999;740
2020;Kompaktklasse;Flüssiggas (LPG) (einschl. bivalent);2000;682
2020;Kompaktklasse;Flüssiggas (LPG) (einschl. bivalent);2001;670
2020;Kompaktklasse;Flüssiggas (LPG) (einschl. bivalent);2002;743
2020;Kompaktklasse;Flüssiggas (LPG) (einschl. bivalent);2003;960
2020;Kompaktklasse;Flüssiggas (LPG) (einschl. bivalent);2004;998
2020;Kompaktklasse;Flüssiggas (LPG) (einschl. bivalent);2005;1382
2020;Kompaktklasse;Flüssiggas (LPG) (einschl. bivalent);2006;1310
2020;Kompaktklasse;Flüssiggas (LPG) (einschl. bivalent);2007;1490
2020;Kompaktklasse;Flüssiggas (LPG) (einschl. bivalent);2008;1820
2020;Kompaktklasse;Flüssiggas (LPG) (einschl. bivalent);2009;1350
2020;Kompaktklasse;Flüssiggas (LPG) (einschl. bivalent);2010;782
2020;Kompaktklasse;Flüssiggas (LPG) (einschl. bivalent);2011;422
2020;Kompaktklasse;Flüssiggas (LPG) (einschl. bivalent);2012;632
2020;Kompaktklasse;Flüssiggas (LPG) (einschl. bivalent);2013;301
2020;Kompaktklasse;Flüssiggas (LPG) (einschl. bivalent);2014;213
2020;Kompaktklasse;Flüssiggas (LPG) (einschl. bivalent);2015;135
2020;Kompaktklasse;Flüssiggas (LPG) (einschl. bivalent);2016;83
2020;Kompaktklasse;Flüssiggas (LPG) (einschl. bivalent);2017;103
2020;Kompaktklasse;Flüssiggas (LPG) (einschl. bivalent);2018;82
2020;Kompaktklasse;Flüssiggas (LPG) (einschl. bivalent);2019;79
2020;Kompaktklasse;Flüssiggas (LPG) (einschl. bivalent);2020;457
2020;Kompaktklasse;Erdgas (CNG) (einschl. bivalent);1997;1
2020;Kompaktklasse;Erdgas (CNG) (einschl. bivalent);1998;6
2020;Kompaktklasse;Erdgas (CNG) (einschl. bivalent);1999;14
2020;Kompaktklasse;Erdgas (CNG) (einschl. bivalent);2000;15
2020;Kompaktklasse;Erdgas (CNG) (einschl. bivalent);2001;11
2020;Kompaktklasse;Erdgas (CNG) (einschl. bivalent);2002;20
2020;Kompaktklasse;Erdgas (CNG) (einschl. bivalent);2003;146
2020;Kompaktklasse;Erdgas (CNG) (einschl. bivalent);2004;151
2020;Kompaktklasse;Erdgas (CNG) (einschl. bivalent);2005;111
2020;Kompaktklasse;Erdgas (CNG) (einschl. bivalent);2006;28
2020;Kompaktklasse;Erdgas (CNG) (einschl. bivalent);2007;8
2020;Kompaktklasse;Erdgas (CNG) (einschl. bivalent);2008;10
2020;Kompaktklasse;Erdgas (CNG) (einschl. bivalent);2009;8
2020;Kompaktklasse;Erdgas (CNG) (einschl. bivalent);2011;4
2020;Kompaktklasse;Erdgas (CNG) (einschl. bivalent);2013;1
2020;Kompaktklasse;Erdgas (CNG) (einschl. bivalent);2014;133
2020;Kompaktklasse;Erdgas (CNG) (einschl. bivalent);2015;191
2020;Kompaktklasse;Erdgas (CNG) (einschl. bivalent);2016;162
2020;Kompaktklasse;Erdgas (CNG) (einschl. bivalent);2017;146
2020;Kompaktklasse;Erdgas (CNG) (einschl. bivalent);2018;420
2020;Kompaktklasse;Erdgas (CNG) (einschl. bivalent);2019;666
2020;Kompaktklasse;Erdgas (CNG) (einschl. bivalent);2020;327
2020;Mittelklasse;Benzin;1990;4392
2020;Mittelklasse;Benzin;1991;6483
2020;Mittelklasse;Benzin;1992;7520
2020;Mittelklasse;Benzin;1993;7479
2020;Mittelklasse;Benzin;1994;11230
2020;Mittelklasse;Benzin;1995;17301
2020;Mittelklasse;Benzin;1996;20647
2020;Mittelklasse;Benzin;1997;30590
2020;Mittelklasse;Benzin;1998;33709
2020;Mittelklasse;Benzin;1999;38519
2020;Mittelklasse;Benzin;2000;31483
2020;Mittelklasse;Benzin;2001;43462
2020;Mittelklasse;Benzin;2002;39010
2020;Mittelklasse;Benzin;2003;38788
2020;Mittelklasse;Benzin;2004;28264
2020;Mittelklasse;Benzin;2005;25681
2020;Mittelklasse;Benzin;2006;22583
2020;Mittelklasse;Benzin;2007;16302
2020;Mittelklasse;Benzin;2008;18696
2020;Mittelklasse;Benzin;2009;20246
2020;Mittelklasse;Benzin;2010;14111
2020;Mittelklasse;Benzin;2011;13006
2020;Mittelklasse;Benzin;2012;9598
2020;Mittelklasse;Benzin;2013;7927
2020;Mittelklasse;Benzin;2014;7950
2020;Mittelklasse;Benzin;2015;10451
2020;Mittelklasse;Benzin;2016;15845
2020;Mittelklasse;Benzin;2017;25984
2020;Mittelklasse;Benzin;2018;12296
2020;Mittelklasse;Benzin;2019;35945
2020;Mittelklasse;Benzin;2020;13626
2020;Mittelklasse;Diesel;1990;217
2020;Mittelklasse;Diesel;1991;375
2020;Mittelklasse;Diesel;1992;411
2020;Mittelklasse;Diesel;1993;343
2020;Mittelklasse;Diesel;1994;501
2020;Mittelklasse;Diesel;1995;591
2020;Mittelklasse;Diesel;1996;1026
2020;Mittelklasse;Diesel;1997;1539
2020;Mittelklasse;Diesel;1998;2481
2020;Mittelklasse;Diesel;1999;4943
2020;Mittelklasse;Diesel;2000;6901
2020;Mittelklasse;Diesel;2001;12130
2020;Mittelklasse;Diesel;2002;15899
2020;Mittelklasse;Diesel;2003;20828
2020;Mittelklasse;Diesel;2004;23164
2020;Mittelklasse;Diesel;2005;25068
2020;Mittelklasse;Diesel;2006;30317
2020;Mittelklasse;Diesel;2007;32383
2020;Mittelklasse;Diesel;2008;30029
2020;Mittelklasse;Diesel;2009;24850
2020;Mittelklasse;Diesel;2010;25361
2020;Mittelklasse;Diesel;2011;29389
2020;Mittelklasse;Diesel;2012;26231
2020;Mittelklasse;Diesel;2013;22181
2020;Mittelklasse;Diesel;2014;23409
2020;Mittelklasse;Diesel;2015;41844
2020;Mittelklasse;Diesel;2016;64083
2020;Mittelklasse;Diesel;2017;78809
2020;Mittelklasse;Diesel;2018;23507
2020;Mittelklasse;Diesel;2019;42740
2020;Mittelklasse;Diesel;2020;14699
2020;Mittelklasse;Elektro (BEV);2002;1
2020;Mittelklasse;Elektro (BEV);2018;5
2020;Mittelklasse;Elektro (BEV);2019;607
2020;Mittelklasse;Elektro (BEV);2020;615
2020;Mittelklasse;Hybrid;1996;2
2020;Mittelklasse;Hybrid;1997;1
2020;Mittelklasse;Hybrid;2000;1
2020;Mittelklasse;Hybrid;2001;1
2020;Mittelklasse;Hybrid;2002;1
2020;Mittelklasse;Hybrid;2011;2
2020;Mittelklasse;Hybrid;2012;116
2020;Mittelklasse;Hybrid;2013;167
2020;Mittelklasse;Hybrid;2014;183
2020;Mittelklasse;Hybrid;2015;1360
2020;Mittelklasse;Hybrid;2016;906
2020;Mittelklasse;Hybrid;2017;1908
2020;Mittelklasse;Hybrid;2018;2326
2020;Mittelklasse;Hybrid;2019;12746
2020;Mittelklasse;Hybrid;2020;9581
2020;Mittelklasse;Sonstige;1994;1
2020;Mittelklasse;Sonstige;2000;1
2020;Mittelklasse;Sonstige;2001;1
2020;Mittelklasse;Sonstige;2002;3
2020;Mittelklasse;Sonstige;2003;5
2020;Mittelklasse;Sonstige;2004;1
2020;Mittelklasse;Sonstige;2006;2
2020;Mittelklasse;Sonstige;2009;19
2020;Mittelklasse;Sonstige;2010;92
2020;Mittelklasse;Sonstige;2011;117
2020;Mittelklasse;Sonstige;2012;63
2020;Mittelklasse;Sonstige;2013;17
2020;Mittelklasse;Sonstige;2014;6
2020;Mittelklasse;Sonstige;2015;9
2020;Mittelklasse;Flüssiggas (LPG) (einschl. bivalent);1990;28
2020;Mittelklasse;Flüssiggas (LPG) (einschl. bivalent);1991;47
2020;Mittelklasse;Flüssiggas (LPG) (einschl. bivalent);1992;76
2020;Mittelklasse;Flüssiggas (LPG) (einschl. bivalent);1993;124
2020;Mittelklasse;Flüssiggas (LPG) (einschl. bivalent);1994;202
2020;Mittelklasse;Flüssiggas (LPG) (einschl. bivalent);1995;308
2020;Mittelklasse;Flüssiggas (LPG) (einschl. bivalent);1996;406
2020;Mittelklasse;Flüssiggas (LPG) (einschl. bivalent);1997;663
2020;Mittelklasse;Flüssiggas (LPG) (einschl. bivalent);1998;942
2020;Mittelklasse;Flüssiggas (LPG) (einschl. bivalent);1999;1057
2020;Mittelklasse;Flüssiggas (LPG) (einschl. bivalent);2000;1015
2020;Mittelklasse;Flüssiggas (LPG) (einschl. bivalent);2001;1571
2020;Mittelklasse;Flüssiggas (LPG) (einschl. bivalent);2002;1417
2020;Mittelklasse;Flüssiggas (LPG) (einschl. bivalent);2003;1423
2020;Mittelklasse;Flüssiggas (LPG) (einschl. bivalent);2004;1095
2020;Mittelklasse;Flüssiggas (LPG) (einschl. bivalent);2005;1004
2020;Mittelklasse;Flüssiggas (LPG) (einschl. bivalent);2006;819
2020;Mittelklasse;Flüssiggas (LPG) (einschl. bivalent);2007;601
2020;Mittelklasse;Flüssiggas (LPG) (einschl. bivalent);2008;495
2020;Mittelklasse;Flüssiggas (LPG) (einschl. bivalent);2009;295
2020;Mittelklasse;Flüssiggas (LPG) (einschl. bivalent);2010;102
2020;Mittelklasse;Flüssiggas (LPG) (einschl. bivalent);2011;84
2020;Mittelklasse;Flüssiggas (LPG) (einschl. bivalent);2012;64
2020;Mittelklasse;Flüssiggas (LPG) (einschl. bivalent);2013;20
2020;Mittelklasse;Flüssiggas (LPG) (einschl. bivalent);2014;14
2020;Mittelklasse;Flüssiggas (LPG) (einschl. bivalent);2015;10
2020;Mittelklasse;Flüssiggas (LPG) (einschl. bivalent);2016;6
2020;Mittelklasse;Flüssiggas (LPG) (einschl. bivalent);2017;4
2020;Mittelklasse;Erdgas (CNG) (einschl. bivalent);1993;1
2020;Mittelklasse;Erdgas (CNG) (einschl. bivalent);1995;1
2020;Mittelklasse;Erdgas (CNG) (einschl. bivalent);1996;7
2020;Mittelklasse;Erdgas (CNG) (einschl. bivalent);1997;3
2020;Mittelklasse;Erdgas (CNG) (einschl. bivalent);1998;6
2020;Mittelklasse;Erdgas (CNG) (einschl. bivalent);1999;8
2020;Mittelklasse;Erdgas (CNG) (einschl. bivalent);2000;7
2020;Mittelklasse;Erdgas (CNG) (einschl. bivalent);2001;5
2020;Mittelklasse;Erdgas (CNG) (einschl. bivalent);2002;11
2020;Mittelklasse;Erdgas (CNG) (einschl. bivalent);2003;10
2020;Mittelklasse;Erdgas (CNG) (einschl. bivalent);2004;9
2020;Mittelklasse;Erdgas (CNG) (einschl. bivalent);2005;17
2020;Mittelklasse;Erdgas (CNG) (einschl. bivalent);2006;13
2020;Mittelklasse;Erdgas (CNG) (einschl. bivalent);2007;1
2020;Mittelklasse;Erdgas (CNG) (einschl. bivalent);2008;1
2020;Mittelklasse;Erdgas (CNG) (einschl. bivalent);2009;161
2020;Mittelklasse;Erdgas (CNG) (einschl. bivalent);2010;85
2020;Mittelklasse;Erdgas (CNG) (einschl. bivalent);2011;71
2020;Mittelklasse;Erdgas (CNG) (einschl. bivalent);2012;70
2020;Mittelklasse;Erdgas (CNG) (einschl. bivalent);2013;37
2020;Mittelklasse;Erdgas (CNG) (einschl. bivalent);2014;28
2020;Mittelklasse;Erdgas (CNG) (einschl. bivalent);2016;2
2020;Mittelklasse;Erdgas (CNG) (einschl. bivalent);2017;72
2020;Mittelklasse;Erdgas (CNG) (einschl. bivalent);2018;114
2020;Mittelklasse;Erdgas (CNG) (einschl. bivalent);2019;231
2020;Mittelklasse;Erdgas (CNG) (einschl. bivalent);2020;83
2020;Obere Mittelklasse;Benzin;1990;1525
2020;Obere Mittelklasse;Benzin;1991;2020
2020;Obere Mittelklasse;Benzin;1992;2251
2020;Obere Mittelklasse;Benzin;1993;2525
2020;Obere Mittelklasse;Benzin;1994;2844
2020;Obere Mittelklasse;Benzin;1995;4191
2020;Obere Mittelklasse;Benzin;1996;6010
2020;Obere Mittelklasse;Benzin;1997;8543
2020;Obere Mittelklasse;Benzin;1998;10090
2020;Obere Mittelklasse;Benzin;1999;10112
2020;Obere Mittelklasse;Benzin;2000;8771
2020;Obere Mittelklasse;Benzin;2001;7433
2020;Obere Mittelklasse;Benzin;2002;6164
2020;Obere Mittelklasse;Benzin;2003;6370
2020;Obere Mittelklasse;Benzin;2004;5981
2020;Obere Mittelklasse;Benzin;2005;5007
2020;Obere Mittelklasse;Benzin;2006;3936
2020;Obere Mittelklasse;Benzin;2007;3311
2020;Obere Mittelklasse;Benzin;2008;2590
2020;Obere Mittelklasse;Benzin;2009;2059
2020;Obere Mittelklasse;Benzin;2010;2398
2020;Obere Mittelklasse;Benzin;2011;1725
2020;Obere Mittelklasse;Benzin;2012;1526
2020;Obere Mittelklasse;Benzin;2013;1260
2020;Obere Mittelklasse;Benzin;2014;995
2020;Obere Mittelklasse;Benzin;2015;1087
2020;Obere Mittelklasse;Benzin;2016;1919
2020;Obere Mittelklasse;Benzin;2017;6472
2020;Obere Mittelklasse;Benzin;2018;3008
2020;Obere Mittelklasse;Benzin;2019;3910
2020;Obere Mittelklasse;Benzin;2020;1123
2020;Obere Mittelklasse;Diesel;1990;317
2020;Obere Mittelklasse;Diesel;1991;473
2020;Obere Mittelklasse;Diesel;1992;540
2020;Obere Mittelklasse;Diesel;1993;379
2020;Obere Mittelklasse;Diesel;1994;360
2020;Obere Mittelklasse;Diesel;1995;404
2020;Obere Mittelklasse;Diesel;1996;553
2020;Obere Mittelklasse;Diesel;1997;601
2020;Obere Mittelklasse;Diesel;1998;1019
2020;Obere Mittelklasse;Diesel;1999;2362
2020;Obere Mittelklasse;Diesel;2000;4089
2020;Obere Mittelklasse;Diesel;2001;4903
2020;Obere Mittelklasse;Diesel;2002;6605
2020;Obere Mittelklasse;Diesel;2003;9485
2020;Obere Mittelklasse;Diesel;2004;11234
2020;Obere Mittelklasse;Diesel;2005;12167
2020;Obere Mittelklasse;Diesel;2006;12751
2020;Obere Mittelklasse;Diesel;2007;12751
2020;Obere Mittelklasse;Diesel;2008;10315
2020;Obere Mittelklasse;Diesel;2009;8140
2020;Obere Mittelklasse;Diesel;2010;9821
2020;Obere Mittelklasse;Diesel;2011;11764
2020;Obere Mittelklasse;Diesel;2012;10448
2020;Obere Mittelklasse;Diesel;2013;9308
2020;Obere Mittelklasse;Diesel;2014;9072
2020;Obere Mittelklasse;Diesel;2015;11341
2020;Obere Mittelklasse;Diesel;2016;19380
2020;Obere Mittelklasse;Diesel;2017;32094
2020;Obere Mittelklasse;Diesel;2018;12009
2020;Obere Mittelklasse;Diesel;2019;16093
2020;Obere Mittelklasse;Diesel;2020;3837
2020;Obere Mittelklasse;Elektro (BEV);2018;1
2020;Obere Mittelklasse;Hybrid;1994;1
2020;Obere Mittelklasse;Hybrid;1995;1
2020;Obere Mittelklasse;Hybrid;2006;23
2020;Obere Mittelklasse;Hybrid;2007;20
2020;Obere Mittelklasse;Hybrid;2008;29
2020;Obere Mittelklasse;Hybrid;2009;10
2020;Obere Mittelklasse;Hybrid;2010;6
2020;Obere Mittelklasse;Hybrid;2011;8
2020;Obere Mittelklasse;Hybrid;2012;102
2020;Obere Mittelklasse;Hybrid;2013;119
2020;Obere Mittelklasse;Hybrid;2014;81
2020;Obere Mittelklasse;Hybrid;2015;71
2020;Obere Mittelklasse;Hybrid;2016;92
2020;Obere Mittelklasse;Hybrid;2017;538
2020;Obere Mittelklasse;Hybrid;2018;2686
2020;Obere Mittelklasse;Hybrid;2019;15421
2020;Obere Mittelklasse;Hybrid;2020;7812
2020;Obere Mittelklasse;Sonstige;1992;1
2020;Obere Mittelklasse;Sonstige;1995;1
2020;Obere Mittelklasse;Sonstige;1998;1
2020;Obere Mittelklasse;Sonstige;2002;1
2020;Obere Mittelklasse;Sonstige;2009;10
2020;Obere Mittelklasse;Sonstige;2010;30
2020;Obere Mittelklasse;Sonstige;2011;12
2020;Obere Mittelklasse;Sonstige;2012;8
2020;Obere Mittelklasse;Sonstige;2013;3
2020;Obere Mittelklasse;Flüssiggas (LPG) (einschl. bivalent);1990;37
2020;Obere Mittelklasse;Flüssiggas (LPG) (einschl. bivalent);1991;62
2020;Obere Mittelklasse;Flüssiggas (LPG) (einschl. bivalent);1992;105
2020;Obere Mittelklasse;Flüssiggas (LPG) (einschl. bivalent);1993;142
2020;Obere Mittelklasse;Flüssiggas (LPG) (einschl. bivalent);1994;168
2020;Obere Mittelklasse;Flüssiggas (LPG) (einschl. bivalent);1995;275
2020;Obere Mittelklasse;Flüssiggas (LPG) (einschl. bivalent);1996;394
2020;Obere Mittelklasse;Flüssiggas (LPG) (einschl. bivalent);1997;604
2020;Obere Mittelklasse;Flüssiggas (LPG) (einschl. bivalent);1998;806
2020;Obere Mittelklasse;Flüssiggas (LPG) (einschl. bivalent);1999;849
2020;Obere Mittelklasse;Flüssiggas (LPG) (einschl. bivalent);2000;871
2020;Obere Mittelklasse;Flüssiggas (LPG) (einschl. bivalent);2001;796
2020;Obere Mittelklasse;Flüssiggas (LPG) (einschl. bivalent);2002;751
2020;Obere Mittelklasse;Flüssiggas (LPG) (einschl. bivalent);2003;686
2020;Obere Mittelklasse;Flüssiggas (LPG) (einschl. bivalent);2004;682
2020;Obere Mittelklasse;Flüssiggas (LPG) (einschl. bivalent);2005;582
2020;Obere Mittelklasse;Flüssiggas (LPG) (einschl. bivalent);2006;398
2020;Obere Mittelklasse;Flüssiggas (LPG) (einschl. bivalent);2007;213
2020;Obere Mittelklasse;Flüssiggas (LPG) (einschl. bivalent);2008;106
2020;Obere Mittelklasse;Flüssiggas (LPG) (einschl. bivalent);2009;37
2020;Obere Mittelklasse;Flüssiggas (LPG) (einschl. bivalent);2010;33
2020;Obere Mittelklasse;Flüssiggas (LPG) (einschl. bivalent);2011;8
2020;Obere Mittelklasse;Flüssiggas (LPG) (einschl. bivalent);2012;1
2020;Obere Mittelklasse;Flüssiggas (LPG) (einschl. bivalent);2013;4
2020;Obere Mittelklasse;Flüssiggas (LPG) (einschl. bivalent);2015;1
2020;Obere Mittelklasse;Erdgas (CNG) (einschl. bivalent);1996;2
2020;Obere Mittelklasse;Erdgas (CNG) (einschl. bivalent);1997;5
2020;Obere Mittelklasse;Erdgas (CNG) (einschl. bivalent);1998;4
2020;Obere Mittelklasse;Erdgas (CNG) (einschl. bivalent);1999;7
2020;Obere Mittelklasse;Erdgas (CNG) (einschl. bivalent);2000;11
2020;Obere Mittelklasse;Erdgas (CNG) (einschl. bivalent);2001;16
2020;Obere Mittelklasse;Erdgas (CNG) (einschl. bivalent);2002;51
2020;Obere Mittelklasse;Erdgas (CNG) (einschl. bivalent);2003;12
2020;Obere Mittelklasse;Erdgas (CNG) (einschl. bivalent);2004;40
2020;Obere Mittelklasse;Erdgas (CNG) (einschl. bivalent);2005;65
2020;Obere Mittelklasse;Erdgas (CNG) (einschl. bivalent);2006;55
2020;Obere Mittelklasse;Erdgas (CNG) (einschl. bivalent);2007;37
2020;Obere Mittelklasse;Erdgas (CNG) (einschl. bivalent);2008;16
2020;Obere Mittelklasse;Erdgas (CNG) (einschl. bivalent);2009;5
2020;Obere Mittelklasse;Erdgas (CNG) (einschl. bivalent);2010;9
2020;Obere Mittelklasse;Erdgas (CNG) (einschl. bivalent);2011;26
2020;Obere Mittelklasse;Erdgas (CNG) (einschl. bivalent);2012;29
2020;Obere Mittelklasse;Erdgas (CNG) (einschl. bivalent);2013;12
2020;Obere Mittelklasse;Erdgas (CNG) (einschl. bivalent);2014;15
2020;Obere Mittelklasse;Erdgas (CNG) (einschl. bivalent);2015;23
2020;Obere Mittelklasse;Erdgas (CNG) (einschl. bivalent);2016;4
2020;Oberklasse;Benzin;1990;74
2020;Oberklasse;Benzin;1991;230
2020;Oberklasse;Benzin;1992;312
2020;Oberklasse;Benzin;1993;227
2020;Oberklasse;Benzin;1994;247
2020;Oberklasse;Benzin;1995;426
2020;Oberklasse;Benzin;1996;445
2020;Oberklasse;Benzin;1997;408
2020;Oberklasse;Benzin;1998;461
2020;Oberklasse;Benzin;1999;1182
2020;Oberklasse;Benzin;2000;897
2020;Oberklasse;Benzin;2001;707
2020;Oberklasse;Benzin;2002;568
2020;Oberklasse;Benzin;2003;857
2020;Oberklasse;Benzin;2004;1219
2020;Oberklasse;Benzin;2005;1635
2020;Oberklasse;Benzin;2006;1571
2020;Oberklasse;Benzin;2007;1394
2020;Oberklasse;Benzin;2008;1114
2020;Oberklasse;Benzin;2009;889
2020;Oberklasse;Benzin;2010;855
2020;Oberklasse;Benzin;2011;1237
2020;Oberklasse;Benzin;2012;1005
2020;Oberklasse;Benzin;2013;885
2020;Oberklasse;Benzin;2014;1084
2020;Oberklasse;Benzin;2015;1261
2020;Oberklasse;Benzin;2016;1593
2020;Oberklasse;Benzin;2017;2286
2020;Oberklasse;Benzin;2018;1512
2020;Oberklasse;Benzin;2019;2269
2020;Oberklasse;Benzin;2020;1060
2020;Oberklasse;Diesel;1993;10
2020;Oberklasse;Diesel;1994;16
2020;Oberklasse;Diesel;1995;5
2020;Oberklasse;Diesel;1996;27
2020;Oberklasse;Diesel;1997;25
2020;Oberklasse;Diesel;1998;36
2020;Oberklasse;Diesel;1999;23
2020;Oberklasse;Diesel;2000;199
2020;Oberklasse;Diesel;2001;264
2020;Oberklasse;Diesel;2002;212
2020;Oberklasse;Diesel;2003;237
2020;Oberklasse;Diesel;2004;488
2020;Oberklasse;Diesel;2005;861
2020;Oberklasse;Diesel;2006;1455
2020;Oberklasse;Diesel;2007;1597
2020;Oberklasse;Diesel;2008;1392
2020;Oberklasse;Diesel;2009;1213
2020;Oberklasse;Diesel;2010;1252
2020;Oberklasse;Diesel;2011;2272
2020;Oberklasse;Diesel;2012;1880
2020;Oberklasse;Diesel;2013;1750
2020;Oberklasse;Diesel;2014;1884
2020;Oberklasse;Diesel;2015;2518
2020;Oberklasse;Diesel;2016;2756
2020;Oberklasse;Diesel;2017;3238
2020;Oberklasse;Diesel;2018;1418
2020;Oberklasse;Diesel;2019;2981
2020;Oberklasse;Diesel;2020;1289
2020;Oberklasse;Elektro (BEV);2013;31
2020;Oberklasse;Elektro (BEV);2014;73
2020;Oberklasse;Elektro (BEV);2015;183
2020;Oberklasse;Elektro (BEV);2016;284
2020;Oberklasse;Elektro (BEV);2017;290
2020;Oberklasse;Elektro (BEV);2018;237
2020;Oberklasse;Elektro (BEV);2019;420
2020;Oberklasse;Elektro (BEV);2020;797
2020;Oberklasse;Hybrid;2007;5
2020;Oberklasse;Hybrid;2008;10
2020;Oberklasse;Hybrid;2009;40
2020;Oberklasse;Hybrid;2010;75
2020;Oberklasse;Hybrid;2011;30
2020;Oberklasse;Hybrid;2012;15
2020;Oberklasse;Hybrid;2013;23
2020;Oberklasse;Hybrid;2014;46
2020;Oberklasse;Hybrid;2015;54
2020;Oberklasse;Hybrid;2016;74
2020;Oberklasse;Hybrid;2017;377
2020;Oberklasse;Hybrid;2018;1286
2020;Oberklasse;Hybrid;2019;3629
2020;Oberklasse;Hybrid;2020;1277
2020;Oberklasse;Sonstige;1994;1
2020;Oberklasse;Sonstige;2008;1
2020;Oberklasse;Sonstige;2010;9
2020;Oberklasse;Sonstige;2011;11
2020;Oberklasse;Sonstige;2012;15
2020;Oberklasse;Sonstige;2013;3
2020;Oberklasse;Sonstige;2014;1
2020;Oberklasse;Sonstige;2015;1
2020;Oberklasse;Sonstige;2018;1
2020;Oberklasse;Sonstige;2020;1
2020;Oberklasse;Flüssiggas (LPG) (einschl. bivalent);1990;1
2020;Oberklasse;Flüssiggas (LPG) (einschl. bivalent);1991;11
2020;Oberklasse;Flüssiggas (LPG) (einschl. bivalent);1992;28
2020;Oberklasse;Flüssiggas (LPG) (einschl. bivalent);1993;17
2020;Oberklasse;Flüssiggas (LPG) (einschl. bivalent);1994;15
2020;Oberklasse;Flüssiggas (LPG) (einschl. bivalent);1995;45
2020;Oberklasse;Flüssiggas (LPG) (einschl. bivalent);1996;42
2020;Oberklasse;Flüssiggas (LPG) (einschl. bivalent);1997;49
2020;Oberklasse;Flüssiggas (LPG) (einschl. bivalent);1998;68
2020;Oberklasse;Flüssiggas (LPG) (einschl. bivalent);1999;204
2020;Oberklasse;Flüssiggas (LPG) (einschl. bivalent);2000;150
2020;Oberklasse;Flüssiggas (LPG) (einschl. bivalent);2001;101
2020;Oberklasse;Flüssiggas (LPG) (einschl. bivalent);2002;113
2020;Oberklasse;Flüssiggas (LPG) (einschl. bivalent);2003;205
2020;Oberklasse;Flüssiggas (LPG) (einschl. bivalent);2004;199
2020;Oberklasse;Flüssiggas (LPG) (einschl. bivalent);2005;194
2020;Oberklasse;Flüssiggas (LPG) (einschl. bivalent);2006;122
2020;Oberklasse;Flüssiggas (LPG) (einschl. bivalent);2007;83
2020;Oberklasse;Flüssiggas (LPG) (einschl. bivalent);2008;34
2020;Oberklasse;Flüssiggas (LPG) (einschl. bivalent);2009;21
2020;Oberklasse;Flüssiggas (LPG) (einschl. bivalent);2010;11
2020;Oberklasse;Flüssiggas (LPG) (einschl. bivalent);2012;2
2020;Oberklasse;Flüssiggas (LPG) (einschl. bivalent);2014;1
2020;Oberklasse;Flüssiggas (LPG) (einschl. bivalent);2015;1
2020;Oberklasse;Erdgas (CNG) (einschl. bivalent);1999;1
2020;Oberklasse;Erdgas (CNG) (einschl. bivalent);2003;1
2020;SUVs;Benzin;1990;133
2020;SUVs;Benzin;1991;199
2020;SUVs;Benzin;1992;221
2020;SUVs;Benzin;1993;261
2020;SUVs;Benzin;1994;263
2020;SUVs;Benzin;1995;466
2020;SUVs;Benzin;1996;486
2020;SUVs;Benzin;1997;728
2020;SUVs;Benzin;1998;836
2020;SUVs;Benzin;1999;1080
2020;SUVs;Benzin;2000;757
2020;SUVs;Benzin;2001;1086
2020;SUVs;Benzin;2002;945
2020;SUVs;Benzin;2003;1232
2020;SUVs;Benzin;2004;1440
2020;SUVs;Benzin;2005;2188
2020;SUVs;Benzin;2006;2439
2020;SUVs;Benzin;2007;3442
2020;SUVs;Benzin;2008;3132
2020;SUVs;Benzin;2009;4468
2020;SUVs;Benzin;2010;6203
2020;SUVs;Benzin;2011;6975
2020;SUVs;Benzin;2012;7453
2020;SUVs;Benzin;2013;9498
2020;SUVs;Benzin;2014;12479
2020;SUVs;Benzin;2015;17725
2020;SUVs;Benzin;2016;27227
2020;SUVs;Benzin;2017;37824
2020;SUVs;Benzin;2018;29580
2020;SUVs;Benzin;2019;103299
2020;SUVs;Benzin;2020;56790
2020;SUVs;Diesel;1990;2
2020;SUVs;Diesel;1991;2
2020;SUVs;Diesel;1992;2
2020;SUVs;Diesel;1993;8
2020;SUVs;Diesel;1994;2
2020;SUVs;Diesel;1995;1
2020;SUVs;Diesel;1996;3
2020;SUVs;Diesel;1997;4
2020;SUVs;Diesel;1998;11
2020;SUVs;Diesel;1999;28
2020;SUVs;Diesel;2000;35
2020;SUVs;Diesel;2001;50
2020;SUVs;Diesel;2002;193
2020;SUVs;Diesel;2003;218
2020;SUVs;Diesel;2004;311
2020;SUVs;Diesel;2005;1041
2020;SUVs;Diesel;2006;2283
2020;SUVs;Diesel;2007;4089
2020;SUVs;Diesel;2008;4772
2020;SUVs;Diesel;2009;5883
2020;SUVs;Diesel;2010;9427
2020;SUVs;Diesel;2011;12786
2020;SUVs;Diesel;2012;13202
2020;SUVs;Diesel;2013;12794
2020;SUVs;Diesel;2014;13139
2020;SUVs;Diesel;2015;18055
2020;SUVs;Diesel;2016;26963
2020;SUVs;Diesel;2017;30749
2020;SUVs;Diesel;2018;11422
2020;SUVs;Diesel;2019;35517
2020;SUVs;Diesel;2020;14576
2020;SUVs;Elektro (BEV);2016;64
2020;SUVs;Elektro (BEV);2017;163
2020;SUVs;Elektro (BEV);2018;533
2020;SUVs;Elektro (BEV);2019;2137
2020;SUVs;Elektro (BEV);2020;3734
2020;SUVs;Hybrid;2005;32
2020;SUVs;Hybrid;2006;67
2020;SUVs;Hybrid;2007;76
2020;SUVs;Hybrid;2008;65
2020;SUVs;Hybrid;2009;69
2020;SUVs;Hybrid;2010;82
2020;SUVs;Hybrid;2011;45
2020;SUVs;Hybrid;2012;53
2020;SUVs;Hybrid;2013;52
2020;SUVs;Hybrid;2014;130
2020;SUVs;Hybrid;2015;670
2020;SUVs;Hybrid;2016;1477
2020;SUVs;Hybrid;2017;3609
2020;SUVs;Hybrid;2018;2249
2020;SUVs;Hybrid;2019;7525
2020;SUVs;Hybrid;2020;12419
2020;SUVs;Sonstige;2000;1
2020;SUVs;Sonstige;2006;3
2020;SUVs;Sonstige;2007;1
2020;SUVs;Sonstige;2008;1
2020;SUVs;Sonstige;2011;12
2020;SUVs;Sonstige;2012;7
2020;SUVs;Sonstige;2013;3
2020;SUVs;Sonstige;2015;12
2020;SUVs;Sonstige;2016;4
2020;SUVs;Sonstige;2017;6
2020;SUVs;Sonstige;2018;13
2020;SUVs;Sonstige;2019;7
2020;SUVs;Sonstige;2020;2
2020;SUVs;Flüssiggas (LPG) (einschl. bivalent);1990;1
2020;SUVs;Flüssiggas (LPG) (einschl. bivalent);1991;1
2020;SUVs;Flüssiggas (LPG) (einschl. bivalent);1992;5
2020;SUVs;Flüssiggas (LPG) (einschl. bivalent);1993;9
2020;SUVs;Flüssiggas (LPG) (einschl. bivalent);1994;6
2020;SUVs;Flüssiggas (LPG) (einschl. bivalent);1995;4
2020;SUVs;Flüssiggas (LPG) (einschl. bivalent);1996;20
2020;SUVs;Flüssiggas (LPG) (einschl. bivalent);1997;27
2020;SUVs;Flüssiggas (LPG) (einschl. bivalent);1998;65
2020;SUVs;Flüssiggas (LPG) (einschl. bivalent);1999;70
2020;SUVs;Flüssiggas (LPG) (einschl. bivalent);2000;78
2020;SUVs;Flüssiggas (LPG) (einschl. bivalent);2001;131
2020;SUVs;Flüssiggas (LPG) (einschl. bivalent);2002;111
2020;SUVs;Flüssiggas (LPG) (einschl. bivalent);2003;101
2020;SUVs;Flüssiggas (LPG) (einschl. bivalent);2004;132
2020;SUVs;Flüssiggas (LPG) (einschl. bivalent);2005;321
2020;SUVs;Flüssiggas (LPG) (einschl. bivalent);2006;429
2020;SUVs;Flüssiggas (LPG) (einschl. bivalent);2007;539
2020;SUVs;Flüssiggas (LPG) (einschl. bivalent);2008;624
2020;SUVs;Flüssiggas (LPG) (einschl. bivalent);2009;478
2020;SUVs;Flüssiggas (LPG) (einschl. bivalent);2010;350
2020;SUVs;Flüssiggas (LPG) (einschl. bivalent);2011;244
2020;SUVs;Flüssiggas (LPG) (einschl. bivalent);2012;376
2020;SUVs;Flüssiggas (LPG) (einschl. bivalent);2013;215
2020;SUVs;Flüssiggas (LPG) (einschl. bivalent);2014;176
2020;SUVs;Flüssiggas (LPG) (einschl. bivalent);2015;125
2020;SUVs;Flüssiggas (LPG) (einschl. bivalent);2016;62
2020;SUVs;Flüssiggas (LPG) (einschl. bivalent);2017;109
2020;SUVs;Flüssiggas (LPG) (einschl. bivalent);2018;44
2020;SUVs;Flüssiggas (LPG) (einschl. bivalent);2019;76
2020;SUVs;Flüssiggas (LPG) (einschl. bivalent);2020;428
2020;SUVs;Erdgas (CNG) (einschl. bivalent);1997;1
2020;SUVs;Erdgas (CNG) (einschl. bivalent);2003;1
2020;SUVs;Erdgas (CNG) (einschl. bivalent);2008;1
2020;SUVs;Erdgas (CNG) (einschl. bivalent);2012;2
2020;SUVs;Erdgas (CNG) (einschl. bivalent);2013;1
2020;SUVs;Erdgas (CNG) (einschl. bivalent);2015;1
2020;SUVs;Erdgas (CNG) (einschl. bivalent);2018;2
2020;SUVs;Erdgas (CNG) (einschl. bivalent);2019;170
2020;SUVs;Erdgas (CNG) (einschl. bivalent);2020;109
2020;Geländewagen;Benzin;1990;83
2020;Geländewagen;Benzin;1991;99
2020;Geländewagen;Benzin;1992;185
2020;Geländewagen;Benzin;1993;282
2020;Geländewagen;Benzin;1994;331
2020;Geländewagen;Benzin;1995;396
2020;Geländewagen;Benzin;1996;439
2020;Geländewagen;Benzin;1997;552
2020;Geländewagen;Benzin;1998;1042
2020;Geländewagen;Benzin;1999;2181
2020;Geländewagen;Benzin;2000;1838
2020;Geländewagen;Benzin;2001;2141
2020;Geländewagen;Benzin;2002;1999
2020;Geländewagen;Benzin;2003;2874
2020;Geländewagen;Benzin;2004;3151
2020;Geländewagen;Benzin;2005;3248
2020;Geländewagen;Benzin;2006;2885
2020;Geländewagen;Benzin;2007;2279
2020;Geländewagen;Benzin;2008;2928
2020;Geländewagen;Benzin;2009;3723
2020;Geländewagen;Benzin;2010;2919
2020;Geländewagen;Benzin;2011;2893
2020;Geländewagen;Benzin;2012;3622
2020;Geländewagen;Benzin;2013;3018
2020;Geländewagen;Benzin;2014;3713
2020;Geländewagen;Benzin;2015;4322
2020;Geländewagen;Benzin;2016;8888
2020;Geländewagen;Benzin;2017;14836
2020;Geländewagen;Benzin;2018;8414
2020;Geländewagen;Benzin;2019;25063
2020;Geländewagen;Benzin;2020;15586
2020;Geländewagen;Diesel;1990;62
2020;Geländewagen;Diesel;1991;95
2020;Geländewagen;Diesel;1992;94
2020;Geländewagen;Diesel;1993;62
2020;Geländewagen;Diesel;1994;81
2020;Geländewagen;Diesel;1995;116
2020;Geländewagen;Diesel;1996;150
2020;Geländewagen;Diesel;1997;221
2020;Geländewagen;Diesel;1998;295
2020;Geländewagen;Diesel;1999;490
2020;Geländewagen;Diesel;2000;899
2020;Geländewagen;Diesel;2001;1626
2020;Geländewagen;Diesel;2002;3054
2020;Geländewagen;Diesel;2003;4965
2020;Geländewagen;Diesel;2004;6789
2020;Geländewagen;Diesel;2005;8355
2020;Geländewagen;Diesel;2006;11342
2020;Geländewagen;Diesel;2007;12067
2020;Geländewagen;Diesel;2008;12592
2020;Geländewagen;Diesel;2009;11326
2020;Geländewagen;Diesel;2010;10437
2020;Geländewagen;Diesel;2011;12544
2020;Geländewagen;Diesel;2012;15490
2020;Geländewagen;Diesel;2013;13962
2020;Geländewagen;Diesel;2014;14906
2020;Geländewagen;Diesel;2015;21018
2020;Geländewagen;Diesel;2016;36876
2020;Geländewagen;Diesel;2017;52895
2020;Geländewagen;Diesel;2018;14953
2020;Geländewagen;Diesel;2019;38981
2020;Geländewagen;Diesel;2020;20896
2020;Geländewagen;Elektro (BEV);1992;1
2020;Geländewagen;Hybrid;2004;1
2020;Geländewagen;Hybrid;2005;1
2020;Geländewagen;Hybrid;2009;3
2020;Geländewagen;Hybrid;2010;45
2020;Geländewagen;Hybrid;2011;42
2020;Geländewagen;Hybrid;2012;47
2020;Geländewagen;Hybrid;2013;16
2020;Geländewagen;Hybrid;2014;24
2020;Geländewagen;Hybrid;2015;204
2020;Geländewagen;Hybrid;2016;374
2020;Geländewagen;Hybrid;2017;727
2020;Geländewagen;Hybrid;2018;858
2020;Geländewagen;Hybrid;2019;6873
2020;Geländewagen;Hybrid;2020;7565
2020;Geländewagen;Sonstige;1994;2
2020;Geländewagen;Sonstige;2011;4
2020;Geländewagen;Sonstige;2012;4
2020;Geländewagen;Sonstige;2013;2
2020;Geländewagen;Sonstige;2014;9
2020;Geländewagen;Sonstige;2015;4
2020;Geländewagen;Sonstige;2017;1
2020;Geländewagen;Flüssiggas (LPG) (einschl. bivalent);1990;5
2020;Geländewagen;Flüssiggas (LPG) (einschl. bivalent);1991;4
2020;Geländewagen;Flüssiggas (LPG) (einschl. bivalent);1992;8
2020;Geländewagen;Flüssiggas (LPG) (einschl. bivalent);1993;15
2020;Geländewagen;Flüssiggas (LPG) (einschl. bivalent);1994;20
2020;Geländewagen;Flüssiggas (LPG) (einschl. bivalent);1995;36
2020;Geländewagen;Flüssiggas (LPG) (einschl. bivalent);1996;38
2020;Geländewagen;Flüssiggas (LPG) (einschl. bivalent);1997;91
2020;Geländewagen;Flüssiggas (LPG) (einschl. bivalent);1998;152
2020;Geländewagen;Flüssiggas (LPG) (einschl. bivalent);1999;329
2020;Geländewagen;Flüssiggas (LPG) (einschl. bivalent);2000;257
2020;Geländewagen;Flüssiggas (LPG) (einschl. bivalent);2001;307
2020;Geländewagen;Flüssiggas (LPG) (einschl. bivalent);2002;287
2020;Geländewagen;Flüssiggas (LPG) (einschl. bivalent);2003;454
2020;Geländewagen;Flüssiggas (LPG) (einschl. bivalent);2004;567
2020;Geländewagen;Flüssiggas (LPG) (einschl. bivalent);2005;593
2020;Geländewagen;Flüssiggas (LPG) (einschl. bivalent);2006;621
2020;Geländewagen;Flüssiggas (LPG) (einschl. bivalent);2007;470
2020;Geländewagen;Flüssiggas (LPG) (einschl. bivalent);2008;384
2020;Geländewagen;Flüssiggas (LPG) (einschl. bivalent);2009;193
2020;Geländewagen;Flüssiggas (LPG) (einschl. bivalent);2010;127
2020;Geländewagen;Flüssiggas (LPG) (einschl. bivalent);2011;70
2020;Geländewagen;Flüssiggas (LPG) (einschl. bivalent);2012;41
2020;Geländewagen;Flüssiggas (LPG) (einschl. bivalent);2013;27
2020;Geländewagen;Flüssiggas (LPG) (einschl. bivalent);2014;26
2020;Geländewagen;Flüssiggas (LPG) (einschl. bivalent);2015;26
2020;Geländewagen;Flüssiggas (LPG) (einschl. bivalent);2016;32
2020;Geländewagen;Flüssiggas (LPG) (einschl. bivalent);2017;21
2020;Geländewagen;Flüssiggas (LPG) (einschl. bivalent);2018;8
2020;Geländewagen;Flüssiggas (LPG) (einschl. bivalent);2019;6
2020;Geländewagen;Flüssiggas (LPG) (einschl. bivalent);2020;1
2020;Geländewagen;Erdgas (CNG) (einschl. bivalent);2000;1
2020;Geländewagen;Erdgas (CNG) (einschl. bivalent);2003;1
2020;Geländewagen;Erdgas (CNG) (einschl. bivalent);2004;2
2020;Geländewagen;Erdgas (CNG) (einschl. bivalent);2005;1
2020;Sportwagen;Benzin;1990;698
2020;Sportwagen;Benzin;1991;967
2020;Sportwagen;Benzin;1992;1063
2020;Sportwagen;Benzin;1993;843
2020;Sportwagen;Benzin;1994;765
2020;Sportwagen;Benzin;1995;654
2020;Sportwagen;Benzin;1996;1149
2020;Sportwagen;Benzin;1997;3056
2020;Sportwagen;Benzin;1998;4359
2020;Sportwagen;Benzin;1999;6500
2020;Sportwagen;Benzin;2000;6413
2020;Sportwagen;Benzin;2001;4719
2020;Sportwagen;Benzin;2002;4314
2020;Sportwagen;Benzin;2003;4621
2020;Sportwagen;Benzin;2004;4597
2020;Sportwagen;Benzin;2005;4079
2020;Sportwagen;Benzin;2006;4043
2020;Sportwagen;Benzin;2007;4666
2020;Sportwagen;Benzin;2008;4070
2020;Sportwagen;Benzin;2009;3086
2020;Sportwagen;Benzin;2010;3351
2020;Sportwagen;Benzin;2011;3590
2020;Sportwagen;Benzin;2012;3537
2020;Sportwagen;Benzin;2013;3312
2020;Sportwagen;Benzin;2014;3212
2020;Sportwagen;Benzin;2015;4065
2020;Sportwagen;Benzin;2016;5439
2020;Sportwagen;Benzin;2017;6377
2020;Sportwagen;Benzin;2018;5277
2020;Sportwagen;Benzin;2019;9889
2020;Sportwagen;Benzin;2020;5233
2020;Sportwagen;Diesel;1998;1
2020;Sportwagen;Diesel;2002;29
2020;Sportwagen;Diesel;2003;179
2020;Sportwagen;Diesel;2004;125
2020;Sportwagen;Diesel;2005;175
2020;Sportwagen;Diesel;2006;303
2020;Sportwagen;Diesel;2007;277
2020;Sportwagen;Diesel;2008;213
2020;Sportwagen;Diesel;2009;472
2020;Sportwagen;Diesel;2010;606
2020;Sportwagen;Diesel;2011;665
2020;Sportwagen;Diesel;2012;602
2020;Sportwagen;Diesel;2013;487
2020;Sportwagen;Diesel;2014;442
2020;Sportwagen;Diesel;2015;403
2020;Sportwagen;Diesel;2016;280
2020;Sportwagen;Diesel;2017;357
2020;Sportwagen;Diesel;2018;348
2020;Sportwagen;Diesel;2019;938
2020;Sportwagen;Diesel;2020;381
2020;Sportwagen;Elektro (BEV);1990;1
2020;Sportwagen;Elektro (BEV);2000;1
2020;Sportwagen;Elektro (BEV);2009;1
2020;Sportwagen;Elektro (BEV);2010;2
2020;Sportwagen;Elektro (BEV);2011;1
2020;Sportwagen;Elektro (BEV);2012;7
2020;Sportwagen;Elektro (BEV);2013;1
2020;Sportwagen;Hybrid;2010;107
2020;Sportwagen;Hybrid;2011;66
2020;Sportwagen;Hybrid;2012;35
2020;Sportwagen;Hybrid;2013;5
2020;Sportwagen;Hybrid;2014;36
2020;Sportwagen;Hybrid;2015;49
2020;Sportwagen;Hybrid;2016;43
2020;Sportwagen;Hybrid;2017;52
2020;Sportwagen;Hybrid;2018;220
2020;Sportwagen;Hybrid;2019;1011
2020;Sportwagen;Hybrid;2020;869
2020;Sportwagen;Sonstige;1992;1
2020;Sportwagen;Sonstige;2003;1
2020;Sportwagen;Sonstige;2006;2
2020;Sportwagen;Sonstige;2016;2
2020;Sportwagen;Sonstige;2017;1
2020;Sportwagen;Flüssiggas (LPG) (einschl. bivalent);1990;1
2020;Sportwagen;Flüssiggas (LPG) (einschl. bivalent);1991;5
2020;Sportwagen;Flüssiggas (LPG) (einschl. bivalent);1992;5
2020;Sportwagen;Flüssiggas (LPG) (einschl. bivalent);1993;16
2020;Sportwagen;Flüssiggas (LPG) (einschl. bivalent);1994;12
2020;Sportwagen;Flüssiggas (LPG) (einschl. bivalent);1995;10
2020;Sportwagen;Flüssiggas (LPG) (einschl. bivalent);1996;13
2020;Sportwagen;Flüssiggas (LPG) (einschl. bivalent);1997;64
2020;Sportwagen;Flüssiggas (LPG) (einschl. bivalent);1998;164
2020;Sportwagen;Flüssiggas (LPG) (einschl. bivalent);1999;233
2020;Sportwagen;Flüssiggas (LPG) (einschl. bivalent);2000;216
2020;Sportwagen;Flüssiggas (LPG) (einschl. bivalent);2001;135
2020;Sportwagen;Flüssiggas (LPG) (einschl. bivalent);2002;125
2020;Sportwagen;Flüssiggas (LPG) (einschl. bivalent);2003;137
2020;Sportwagen;Flüssiggas (LPG) (einschl. bivalent);2004;117
2020;Sportwagen;Flüssiggas (LPG) (einschl. bivalent);2005;94
2020;Sportwagen;Flüssiggas (LPG) (einschl. bivalent);2006;64
2020;Sportwagen;Flüssiggas (LPG) (einschl. bivalent);2007;60
2020;Sportwagen;Flüssiggas (LPG) (einschl. bivalent);2008;31
2020;Sportwagen;Flüssiggas (LPG) (einschl. bivalent);2009;13
2020;Sportwagen;Flüssiggas (LPG) (einschl. bivalent);2010;14
2020;Sportwagen;Flüssiggas (LPG) (einschl. bivalent);2011;6
2020;Sportwagen;Flüssiggas (LPG) (einschl. bivalent);2012;13
2020;Sportwagen;Flüssiggas (LPG) (einschl. bivalent);2013;25
2020;Sportwagen;Flüssiggas (LPG) (einschl. bivalent);2014;55
2020;Sportwagen;Flüssiggas (LPG) (einschl. bivalent);2015;25
2020;Sportwagen;Flüssiggas (LPG) (einschl. bivalent);2016;34
2020;Sportwagen;Flüssiggas (LPG) (einschl. bivalent);2017;26
2020;Sportwagen;Flüssiggas (LPG) (einschl. bivalent);2018;3
2020;Sportwagen;Erdgas (CNG) (einschl. bivalent);2000;1
2020;Mini-Vans;Benzin;1990;1
2020;Mini-Vans;Benzin;1991;1
2020;Mini-Vans;Benzin;1992;15
2020;Mini-Vans;Benzin;1993;15
2020;Mini-Vans;Benzin;1994;19
2020;Mini-Vans;Benzin;1995;42
2020;Mini-Vans;Benzin;1996;63
2020;Mini-Vans;Benzin;1997;359
2020;Mini-Vans;Benzin;1998;647
2020;Mini-Vans;Benzin;1999;2030
2020;Mini-Vans;Benzin;2000;3506
2020;Mini-Vans;Benzin;2001;4637
2020;Mini-Vans;Benzin;2002;5481
2020;Mini-Vans;Benzin;2003;10767
2020;Mini-Vans;Benzin;2004;13019
2020;Mini-Vans;Benzin;2005;19094
2020;Mini-Vans;Benzin;2006;16559
2020;Mini-Vans;Benzin;2007;12103
2020;Mini-Vans;Benzin;2008;9511
2020;Mini-Vans;Benzin;2009;10509
2020;Mini-Vans;Benzin;2010;8504
2020;Mini-Vans;Benzin;2011;9818
2020;Mini-Vans;Benzin;2012;8885
2020;Mini-Vans;Benzin;2013;8389
2020;Mini-Vans;Benzin;2014;7037
2020;Mini-Vans;Benzin;2015;6306
2020;Mini-Vans;Benzin;2016;6318
2020;Mini-Vans;Benzin;2017;5269
2020;Mini-Vans;Benzin;2018;2824
2020;Mini-Vans;Benzin;2019;14310
2020;Mini-Vans;Benzin;2020;3119
2020;Mini-Vans;Diesel;1998;15
2020;Mini-Vans;Diesel;1999;39
2020;Mini-Vans;Diesel;2000;131
2020;Mini-Vans;Diesel;2001;388
2020;Mini-Vans;Diesel;2002;975
2020;Mini-Vans;Diesel;2003;1604
2020;Mini-Vans;Diesel;2004;4021
2020;Mini-Vans;Diesel;2005;5369
2020;Mini-Vans;Diesel;2006;6372
2020;Mini-Vans;Diesel;2007;6023
2020;Mini-Vans;Diesel;2008;3952
2020;Mini-Vans;Diesel;2009;3048
2020;Mini-Vans;Diesel;2010;3811
2020;Mini-Vans;Diesel;2011;4924
2020;Mini-Vans;Diesel;2012;4918
2020;Mini-Vans;Diesel;2013;3699
2020;Mini-Vans;Diesel;2014;3301
2020;Mini-Vans;Diesel;2015;3543
2020;Mini-Vans;Diesel;2016;3118
2020;Mini-Vans;Diesel;2017;3466
2020;Mini-Vans;Diesel;2018;1526
2020;Mini-Vans;Diesel;2019;5315
2020;Mini-Vans;Diesel;2020;1643
2020;Mini-Vans;Elektro (BEV);2014;11
2020;Mini-Vans;Elektro (BEV);2015;65
2020;Mini-Vans;Elektro (BEV);2016;120
2020;Mini-Vans;Elektro (BEV);2017;128
2020;Mini-Vans;Elektro (BEV);2018;78
2020;Mini-Vans;Elektro (BEV);2019;301
2020;Mini-Vans;Elektro (BEV);2020;773
2020;Mini-Vans;Hybrid;2011;5
2020;Mini-Vans;Hybrid;2012;64
2020;Mini-Vans;Hybrid;2013;43
2020;Mini-Vans;Hybrid;2014;46
2020;Mini-Vans;Hybrid;2015;36
2020;Mini-Vans;Hybrid;2016;12
2020;Mini-Vans;Hybrid;2017;13
2020;Mini-Vans;Hybrid;2018;11
2020;Mini-Vans;Hybrid;2019;28
2020;Mini-Vans;Hybrid;2020;198
2020;Mini-Vans;Sonstige;2004;1
2020;Mini-Vans;Sonstige;2009;6
2020;Mini-Vans;Sonstige;2010;13
2020;Mini-Vans;Sonstige;2011;5
2020;Mini-Vans;Sonstige;2012;6
2020;Mini-Vans;Flüssiggas (LPG) (einschl. bivalent);1996;2
2020;Mini-Vans;Flüssiggas (LPG) (einschl. bivalent);1997;3
2020;Mini-Vans;Flüssiggas (LPG) (einschl. bivalent);1998;5
2020;Mini-Vans;Flüssiggas (LPG) (einschl. bivalent);1999;28
2020;Mini-Vans;Flüssiggas (LPG) (einschl. bivalent);2000;50
2020;Mini-Vans;Flüssiggas (LPG) (einschl. bivalent);2001;113
2020;Mini-Vans;Flüssiggas (LPG) (einschl. bivalent);2002;147
2020;Mini-Vans;Flüssiggas (LPG) (einschl. bivalent);2003;261
2020;Mini-Vans;Flüssiggas (LPG) (einschl. bivalent);2004;355
2020;Mini-Vans;Flüssiggas (LPG) (einschl. bivalent);2005;538
2020;Mini-Vans;Flüssiggas (LPG) (einschl. bivalent);2006;541
2020;Mini-Vans;Flüssiggas (LPG) (einschl. bivalent);2007;564
2020;Mini-Vans;Flüssiggas (LPG) (einschl. bivalent);2008;527
2020;Mini-Vans;Flüssiggas (LPG) (einschl. bivalent);2009;284
2020;Mini-Vans;Flüssiggas (LPG) (einschl. bivalent);2010;127
2020;Mini-Vans;Flüssiggas (LPG) (einschl. bivalent);2011;97
2020;Mini-Vans;Flüssiggas (LPG) (einschl. bivalent);2012;96
2020;Mini-Vans;Flüssiggas (LPG) (einschl. bivalent);2013;46
2020;Mini-Vans;Flüssiggas (LPG) (einschl. bivalent);2014;75
2020;Mini-Vans;Flüssiggas (LPG) (einschl. bivalent);2015;62
2020;Mini-Vans;Flüssiggas (LPG) (einschl. bivalent);2016;21
2020;Mini-Vans;Flüssiggas (LPG) (einschl. bivalent);2017;28
2020;Mini-Vans;Flüssiggas (LPG) (einschl. bivalent);2018;21
2020;Mini-Vans;Flüssiggas (LPG) (einschl. bivalent);2019;34
2020;Mini-Vans;Flüssiggas (LPG) (einschl. bivalent);2020;3
2020;Mini-Vans;Erdgas (CNG) (einschl. bivalent);1999;1
2020;Mini-Vans;Erdgas (CNG) (einschl. bivalent);2000;12
2020;Mini-Vans;Erdgas (CNG) (einschl. bivalent);2001;24
2020;Mini-Vans;Erdgas (CNG) (einschl. bivalent);2002;11
2020;Mini-Vans;Erdgas (CNG) (einschl. bivalent);2003;16
2020;Mini-Vans;Erdgas (CNG) (einschl. bivalent);2004;12
2020;Mini-Vans;Erdgas (CNG) (einschl. bivalent);2005;43
2020;Mini-Vans;Erdgas (CNG) (einschl. bivalent);2006;74
2020;Mini-Vans;Erdgas (CNG) (einschl. bivalent);2007;21
2020;Mini-Vans;Erdgas (CNG) (einschl. bivalent);2008;77
2020;Mini-Vans;Erdgas (CNG) (einschl. bivalent);2009;79
2020;Mini-Vans;Erdgas (CNG) (einschl. bivalent);2010;33
2020;Mini-Vans;Erdgas (CNG) (einschl. bivalent);2011;15
2020;Mini-Vans;Erdgas (CNG) (einschl. bivalent);2012;2
2020;Mini-Vans;Erdgas (CNG) (einschl. bivalent);2013;2
2020;Mini-Vans;Erdgas (CNG) (einschl. bivalent);2014;22
2020;Mini-Vans;Erdgas (CNG) (einschl. bivalent);2015;22
2020;Mini-Vans;Erdgas (CNG) (einschl. bivalent);2016;10
2020;Mini-Vans;Erdgas (CNG) (einschl. bivalent);2017;4
2020;Mini-Vans;Erdgas (CNG) (einschl. bivalent);2018;1
2020;Mini-Vans;Erdgas (CNG) (einschl. bivalent);2019;1
2020;Großraum-Vans;Benzin;1990;13
2020;Großraum-Vans;Benzin;1991;26
2020;Großraum-Vans;Benzin;1992;46
2020;Großraum-Vans;Benzin;1993;69
2020;Großraum-Vans;Benzin;1994;124
2020;Großraum-Vans;Benzin;1995;274
2020;Großraum-Vans;Benzin;1996;622
2020;Großraum-Vans;Benzin;1997;1463
2020;Großraum-Vans;Benzin;1998;1759
2020;Großraum-Vans;Benzin;1999;4963
2020;Großraum-Vans;Benzin;2000;5457
2020;Großraum-Vans;Benzin;2001;6547
2020;Großraum-Vans;Benzin;2002;6054
2020;Großraum-Vans;Benzin;2003;8056
2020;Großraum-Vans;Benzin;2004;7120
2020;Großraum-Vans;Benzin;2005;9000
2020;Großraum-Vans;Benzin;2006;8242
2020;Großraum-Vans;Benzin;2007;5898
2020;Großraum-Vans;Benzin;2008;5067
2020;Großraum-Vans;Benzin;2009;6160
2020;Großraum-Vans;Benzin;2010;4561
2020;Großraum-Vans;Benzin;2011;5301
2020;Großraum-Vans;Benzin;2012;4186
2020;Großraum-Vans;Benzin;2013;2898
2020;Großraum-Vans;Benzin;2014;2375
2020;Großraum-Vans;Benzin;2015;2093
2020;Großraum-Vans;Benzin;2016;4519
2020;Großraum-Vans;Benzin;2017;4008
2020;Großraum-Vans;Benzin;2018;2168
2020;Großraum-Vans;Benzin;2019;11972
2020;Großraum-Vans;Benzin;2020;3188
2020;Großraum-Vans;Diesel;1990;2
2020;Großraum-Vans;Diesel;1992;1
2020;Großraum-Vans;Diesel;1993;10
2020;Großraum-Vans;Diesel;1994;10
2020;Großraum-Vans;Diesel;1995;12
2020;Großraum-Vans;Diesel;1996;88
2020;Großraum-Vans;Diesel;1997;226
2020;Großraum-Vans;Diesel;1998;399
2020;Großraum-Vans;Diesel;1999;727
2020;Großraum-Vans;Diesel;2000;1326
2020;Großraum-Vans;Diesel;2001;2572
2020;Großraum-Vans;Diesel;2002;3728
2020;Großraum-Vans;Diesel;2003;8878
2020;Großraum-Vans;Diesel;2004;12364
2020;Großraum-Vans;Diesel;2005;13084
2020;Großraum-Vans;Diesel;2006;16985
2020;Großraum-Vans;Diesel;2007;14888
2020;Großraum-Vans;Diesel;2008;10744
2020;Großraum-Vans;Diesel;2009;8138
2020;Großraum-Vans;Diesel;2010;7237
2020;Großraum-Vans;Diesel;2011;10791
2020;Großraum-Vans;Diesel;2012;9967
2020;Großraum-Vans;Diesel;2013;7492
2020;Großraum-Vans;Diesel;2014;7762
2020;Großraum-Vans;Diesel;2015;9806
2020;Großraum-Vans;Diesel;2016;18743
2020;Großraum-Vans;Diesel;2017;17375
2020;Großraum-Vans;Diesel;2018;5389
2020;Großraum-Vans;Diesel;2019;17363
2020;Großraum-Vans;Diesel;2020;6400
2020;Großraum-Vans;Elektro (BEV);2019;1
2020;Großraum-Vans;Elektro (BEV);2020;25
2020;Großraum-Vans;Hybrid;2012;118
2020;Großraum-Vans;Hybrid;2013;142
2020;Großraum-Vans;Hybrid;2014;163
2020;Großraum-Vans;Hybrid;2015;217
2020;Großraum-Vans;Hybrid;2016;163
2020;Großraum-Vans;Hybrid;2017;135
2020;Großraum-Vans;Hybrid;2018;121
2020;Großraum-Vans;Hybrid;2019;142
2020;Großraum-Vans;Hybrid;2020;144
2020;Großraum-Vans;Sonstige;2001;1
2020;Großraum-Vans;Sonstige;2003;1
2020;Großraum-Vans;Sonstige;2004;1
2020;Großraum-Vans;Sonstige;2009;6
2020;Großraum-Vans;Sonstige;2010;18
2020;Großraum-Vans;Sonstige;2011;5
2020;Großraum-Vans;Sonstige;2012;5
2020;Großraum-Vans;Sonstige;2015;1
2020;Großraum-Vans;Flüssiggas (LPG) (einschl. bivalent);1990;2
2020;Großraum-Vans;Flüssiggas (LPG) (einschl. bivalent);1993;2
2020;Großraum-Vans;Flüssiggas (LPG) (einschl. bivalent);1994;8
2020;Großraum-Vans;Flüssiggas (LPG) (einschl. bivalent);1995;7
2020;Großraum-Vans;Flüssiggas (LPG) (einschl. bivalent);1996;38
2020;Großraum-Vans;Flüssiggas (LPG) (einschl. bivalent);1997;94
2020;Großraum-Vans;Flüssiggas (LPG) (einschl. bivalent);1998;123
2020;Großraum-Vans;Flüssiggas (LPG) (einschl. bivalent);1999;205
2020;Großraum-Vans;Flüssiggas (LPG) (einschl. bivalent);2000;270
2020;Großraum-Vans;Flüssiggas (LPG) (einschl. bivalent);2001;370
2020;Großraum-Vans;Flüssiggas (LPG) (einschl. bivalent);2002;365
2020;Großraum-Vans;Flüssiggas (LPG) (einschl. bivalent);2003;447
2020;Großraum-Vans;Flüssiggas (LPG) (einschl. bivalent);2004;396
2020;Großraum-Vans;Flüssiggas (LPG) (einschl. bivalent);2005;479
2020;Großraum-Vans;Flüssiggas (LPG) (einschl. bivalent);2006;413
2020;Großraum-Vans;Flüssiggas (LPG) (einschl. bivalent);2007;354
2020;Großraum-Vans;Flüssiggas (LPG) (einschl. bivalent);2008;329
2020;Großraum-Vans;Flüssiggas (LPG) (einschl. bivalent);2009;227
2020;Großraum-Vans;Flüssiggas (LPG) (einschl. bivalent);2010;110
2020;Großraum-Vans;Flüssiggas (LPG) (einschl. bivalent);2011;65
2020;Großraum-Vans;Flüssiggas (LPG) (einschl. bivalent);2012;46
2020;Großraum-Vans;Flüssiggas (LPG) (einschl. bivalent);2013;26
2020;Großraum-Vans;Flüssiggas (LPG) (einschl. bivalent);2014;19
2020;Großraum-Vans;Flüssiggas (LPG) (einschl. bivalent);2015;13
2020;Großraum-Vans;Flüssiggas (LPG) (einschl. bivalent);2016;3
2020;Großraum-Vans;Flüssiggas (LPG) (einschl. bivalent);2017;20
2020;Großraum-Vans;Flüssiggas (LPG) (einschl. bivalent);2018;2
2020;Großraum-Vans;Erdgas (CNG) (einschl. bivalent);2001;4
2020;Großraum-Vans;Erdgas (CNG) (einschl. bivalent);2002;59
2020;Großraum-Vans;Erdgas (CNG) (einschl. bivalent);2003;81
2020;Großraum-Vans;Erdgas (CNG) (einschl. bivalent);2004;203
2020;Großraum-Vans;Erdgas (CNG) (einschl. bivalent);2005;273
2020;Großraum-Vans;Erdgas (CNG) (einschl. bivalent);2006;387
2020;Großraum-Vans;Erdgas (CNG) (einschl. bivalent);2007;505
2020;Großraum-Vans;Erdgas (CNG) (einschl. bivalent);2008;326
2020;Großraum-Vans;Erdgas (CNG) (einschl. bivalent);2009;248
2020;Großraum-Vans;Erdgas (CNG) (einschl. bivalent);2010;125
2020;Großraum-Vans;Erdgas (CNG) (einschl. bivalent);2011;170
2020;Großraum-Vans;Erdgas (CNG) (einschl. bivalent);2012;179
2020;Großraum-Vans;Erdgas (CNG) (einschl. bivalent);2013;121
2020;Großraum-Vans;Erdgas (CNG) (einschl. bivalent);2014;79
2020;Großraum-Vans;Erdgas (CNG) (einschl. bivalent);2015;49
2020;Großraum-Vans;Erdgas (CNG) (einschl. bivalent);2016;19
2020;Großraum-Vans;Erdgas (CNG) (einschl. bivalent);2017;27
2020;Großraum-Vans;Erdgas (CNG) (einschl. bivalent);2018;9
2020;Utilities;Benzin;1990;182
2020;Utilities;Benzin;1991;251
2020;Utilities;Benzin;1992;302
2020;Utilities;Benzin;1993;212
2020;Utilities;Benzin;1994;378
2020;Utilities;Benzin;1995;517
2020;Utilities;Benzin;1996;561
2020;Utilities;Benzin;1997;696
2020;Utilities;Benzin;1998;1007
2020;Utilities;Benzin;1999;1862
2020;Utilities;Benzin;2000;1919
2020;Utilities;Benzin;2001;2459
2020;Utilities;Benzin;2002;2753
2020;Utilities;Benzin;2003;2743
2020;Utilities;Benzin;2004;2122
2020;Utilities;Benzin;2005;3086
2020;Utilities;Benzin;2006;2380
2020;Utilities;Benzin;2007;1645
2020;Utilities;Benzin;2008;2230
2020;Utilities;Benzin;2009;3756
2020;Utilities;Benzin;2010;1884
2020;Utilities;Benzin;2011;1882
2020;Utilities;Benzin;2012;1352
2020;Utilities;Benzin;2013;1154
2020;Utilities;Benzin;2014;1087
2020;Utilities;Benzin;2015;1506
2020;Utilities;Benzin;2016;2736
2020;Utilities;Benzin;2017;2714
2020;Utilities;Benzin;2018;1972
2020;Utilities;Benzin;2019;3933
2020;Utilities;Benzin;2020;3110
2020;Utilities;Diesel;1990;257
2020;Utilities;Diesel;1991;246
2020;Utilities;Diesel;1992;418
2020;Utilities;Diesel;1993;311
2020;Utilities;Diesel;1994;483
2020;Utilities;Diesel;1995;745
2020;Utilities;Diesel;1996;1236
2020;Utilities;Diesel;1997;1612
2020;Utilities;Diesel;1998;1794
2020;Utilities;Diesel;1999;2355
2020;Utilities;Diesel;2000;2518
2020;Utilities;Diesel;2001;3021
2020;Utilities;Diesel;2002;3882
2020;Utilities;Diesel;2003;4726
2020;Utilities;Diesel;2004;6000
2020;Utilities;Diesel;2005;7293
2020;Utilities;Diesel;2006;8543
2020;Utilities;Diesel;2007;8865
2020;Utilities;Diesel;2008;9045
2020;Utilities;Diesel;2009;8634
2020;Utilities;Diesel;2010;8865
2020;Utilities;Diesel;2011;9267
2020;Utilities;Diesel;2012;8270
2020;Utilities;Diesel;2013;8395
2020;Utilities;Diesel;2014;8681
2020;Utilities;Diesel;2015;12619
2020;Utilities;Diesel;2016;18682
2020;Utilities;Diesel;2017;16086
2020;Utilities;Diesel;2018;9329
2020;Utilities;Diesel;2019;26754
2020;Utilities;Diesel;2020;13657
2020;Utilities;Elektro (BEV);1992;1
2020;Utilities;Elektro (BEV);1997;2
2020;Utilities;Elektro (BEV);1998;1
2020;Utilities;Elektro (BEV);2001;1
2020;Utilities;Elektro (BEV);2002;1
2020;Utilities;Elektro (BEV);2004;1
2020;Utilities;Elektro (BEV);2006;2
2020;Utilities;Elektro (BEV);2009;2
2020;Utilities;Elektro (BEV);2010;3
2020;Utilities;Elektro (BEV);2011;6
2020;Utilities;Elektro (BEV);2012;4
2020;Utilities;Elektro (BEV);2013;1
2020;Utilities;Elektro (BEV);2014;2
2020;Utilities;Elektro (BEV);2015;12
2020;Utilities;Elektro (BEV);2016;35
2020;Utilities;Elektro (BEV);2017;22
2020;Utilities;Elektro (BEV);2018;5
2020;Utilities;Elektro (BEV);2019;169
2020;Utilities;Elektro (BEV);2020;79
2020;Utilities;Hybrid;2019;18
2020;Utilities;Hybrid;2020;233
2020;Utilities;Sonstige;1997;1
2020;Utilities;Sonstige;2000;1
2020;Utilities;Sonstige;2001;2
2020;Utilities;Sonstige;2002;1
2020;Utilities;Sonstige;2003;1
2020;Utilities;Sonstige;2007;1
2020;Utilities;Sonstige;2011;1
2020;Utilities;Sonstige;2012;2
2020;Utilities;Flüssiggas (LPG) (einschl. bivalent);1990;10
2020;Utilities;Flüssiggas (LPG) (einschl. bivalent);1991;25
2020;Utilities;Flüssiggas (LPG) (einschl. bivalent);1992;35
2020;Utilities;Flüssiggas (LPG) (einschl. bivalent);1993;37
2020;Utilities;Flüssiggas (LPG) (einschl. bivalent);1994;63
2020;Utilities;Flüssiggas (LPG) (einschl. bivalent);1995;96
2020;Utilities;Flüssiggas (LPG) (einschl. bivalent);1996;108
2020;Utilities;Flüssiggas (LPG) (einschl. bivalent);1997;87
2020;Utilities;Flüssiggas (LPG) (einschl. bivalent);1998;77
2020;Utilities;Flüssiggas (LPG) (einschl. bivalent);1999;79
2020;Utilities;Flüssiggas (LPG) (einschl. bivalent);2000;47
2020;Utilities;Flüssiggas (LPG) (einschl. bivalent);2001;63
2020;Utilities;Flüssiggas (LPG) (einschl. bivalent);2002;61
2020;Utilities;Flüssiggas (LPG) (einschl. bivalent);2003;85
2020;Utilities;Flüssiggas (LPG) (einschl. bivalent);2004;72
2020;Utilities;Flüssiggas (LPG) (einschl. bivalent);2005;164
2020;Utilities;Flüssiggas (LPG) (einschl. bivalent);2006;157
2020;Utilities;Flüssiggas (LPG) (einschl. bivalent);2007;105
2020;Utilities;Flüssiggas (LPG) (einschl. bivalent);2008;293
2020;Utilities;Flüssiggas (LPG) (einschl. bivalent);2009;212
2020;Utilities;Flüssiggas (LPG) (einschl. bivalent);2010;80
2020;Utilities;Flüssiggas (LPG) (einschl. bivalent);2011;72
2020;Utilities;Flüssiggas (LPG) (einschl. bivalent);2012;87
2020;Utilities;Flüssiggas (LPG) (einschl. bivalent);2013;21
2020;Utilities;Flüssiggas (LPG) (einschl. bivalent);2014;68
2020;Utilities;Flüssiggas (LPG) (einschl. bivalent);2015;88
2020;Utilities;Flüssiggas (LPG) (einschl. bivalent);2016;2
2020;Utilities;Flüssiggas (LPG) (einschl. bivalent);2017;38
2020;Utilities;Flüssiggas (LPG) (einschl. bivalent);2018;40
2020;Utilities;Flüssiggas (LPG) (einschl. bivalent);2019;42
2020;Utilities;Erdgas (CNG) (einschl. bivalent);1994;2
2020;Utilities;Erdgas (CNG) (einschl. bivalent);1996;3
2020;Utilities;Erdgas (CNG) (einschl. bivalent);1997;2
2020;Utilities;Erdgas (CNG) (einschl. bivalent);1998;1
2020;Utilities;Erdgas (CNG) (einschl. bivalent);2000;2
2020;Utilities;Erdgas (CNG) (einschl. bivalent);2001;5
2020;Utilities;Erdgas (CNG) (einschl. bivalent);2002;2
2020;Utilities;Erdgas (CNG) (einschl. bivalent);2003;8
2020;Utilities;Erdgas (CNG) (einschl. bivalent);2004;6
2020;Utilities;Erdgas (CNG) (einschl. bivalent);2005;109
2020;Utilities;Erdgas (CNG) (einschl. bivalent);2006;484
2020;Utilities;Erdgas (CNG) (einschl. bivalent);2007;459
2020;Utilities;Erdgas (CNG) (einschl. bivalent);2008;425
2020;Utilities;Erdgas (CNG) (einschl. bivalent);2009;333
2020;Utilities;Erdgas (CNG) (einschl. bivalent);2010;133
2020;Utilities;Erdgas (CNG) (einschl. bivalent);2011;158
2020;Utilities;Erdgas (CNG) (einschl. bivalent);2012;88
2020;Utilities;Erdgas (CNG) (einschl. bivalent);2013;63
2020;Utilities;Erdgas (CNG) (einschl. bivalent);2014;46
2020;Utilities;Erdgas (CNG) (einschl. bivalent);2015;50
2020;Utilities;Erdgas (CNG) (einschl. bivalent);2016;85
2020;Utilities;Erdgas (CNG) (einschl. bivalent);2017;49
2020;Utilities;Erdgas (CNG) (einschl. bivalent);2018;46
2020;Utilities;Erdgas (CNG) (einschl. bivalent);2019;73
2020;Utilities;Erdgas (CNG) (einschl. bivalent);2020;34
2020;Wohnmobile;Benzin;1990;97
2020;Wohnmobile;Benzin;1991;86
2020;Wohnmobile;Benzin;1992;92
2020;Wohnmobile;Benzin;1993;73
2020;Wohnmobile;Benzin;1994;58
2020;Wohnmobile;Benzin;1995;59
2020;Wohnmobile;Benzin;1996;47
2020;Wohnmobile;Benzin;1997;22
2020;Wohnmobile;Benzin;1998;30
2020;Wohnmobile;Benzin;1999;27
2020;Wohnmobile;Benzin;2000;19
2020;Wohnmobile;Benzin;2001;7
2020;Wohnmobile;Benzin;2002;7
2020;Wohnmobile;Benzin;2003;3
2020;Wohnmobile;Benzin;2004;5
2020;Wohnmobile;Benzin;2005;3
2020;Wohnmobile;Benzin;2006;7
2020;Wohnmobile;Benzin;2007;5
2020;Wohnmobile;Benzin;2008;3
2020;Wohnmobile;Benzin;2009;5
2020;Wohnmobile;Benzin;2010;4
2020;Wohnmobile;Benzin;2011;6
2020;Wohnmobile;Benzin;2012;4
2020;Wohnmobile;Benzin;2013;5
2020;Wohnmobile;Benzin;2014;3
2020;Wohnmobile;Benzin;2015;4
2020;Wohnmobile;Benzin;2016;16
2020;Wohnmobile;Benzin;2017;19
2020;Wohnmobile;Benzin;2018;12
2020;Wohnmobile;Benzin;2019;31
2020;Wohnmobile;Benzin;2020;31
2020;Wohnmobile;Diesel;1990;1370
2020;Wohnmobile;Diesel;1991;1726
2020;Wohnmobile;Diesel;1992;1837
2020;Wohnmobile;Diesel;1993;1504
2020;Wohnmobile;Diesel;1994;1415
2020;Wohnmobile;Diesel;1995;1387
2020;Wohnmobile;Diesel;1996;1575
2020;Wohnmobile;Diesel;1997;1495
2020;Wohnmobile;Diesel;1998;1571
2020;Wohnmobile;Diesel;1999;2020
2020;Wohnmobile;Diesel;2000;2141
2020;Wohnmobile;Diesel;2001;2212
2020;Wohnmobile;Diesel;2002;2052
2020;Wohnmobile;Diesel;2003;2035
2020;Wohnmobile;Diesel;2004;2126
2020;Wohnmobile;Diesel;2005;2255
2020;Wohnmobile;Diesel;2006;2281
2020;Wohnmobile;Diesel;2007;2161
2020;Wohnmobile;Diesel;2008;2366
2020;Wohnmobile;Diesel;2009;1983
2020;Wohnmobile;Diesel;2010;2108
2020;Wohnmobile;Diesel;2011;2399
2020;Wohnmobile;Diesel;2012;2516
2020;Wohnmobile;Diesel;2013;2502
2020;Wohnmobile;Diesel;2014;2582
2020;Wohnmobile;Diesel;2015;3002
2020;Wohnmobile;Diesel;2016;3580
2020;Wohnmobile;Diesel;2017;4126
2020;Wohnmobile;Diesel;2018;5068
2020;Wohnmobile;Diesel;2019;8191
2020;Wohnmobile;Diesel;2020;13398
2020;Wohnmobile;Sonstige;2005;1
2020;Wohnmobile;Sonstige;2007;1
2020;Wohnmobile;Sonstige;2008;2
2020;Wohnmobile;Sonstige;2010;1
2020;Wohnmobile;Sonstige;2012;1
2020;Wohnmobile;Sonstige;2015;3
2020;Wohnmobile;Sonstige;2019;2
2020;Wohnmobile;Flüssiggas (LPG) (einschl. bivalent);1990;18
2020;Wohnmobile;Flüssiggas (LPG) (einschl. bivalent);1991;26
2020;Wohnmobile;Flüssiggas (LPG) (einschl. bivalent);1992;22
2020;Wohnmobile;Flüssiggas (LPG) (einschl. bivalent);1993;20
2020;Wohnmobile;Flüssiggas (LPG) (einschl. bivalent);1994;20
2020;Wohnmobile;Flüssiggas (LPG) (einschl. bivalent);1995;27
2020;Wohnmobile;Flüssiggas (LPG) (einschl. bivalent);1996;14
2020;Wohnmobile;Flüssiggas (LPG) (einschl. bivalent);1997;18
2020;Wohnmobile;Flüssiggas (LPG) (einschl. bivalent);1998;6
2020;Wohnmobile;Flüssiggas (LPG) (einschl. bivalent);1999;7
2020;Wohnmobile;Flüssiggas (LPG) (einschl. bivalent);2000;9
2020;Wohnmobile;Flüssiggas (LPG) (einschl. bivalent);2001;3
2020;Wohnmobile;Flüssiggas (LPG) (einschl. bivalent);2002;3
2020;Wohnmobile;Flüssiggas (LPG) (einschl. bivalent);2003;4
2020;Wohnmobile;Flüssiggas (LPG) (einschl. bivalent);2004;6
2020;Wohnmobile;Flüssiggas (LPG) (einschl. bivalent);2005;10
2020;Wohnmobile;Flüssiggas (LPG) (einschl. bivalent);2006;3
2020;Wohnmobile;Flüssiggas (LPG) (einschl. bivalent);2007;2
2020;Wohnmobile;Flüssiggas (LPG) (einschl. bivalent);2008;1
2020;Wohnmobile;Flüssiggas (LPG) (einschl. bivalent);2009;2
2020;Wohnmobile;Flüssiggas (LPG) (einschl. bivalent);2010;1
2020;Wohnmobile;Flüssiggas (LPG) (einschl. bivalent);2012;1
2020;Wohnmobile;Flüssiggas (LPG) (einschl. bivalent);2019;1
2020;Wohnmobile;Flüssiggas (LPG) (einschl. bivalent);2020;2
2020;Wohnmobile;Erdgas (CNG) (einschl. bivalent);1997;1
2020;Wohnmobile;Erdgas (CNG) (einschl. bivalent);1998;1
2020;Wohnmobile;Erdgas (CNG) (einschl. bivalent);2006;4
2020;Wohnmobile;Erdgas (CNG) (einschl. bivalent);2008;1
2020;Wohnmobile;Erdgas (CNG) (einschl. bivalent);2009;1
2020;Wohnmobile;Erdgas (CNG) (einschl. bivalent);2010;1
2020;Wohnmobile;Erdgas (CNG) (einschl. bivalent);2019;1
2020;Sonstige;Benzin;1901;1
2020;Sonstige;Benzin;1908;1
2020;Sonstige;Benzin;1910;1
2020;Sonstige;Benzin;1911;1
2020;Sonstige;Benzin;1913;1
2020;Sonstige;Benzin;1914;3
2020;Sonstige;Benzin;1915;4
2020;Sonstige;Benzin;1916;4
2020;Sonstige;Benzin;1918;1
2020;Sonstige;Benzin;1919;3
2020;Sonstige;Benzin;1921;4
2020;Sonstige;Benzin;1922;4
2020;Sonstige;Benzin;1923;6
2020;Sonstige;Benzin;1924;8
2020;Sonstige;Benzin;1925;7
2020;Sonstige;Benzin;1926;13
2020;Sonstige;Benzin;1927;15
2020;Sonstige;Benzin;1928;43
2020;Sonstige;Benzin;1929;53
2020;Sonstige;Benzin;1930;46
2020;Sonstige;Benzin;1931;62
2020;Sonstige;Benzin;1932;30
2020;Sonstige;Benzin;1933;30
2020;Sonstige;Benzin;1934;51
2020;Sonstige;Benzin;1935;35
2020;Sonstige;Benzin;1936;57
2020;Sonstige;Benzin;1937;64
2020;Sonstige;Benzin;1938;72
2020;Sonstige;Benzin;1939;72
2020;Sonstige;Benzin;1940;8
2020;Sonstige;Benzin;1941;12
2020;Sonstige;Benzin;1942;13
2020;Sonstige;Benzin;1943;24
2020;Sonstige;Benzin;1944;27
2020;Sonstige;Benzin;1945;4
2020;Sonstige;Benzin;1946;9
2020;Sonstige;Benzin;1947;23
2020;Sonstige;Benzin;1948;35
2020;Sonstige;Benzin;1949;51
2020;Sonstige;Benzin;1950;78
2020;Sonstige;Benzin;1951;101
2020;Sonstige;Benzin;1952;131
2020;Sonstige;Benzin;1953;125
2020;Sonstige;Benzin;1954;149
2020;Sonstige;Benzin;1955;197
2020;Sonstige;Benzin;1956;263
2020;Sonstige;Benzin;1957;324
2020;Sonstige;Benzin;1958;367
2020;Sonstige;Benzin;1959;422
2020;Sonstige;Benzin;1960;474
2020;Sonstige;Benzin;1961;403
2020;Sonstige;Benzin;1962;523
2020;Sonstige;Benzin;1963;512
2020;Sonstige;Benzin;1964;631
2020;Sonstige;Benzin;1965;828
2020;Sonstige;Benzin;1966;944
2020;Sonstige;Benzin;1967;1040
2020;Sonstige;Benzin;1968;1170
2020;Sonstige;Benzin;1969;1184
2020;Sonstige;Benzin;1970;1258
2020;Sonstige;Benzin;1971;1429
2020;Sonstige;Benzin;1972;1586
2020;Sonstige;Benzin;1973;1648
2020;Sonstige;Benzin;1974;1094
2020;Sonstige;Benzin;1975;1006
2020;Sonstige;Benzin;1976;1102
2020;Sonstige;Benzin;1977;1256
2020;Sonstige;Benzin;1978;1525
2020;Sonstige;Benzin;1979;1791
2020;Sonstige;Benzin;1980;1390
2020;Sonstige;Benzin;1981;1513
2020;Sonstige;Benzin;1982;1736
2020;Sonstige;Benzin;1983;2467
2020;Sonstige;Benzin;1984;2445
2020;Sonstige;Benzin;1985;2567
2020;Sonstige;Benzin;1986;3442
2020;Sonstige;Benzin;1987;5061
2020;Sonstige;Benzin;1988;6674
2020;Sonstige;Benzin;1989;9829
2020;Sonstige;Benzin;1990;2076
2020;Sonstige;Benzin;1991;2227
2020;Sonstige;Benzin;1992;1758
2020;Sonstige;Benzin;1993;1670
2020;Sonstige;Benzin;1994;1862
2020;Sonstige;Benzin;1995;3193
2020;Sonstige;Benzin;1996;3632
2020;Sonstige;Benzin;1997;3795
2020;Sonstige;Benzin;1998;2666
2020;Sonstige;Benzin;1999;2480
2020;Sonstige;Benzin;2000;2842
2020;Sonstige;Benzin;2001;3711
2020;Sonstige;Benzin;2002;3765
2020;Sonstige;Benzin;2003;4204
2020;Sonstige;Benzin;2004;3557
2020;Sonstige;Benzin;2005;3701
2020;Sonstige;Benzin;2006;1457
2020;Sonstige;Benzin;2007;933
2020;Sonstige;Benzin;2008;777
2020;Sonstige;Benzin;2009;1012
2020;Sonstige;Benzin;2010;594
2020;Sonstige;Benzin;2011;529
2020;Sonstige;Benzin;2012;743
2020;Sonstige;Benzin;2013;737
2020;Sonstige;Benzin;2014;910
2020;Sonstige;Benzin;2015;1127
2020;Sonstige;Benzin;2016;1344
2020;Sonstige;Benzin;2017;1554
2020;Sonstige;Benzin;2018;1843
2020;Sonstige;Benzin;2019;1998
2020;Sonstige;Benzin;2020;1380
2020;Sonstige;Diesel;1916;1
2020;Sonstige;Diesel;1917;1
2020;Sonstige;Diesel;1940;1
2020;Sonstige;Diesel;1942;1
2020;Sonstige;Diesel;1949;1
2020;Sonstige;Diesel;1950;4
2020;Sonstige;Diesel;1951;10
2020;Sonstige;Diesel;1952;9
2020;Sonstige;Diesel;1953;16
2020;Sonstige;Diesel;1954;11
2020;Sonstige;Diesel;1955;3
2020;Sonstige;Diesel;1956;5
2020;Sonstige;Diesel;1957;9
2020;Sonstige;Diesel;1958;11
2020;Sonstige;Diesel;1959;9
2020;Sonstige;Diesel;1960;16
2020;Sonstige;Diesel;1961;17
2020;Sonstige;Diesel;1962;13
2020;Sonstige;Diesel;1963;22
2020;Sonstige;Diesel;1964;17
2020;Sonstige;Diesel;1965;39
2020;Sonstige;Diesel;1966;44
2020;Sonstige;Diesel;1967;39
2020;Sonstige;Diesel;1968;34
2020;Sonstige;Diesel;1969;31
2020;Sonstige;Diesel;1970;34
2020;Sonstige;Diesel;1971;65
2020;Sonstige;Diesel;1972;72
2020;Sonstige;Diesel;1973;82
2020;Sonstige;Diesel;1974;58
2020;Sonstige;Diesel;1975;92
2020;Sonstige;Diesel;1976;116
2020;Sonstige;Diesel;1977;107
2020;Sonstige;Diesel;1978;140
2020;Sonstige;Diesel;1979;218
2020;Sonstige;Diesel;1980;278
2020;Sonstige;Diesel;1981;350
2020;Sonstige;Diesel;1982;542
2020;Sonstige;Diesel;1983;518
2020;Sonstige;Diesel;1984;527
2020;Sonstige;Diesel;1985;781
2020;Sonstige;Diesel;1986;1042
2020;Sonstige;Diesel;1987;1207
2020;Sonstige;Diesel;1988;1365
2020;Sonstige;Diesel;1989;1708
2020;Sonstige;Diesel;1990;52
2020;Sonstige;Diesel;1991;46
2020;Sonstige;Diesel;1992;49
2020;Sonstige;Diesel;1993;42
2020;Sonstige;Diesel;1994;79
2020;Sonstige;Diesel;1995;200
2020;Sonstige;Diesel;1996;233
2020;Sonstige;Diesel;1997;200
2020;Sonstige;Diesel;1998;169
2020;Sonstige;Diesel;1999;313
2020;Sonstige;Diesel;2000;814
2020;Sonstige;Diesel;2001;1481
2020;Sonstige;Diesel;2002;1282
2020;Sonstige;Diesel;2003;1175
2020;Sonstige;Diesel;2004;1144
2020;Sonstige;Diesel;2005;623
2020;Sonstige;Diesel;2006;283
2020;Sonstige;Diesel;2007;210
2020;Sonstige;Diesel;2008;147
2020;Sonstige;Diesel;2009;126
2020;Sonstige;Diesel;2010;95
2020;Sonstige;Diesel;2011;183
2020;Sonstige;Diesel;2012;235
2020;Sonstige;Diesel;2013;117
2020;Sonstige;Diesel;2014;87
2020;Sonstige;Diesel;2015;85
2020;Sonstige;Diesel;2016;103
2020;Sonstige;Diesel;2017;99
2020;Sonstige;Diesel;2018;155
2020;Sonstige;Diesel;2019;312
2020;Sonstige;Diesel;2020;76
2020;Sonstige;Elektro (BEV);1919;1
2020;Sonstige;Elektro (BEV);1963;1
2020;Sonstige;Elektro (BEV);1969;1
2020;Sonstige;Elektro (BEV);1974;2
2020;Sonstige;Elektro (BEV);1975;1
2020;Sonstige;Elektro (BEV);1978;1
2020;Sonstige;Elektro (BEV);1979;1
2020;Sonstige;Elektro (BEV);1980;1
2020;Sonstige;Elektro (BEV);1983;1
2020;Sonstige;Elektro (BEV);1986;1
2020;Sonstige;Elektro (BEV);1988;1
2020;Sonstige;Elektro (BEV);1989;1
2020;Sonstige;Elektro (BEV);1991;3
2020;Sonstige;Elektro (BEV);1992;14
2020;Sonstige;Elektro (BEV);1993;4
2020;Sonstige;Elektro (BEV);1994;5
2020;Sonstige;Elektro (BEV);1995;3
2020;Sonstige;Elektro (BEV);1996;5
2020;Sonstige;Elektro (BEV);1997;4
2020;Sonstige;Elektro (BEV);1998;5
2020;Sonstige;Elektro (BEV);1999;6
2020;Sonstige;Elektro (BEV);2000;5
2020;Sonstige;Elektro (BEV);2001;9
2020;Sonstige;Elektro (BEV);2002;1
2020;Sonstige;Elektro (BEV);2003;1
2020;Sonstige;Elektro (BEV);2004;1
2020;Sonstige;Elektro (BEV);2008;1
2020;Sonstige;Elektro (BEV);2009;3
2020;Sonstige;Elektro (BEV);2010;13
2020;Sonstige;Elektro (BEV);2011;15
2020;Sonstige;Elektro (BEV);2012;21
2020;Sonstige;Elektro (BEV);2013;12
2020;Sonstige;Elektro (BEV);2014;15
2020;Sonstige;Elektro (BEV);2015;29
2020;Sonstige;Elektro (BEV);2016;91
2020;Sonstige;Elektro (BEV);2017;52
2020;Sonstige;Elektro (BEV);2018;75
2020;Sonstige;Elektro (BEV);2019;195
2020;Sonstige;Elektro (BEV);2020;153
2020;Sonstige;Hybrid;1985;1
2020;Sonstige;Hybrid;1987;1
2020;Sonstige;Hybrid;1989;2
2020;Sonstige;Hybrid;1999;1
2020;Sonstige;Hybrid;2002;1
2020;Sonstige;Hybrid;2003;3
2020;Sonstige;Hybrid;2004;4
2020;Sonstige;Hybrid;2005;4
2020;Sonstige;Hybrid;2006;2
2020;Sonstige;Hybrid;2007;5
2020;Sonstige;Hybrid;2008;6
2020;Sonstige;Hybrid;2009;7
2020;Sonstige;Hybrid;2010;5
2020;Sonstige;Hybrid;2011;4
2020;Sonstige;Hybrid;2012;18
2020;Sonstige;Hybrid;2013;15
2020;Sonstige;Hybrid;2014;25
2020;Sonstige;Hybrid;2015;141
2020;Sonstige;Hybrid;2016;31
2020;Sonstige;Hybrid;2017;41
2020;Sonstige;Hybrid;2018;166
2020;Sonstige;Hybrid;2019;420
2020;Sonstige;Hybrid;2020;128
2020;Sonstige;Sonstige;1919;1
2020;Sonstige;Sonstige;1951;1
2020;Sonstige;Sonstige;1958;1
2020;Sonstige;Sonstige;1967;2
2020;Sonstige;Sonstige;1968;1
2020;Sonstige;Sonstige;1971;1
2020;Sonstige;Sonstige;1973;1
2020;Sonstige;Sonstige;1975;1
2020;Sonstige;Sonstige;1977;1
2020;Sonstige;Sonstige;1978;1
2020;Sonstige;Sonstige;1979;1
2020;Sonstige;Sonstige;1980;1
2020;Sonstige;Sonstige;1981;1
2020;Sonstige;Sonstige;1983;2
2020;Sonstige;Sonstige;1984;2
2020;Sonstige;Sonstige;1986;2
2020;Sonstige;Sonstige;1999;1
2020;Sonstige;Sonstige;2001;1
2020;Sonstige;Sonstige;2002;1
2020;Sonstige;Sonstige;2007;1
2020;Sonstige;Sonstige;2008;1
2020;Sonstige;Sonstige;2009;2
2020;Sonstige;Sonstige;2010;1
2020;Sonstige;Sonstige;2011;2
2020;Sonstige;Sonstige;2013;2
2020;Sonstige;Sonstige;2015;2
2020;Sonstige;Sonstige;2016;27
2020;Sonstige;Sonstige;2017;35
2020;Sonstige;Sonstige;2018;18
2020;Sonstige;Sonstige;2019;25
2020;Sonstige;Sonstige;2020;3
2020;Sonstige;Flüssiggas (LPG) (einschl. bivalent);1954;1
2020;Sonstige;Flüssiggas (LPG) (einschl. bivalent);1956;1
2020;Sonstige;Flüssiggas (LPG) (einschl. bivalent);1957;1
2020;Sonstige;Flüssiggas (LPG) (einschl. bivalent);1961;1
2020;Sonstige;Flüssiggas (LPG) (einschl. bivalent);1963;1
2020;Sonstige;Flüssiggas (LPG) (einschl. bivalent);1965;2
2020;Sonstige;Flüssiggas (LPG) (einschl. bivalent);1966;2
2020;Sonstige;Flüssiggas (LPG) (einschl. bivalent);1967;4
2020;Sonstige;Flüssiggas (LPG) (einschl. bivalent);1968;2
2020;Sonstige;Flüssiggas (LPG) (einschl. bivalent);1969;1
2020;Sonstige;Flüssiggas (LPG) (einschl. bivalent);1970;2
2020;Sonstige;Flüssiggas (LPG) (einschl. bivalent);1971;3
2020;Sonstige;Flüssiggas (LPG) (einschl. bivalent);1972;2
2020;Sonstige;Flüssiggas (LPG) (einschl. bivalent);1973;2
2020;Sonstige;Flüssiggas (LPG) (einschl. bivalent);1974;4
2020;Sonstige;Flüssiggas (LPG) (einschl. bivalent);1975;8
2020;Sonstige;Flüssiggas (LPG) (einschl. bivalent);1976;2
2020;Sonstige;Flüssiggas (LPG) (einschl. bivalent);1977;8
2020;Sonstige;Flüssiggas (LPG) (einschl. bivalent);1978;10
2020;Sonstige;Flüssiggas (LPG) (einschl. bivalent);1979;14
2020;Sonstige;Flüssiggas (LPG) (einschl. bivalent);1980;13
2020;Sonstige;Flüssiggas (LPG) (einschl. bivalent);1981;16
2020;Sonstige;Flüssiggas (LPG) (einschl. bivalent);1982;20
2020;Sonstige;Flüssiggas (LPG) (einschl. bivalent);1983;20
2020;Sonstige;Flüssiggas (LPG) (einschl. bivalent);1984;22
2020;Sonstige;Flüssiggas (LPG) (einschl. bivalent);1985;25
2020;Sonstige;Flüssiggas (LPG) (einschl. bivalent);1986;29
2020;Sonstige;Flüssiggas (LPG) (einschl. bivalent);1987;38
2020;Sonstige;Flüssiggas (LPG) (einschl. bivalent);1988;72
2020;Sonstige;Flüssiggas (LPG) (einschl. bivalent);1989;130
2020;Sonstige;Flüssiggas (LPG) (einschl. bivalent);1990;41
2020;Sonstige;Flüssiggas (LPG) (einschl. bivalent);1991;52
2020;Sonstige;Flüssiggas (LPG) (einschl. bivalent);1992;41
2020;Sonstige;Flüssiggas (LPG) (einschl. bivalent);1993;42
2020;Sonstige;Flüssiggas (LPG) (einschl. bivalent);1994;65
2020;Sonstige;Flüssiggas (LPG) (einschl. bivalent);1995;102
2020;Sonstige;Flüssiggas (LPG) (einschl. bivalent);1996;112
2020;Sonstige;Flüssiggas (LPG) (einschl. bivalent);1997;150
2020;Sonstige;Flüssiggas (LPG) (einschl. bivalent);1998;154
2020;Sonstige;Flüssiggas (LPG) (einschl. bivalent);1999;137
2020;Sonstige;Flüssiggas (LPG) (einschl. bivalent);2000;147
2020;Sonstige;Flüssiggas (LPG) (einschl. bivalent);2001;165
2020;Sonstige;Flüssiggas (LPG) (einschl. bivalent);2002;170
2020;Sonstige;Flüssiggas (LPG) (einschl. bivalent);2003;152
2020;Sonstige;Flüssiggas (LPG) (einschl. bivalent);2004;185
2020;Sonstige;Flüssiggas (LPG) (einschl. bivalent);2005;271
2020;Sonstige;Flüssiggas (LPG) (einschl. bivalent);2006;216
2020;Sonstige;Flüssiggas (LPG) (einschl. bivalent);2007;118
2020;Sonstige;Flüssiggas (LPG) (einschl. bivalent);2008;118
2020;Sonstige;Flüssiggas (LPG) (einschl. bivalent);2009;70
2020;Sonstige;Flüssiggas (LPG) (einschl. bivalent);2010;53
2020;Sonstige;Flüssiggas (LPG) (einschl. bivalent);2011;45
2020;Sonstige;Flüssiggas (LPG) (einschl. bivalent);2012;34
2020;Sonstige;Flüssiggas (LPG) (einschl. bivalent);2013;33
2020;Sonstige;Flüssiggas (LPG) (einschl. bivalent);2014;48
2020;Sonstige;Flüssiggas (LPG) (einschl. bivalent);2015;44
2020;Sonstige;Flüssiggas (LPG) (einschl. bivalent);2016;54
2020;Sonstige;Flüssiggas (LPG) (einschl. bivalent);2017;73
2020;Sonstige;Flüssiggas (LPG) (einschl. bivalent);2018;61
2020;Sonstige;Flüssiggas (LPG) (einschl. bivalent);2019;48
2020;Sonstige;Flüssiggas (LPG) (einschl. bivalent);2020;10
2020;Sonstige;Erdgas (CNG) (einschl. bivalent);1973;1
2020;Sonstige;Erdgas (CNG) (einschl. bivalent);1982;1
2020;Sonstige;Erdgas (CNG) (einschl. bivalent);1996;1
2020;Sonstige;Erdgas (CNG) (einschl. bivalent);1997;1
2020;Sonstige;Erdgas (CNG) (einschl. bivalent);2000;2
2020;Sonstige;Erdgas (CNG) (einschl. bivalent);2003;11
2020;Sonstige;Erdgas (CNG) (einschl. bivalent);2004;1
2020;Sonstige;Erdgas (CNG) (einschl. bivalent);2006;2
2020;Sonstige;Erdgas (CNG) (einschl. bivalent);2012;2
2020;Sonstige;Erdgas (CNG) (einschl. bivalent);2013;6
2020;Sonstige;Erdgas (CNG) (einschl. bivalent);2018;1
2021;Minis;Benzin;1990;97
2021;Minis;Benzin;1991;168
2021;Minis;Benzin;1992;255
2021;Minis;Benzin;1993;350
2021;Minis;Benzin;1994;534
2021;Minis;Benzin;1995;724
2021;Minis;Benzin;1996;1549
2021;Minis;Benzin;1997;2683
2021;Minis;Benzin;1998;6529
2021;Minis;Benzin;1999;14465
2021;Minis;Benzin;2000;17517
2021;Minis;Benzin;2001;19977
2021;Minis;Benzin;2002;21897
2021;Minis;Benzin;2003;18089
2021;Minis;Benzin;2004;17383
2021;Minis;Benzin;2005;18714
2021;Minis;Benzin;2006;21611
2021;Minis;Benzin;2007;17568
2021;Minis;Benzin;2008;19689
2021;Minis;Benzin;2009;33178
2021;Minis;Benzin;2010;18813
2021;Minis;Benzin;2011;15015
2021;Minis;Benzin;2012;17680
2021;Minis;Benzin;2013;16119
2021;Minis;Benzin;2014;16375
2021;Minis;Benzin;2015;17604
2021;Minis;Benzin;2016;19384
2021;Minis;Benzin;2017;26517
2021;Minis;Benzin;2018;30152
2021;Minis;Benzin;2019;18901
2021;Minis;Benzin;2020;10291
2021;Minis;Benzin;2021;14628
2021;Minis;Diesel;1993;2
2021;Minis;Diesel;1994;3
2021;Minis;Diesel;1995;3
2021;Minis;Diesel;1996;5
2021;Minis;Diesel;1997;7
2021;Minis;Diesel;1998;73
2021;Minis;Diesel;1999;373
2021;Minis;Diesel;2000;1321
2021;Minis;Diesel;2001;1471
2021;Minis;Diesel;2002;1395
2021;Minis;Diesel;2003;944
2021;Minis;Diesel;2004;857
2021;Minis;Diesel;2005;750
2021;Minis;Diesel;2006;1064
2021;Minis;Diesel;2007;928
2021;Minis;Diesel;2008;1167
2021;Minis;Diesel;2009;860
2021;Minis;Diesel;2010;648
2021;Minis;Diesel;2011;527
2021;Minis;Diesel;2012;382
2021;Minis;Diesel;2013;482
2021;Minis;Diesel;2014;245
2021;Minis;Diesel;2015;261
2021;Minis;Diesel;2016;252
2021;Minis;Diesel;2017;125
2021;Minis;Diesel;2018;69
2021;Minis;Diesel;2019;48
2021;Minis;Diesel;2020;26
2021;Minis;Diesel;2021;570
2021;Minis;Elektro (BEV);1993;1
2021;Minis;Elektro (BEV);1997;4
2021;Minis;Elektro (BEV);1998;1
2021;Minis;Elektro (BEV);1999;5
2021;Minis;Elektro (BEV);2000;1
2021;Minis;Elektro (BEV);2001;1
2021;Minis;Elektro (BEV);2002;3
2021;Minis;Elektro (BEV);2004;2
2021;Minis;Elektro (BEV);2005;1
2021;Minis;Elektro (BEV);2008;1
2021;Minis;Elektro (BEV);2009;2
2021;Minis;Elektro (BEV);2010;21
2021;Minis;Elektro (BEV);2011;146
2021;Minis;Elektro (BEV);2012;150
2021;Minis;Elektro (BEV);2013;172
2021;Minis;Elektro (BEV);2014;179
2021;Minis;Elektro (BEV);2015;117
2021;Minis;Elektro (BEV);2016;116
2021;Minis;Elektro (BEV);2017;1172
2021;Minis;Elektro (BEV);2018;1559
2021;Minis;Elektro (BEV);2019;1091
2021;Minis;Elektro (BEV);2020;3638
2021;Minis;Elektro (BEV);2021;1855
2021;Minis;Hybrid;2002;1
2021;Minis;Hybrid;2005;1
2021;Minis;Hybrid;2006;1
2021;Minis;Hybrid;2020;1122
2021;Minis;Hybrid;2021;9424
2021;Minis;Sonstige;2001;1
2021;Minis;Sonstige;2005;2
2021;Minis;Sonstige;2008;1
2021;Minis;Sonstige;2009;2
2021;Minis;Sonstige;2017;1
2021;Minis;Flüssiggas (LPG) (einschl. bivalent);1991;1
2021;Minis;Flüssiggas (LPG) (einschl. bivalent);1993;1
2021;Minis;Flüssiggas (LPG) (einschl. bivalent);1995;1
2021;Minis;Flüssiggas (LPG) (einschl. bivalent);1996;2
2021;Minis;Flüssiggas (LPG) (einschl. bivalent);1997;5
2021;Minis;Flüssiggas (LPG) (einschl. bivalent);1998;10
2021;Minis;Flüssiggas (LPG) (einschl. bivalent);1999;24
2021;Minis;Flüssiggas (LPG) (einschl. bivalent);2000;43
2021;Minis;Flüssiggas (LPG) (einschl. bivalent);2001;45
2021;Minis;Flüssiggas (LPG) (einschl. bivalent);2002;57
2021;Minis;Flüssiggas (LPG) (einschl. bivalent);2003;80
2021;Minis;Flüssiggas (LPG) (einschl. bivalent);2004;94
2021;Minis;Flüssiggas (LPG) (einschl. bivalent);2005;146
2021;Minis;Flüssiggas (LPG) (einschl. bivalent);2006;202
2021;Minis;Flüssiggas (LPG) (einschl. bivalent);2007;183
2021;Minis;Flüssiggas (LPG) (einschl. bivalent);2008;276
2021;Minis;Flüssiggas (LPG) (einschl. bivalent);2009;250
2021;Minis;Flüssiggas (LPG) (einschl. bivalent);2010;137
2021;Minis;Flüssiggas (LPG) (einschl. bivalent);2011;85
2021;Minis;Flüssiggas (LPG) (einschl. bivalent);2012;138
2021;Minis;Flüssiggas (LPG) (einschl. bivalent);2013;51
2021;Minis;Flüssiggas (LPG) (einschl. bivalent);2014;108
2021;Minis;Flüssiggas (LPG) (einschl. bivalent);2015;117
2021;Minis;Flüssiggas (LPG) (einschl. bivalent);2016;90
2021;Minis;Flüssiggas (LPG) (einschl. bivalent);2017;61
2021;Minis;Flüssiggas (LPG) (einschl. bivalent);2018;51
2021;Minis;Flüssiggas (LPG) (einschl. bivalent);2019;21
2021;Minis;Flüssiggas (LPG) (einschl. bivalent);2020;8
2021;Minis;Flüssiggas (LPG) (einschl. bivalent);2021;18
2021;Minis;Erdgas (CNG) (einschl. bivalent);1999;2
2021;Minis;Erdgas (CNG) (einschl. bivalent);2000;4
2021;Minis;Erdgas (CNG) (einschl. bivalent);2001;4
2021;Minis;Erdgas (CNG) (einschl. bivalent);2002;4
2021;Minis;Erdgas (CNG) (einschl. bivalent);2003;7
2021;Minis;Erdgas (CNG) (einschl. bivalent);2004;4
2021;Minis;Erdgas (CNG) (einschl. bivalent);2005;5
2021;Minis;Erdgas (CNG) (einschl. bivalent);2006;4
2021;Minis;Erdgas (CNG) (einschl. bivalent);2007;78
2021;Minis;Erdgas (CNG) (einschl. bivalent);2008;84
2021;Minis;Erdgas (CNG) (einschl. bivalent);2009;44
2021;Minis;Erdgas (CNG) (einschl. bivalent);2010;19
2021;Minis;Erdgas (CNG) (einschl. bivalent);2011;24
2021;Minis;Erdgas (CNG) (einschl. bivalent);2012;10
2021;Minis;Erdgas (CNG) (einschl. bivalent);2013;309
2021;Minis;Erdgas (CNG) (einschl. bivalent);2014;201
2021;Minis;Erdgas (CNG) (einschl. bivalent);2015;115
2021;Minis;Erdgas (CNG) (einschl. bivalent);2016;97
2021;Minis;Erdgas (CNG) (einschl. bivalent);2017;170
2021;Minis;Erdgas (CNG) (einschl. bivalent);2018;242
2021;Minis;Erdgas (CNG) (einschl. bivalent);2019;59
2021;Minis;Erdgas (CNG) (einschl. bivalent);2020;27
2021;Minis;Erdgas (CNG) (einschl. bivalent);2021;4
2021;Kleinwagen;Benzin;1990;857
2021;Kleinwagen;Benzin;1991;1813
2021;Kleinwagen;Benzin;1992;1898
2021;Kleinwagen;Benzin;1993;2337
2021;Kleinwagen;Benzin;1994;3298
2021;Kleinwagen;Benzin;1995;7570
2021;Kleinwagen;Benzin;1996;14199
2021;Kleinwagen;Benzin;1997;16704
2021;Kleinwagen;Benzin;1998;22292
2021;Kleinwagen;Benzin;1999;28039
2021;Kleinwagen;Benzin;2000;40409
2021;Kleinwagen;Benzin;2001;49494
2021;Kleinwagen;Benzin;2002;65315
2021;Kleinwagen;Benzin;2003;69042
2021;Kleinwagen;Benzin;2004;67741
2021;Kleinwagen;Benzin;2005;62788
2021;Kleinwagen;Benzin;2006;69564
2021;Kleinwagen;Benzin;2007;57967
2021;Kleinwagen;Benzin;2008;54987
2021;Kleinwagen;Benzin;2009;76586
2021;Kleinwagen;Benzin;2010;44945
2021;Kleinwagen;Benzin;2011;42493
2021;Kleinwagen;Benzin;2012;36113
2021;Kleinwagen;Benzin;2013;28946
2021;Kleinwagen;Benzin;2014;28324
2021;Kleinwagen;Benzin;2015;27813
2021;Kleinwagen;Benzin;2016;34721
2021;Kleinwagen;Benzin;2017;48460
2021;Kleinwagen;Benzin;2018;59939
2021;Kleinwagen;Benzin;2019;36537
2021;Kleinwagen;Benzin;2020;53994
2021;Kleinwagen;Benzin;2021;35538
2021;Kleinwagen;Diesel;1990;5
2021;Kleinwagen;Diesel;1991;13
2021;Kleinwagen;Diesel;1992;23
2021;Kleinwagen;Diesel;1993;17
2021;Kleinwagen;Diesel;1994;10
2021;Kleinwagen;Diesel;1995;12
2021;Kleinwagen;Diesel;1996;19
2021;Kleinwagen;Diesel;1997;44
2021;Kleinwagen;Diesel;1998;145
2021;Kleinwagen;Diesel;1999;176
2021;Kleinwagen;Diesel;2000;861
2021;Kleinwagen;Diesel;2001;1608
2021;Kleinwagen;Diesel;2002;3429
2021;Kleinwagen;Diesel;2003;4396
2021;Kleinwagen;Diesel;2004;6718
2021;Kleinwagen;Diesel;2005;5850
2021;Kleinwagen;Diesel;2006;7593
2021;Kleinwagen;Diesel;2007;7441
2021;Kleinwagen;Diesel;2008;6775
2021;Kleinwagen;Diesel;2009;5984
2021;Kleinwagen;Diesel;2010;6510
2021;Kleinwagen;Diesel;2011;7932
2021;Kleinwagen;Diesel;2012;6852
2021;Kleinwagen;Diesel;2013;5376
2021;Kleinwagen;Diesel;2014;4637
2021;Kleinwagen;Diesel;2015;6054
2021;Kleinwagen;Diesel;2016;5629
2021;Kleinwagen;Diesel;2017;5697
2021;Kleinwagen;Diesel;2018;7382
2021;Kleinwagen;Diesel;2019;3999
2021;Kleinwagen;Diesel;2020;2010
2021;Kleinwagen;Diesel;2021;764
2021;Kleinwagen;Elektro (BEV);1991;1
2021;Kleinwagen;Elektro (BEV);1992;1
2021;Kleinwagen;Elektro (BEV);1996;5
2021;Kleinwagen;Elektro (BEV);1997;6
2021;Kleinwagen;Elektro (BEV);1999;2
2021;Kleinwagen;Elektro (BEV);2001;3
2021;Kleinwagen;Elektro (BEV);2002;6
2021;Kleinwagen;Elektro (BEV);2003;5
2021;Kleinwagen;Elektro (BEV);2004;1
2021;Kleinwagen;Elektro (BEV);2009;1
2021;Kleinwagen;Elektro (BEV);2012;3
2021;Kleinwagen;Elektro (BEV);2013;184
2021;Kleinwagen;Elektro (BEV);2014;281
2021;Kleinwagen;Elektro (BEV);2015;263
2021;Kleinwagen;Elektro (BEV);2016;408
2021;Kleinwagen;Elektro (BEV);2017;1149
2021;Kleinwagen;Elektro (BEV);2018;3038
2021;Kleinwagen;Elektro (BEV);2019;3717
2021;Kleinwagen;Elektro (BEV);2020;6176
2021;Kleinwagen;Elektro (BEV);2021;2213
2021;Kleinwagen;Hybrid;1996;1
2021;Kleinwagen;Hybrid;2000;1
2021;Kleinwagen;Hybrid;2004;1
2021;Kleinwagen;Hybrid;2010;2
2021;Kleinwagen;Hybrid;2011;65
2021;Kleinwagen;Hybrid;2012;398
2021;Kleinwagen;Hybrid;2013;504
2021;Kleinwagen;Hybrid;2014;621
2021;Kleinwagen;Hybrid;2015;478
2021;Kleinwagen;Hybrid;2016;782
2021;Kleinwagen;Hybrid;2017;1622
2021;Kleinwagen;Hybrid;2018;2681
2021;Kleinwagen;Hybrid;2019;1083
2021;Kleinwagen;Hybrid;2020;9246
2021;Kleinwagen;Hybrid;2021;13465
2021;Kleinwagen;Sonstige;1999;1
2021;Kleinwagen;Sonstige;2000;3
2021;Kleinwagen;Sonstige;2004;3
2021;Kleinwagen;Sonstige;2005;3
2021;Kleinwagen;Sonstige;2006;2
2021;Kleinwagen;Sonstige;2007;3
2021;Kleinwagen;Sonstige;2008;1
2021;Kleinwagen;Sonstige;2009;2
2021;Kleinwagen;Sonstige;2021;4
2021;Kleinwagen;Flüssiggas (LPG) (einschl. bivalent);1990;4
2021;Kleinwagen;Flüssiggas (LPG) (einschl. bivalent);1992;3
2021;Kleinwagen;Flüssiggas (LPG) (einschl. bivalent);1993;4
2021;Kleinwagen;Flüssiggas (LPG) (einschl. bivalent);1994;3
2021;Kleinwagen;Flüssiggas (LPG) (einschl. bivalent);1995;19
2021;Kleinwagen;Flüssiggas (LPG) (einschl. bivalent);1996;22
2021;Kleinwagen;Flüssiggas (LPG) (einschl. bivalent);1997;36
2021;Kleinwagen;Flüssiggas (LPG) (einschl. bivalent);1998;54
2021;Kleinwagen;Flüssiggas (LPG) (einschl. bivalent);1999;60
2021;Kleinwagen;Flüssiggas (LPG) (einschl. bivalent);2000;110
2021;Kleinwagen;Flüssiggas (LPG) (einschl. bivalent);2001;196
2021;Kleinwagen;Flüssiggas (LPG) (einschl. bivalent);2002;317
2021;Kleinwagen;Flüssiggas (LPG) (einschl. bivalent);2003;423
2021;Kleinwagen;Flüssiggas (LPG) (einschl. bivalent);2004;463
2021;Kleinwagen;Flüssiggas (LPG) (einschl. bivalent);2005;633
2021;Kleinwagen;Flüssiggas (LPG) (einschl. bivalent);2006;939
2021;Kleinwagen;Flüssiggas (LPG) (einschl. bivalent);2007;1035
2021;Kleinwagen;Flüssiggas (LPG) (einschl. bivalent);2008;1225
2021;Kleinwagen;Flüssiggas (LPG) (einschl. bivalent);2009;858
2021;Kleinwagen;Flüssiggas (LPG) (einschl. bivalent);2010;500
2021;Kleinwagen;Flüssiggas (LPG) (einschl. bivalent);2011;321
2021;Kleinwagen;Flüssiggas (LPG) (einschl. bivalent);2012;277
2021;Kleinwagen;Flüssiggas (LPG) (einschl. bivalent);2013;140
2021;Kleinwagen;Flüssiggas (LPG) (einschl. bivalent);2014;97
2021;Kleinwagen;Flüssiggas (LPG) (einschl. bivalent);2015;44
2021;Kleinwagen;Flüssiggas (LPG) (einschl. bivalent);2016;31
2021;Kleinwagen;Flüssiggas (LPG) (einschl. bivalent);2017;38
2021;Kleinwagen;Flüssiggas (LPG) (einschl. bivalent);2018;46
2021;Kleinwagen;Flüssiggas (LPG) (einschl. bivalent);2019;16
2021;Kleinwagen;Flüssiggas (LPG) (einschl. bivalent);2020;93
2021;Kleinwagen;Flüssiggas (LPG) (einschl. bivalent);2021;106
2021;Kleinwagen;Erdgas (CNG) (einschl. bivalent);1996;3
2021;Kleinwagen;Erdgas (CNG) (einschl. bivalent);1997;1
2021;Kleinwagen;Erdgas (CNG) (einschl. bivalent);1999;1
2021;Kleinwagen;Erdgas (CNG) (einschl. bivalent);2000;5
2021;Kleinwagen;Erdgas (CNG) (einschl. bivalent);2001;8
2021;Kleinwagen;Erdgas (CNG) (einschl. bivalent);2002;11
2021;Kleinwagen;Erdgas (CNG) (einschl. bivalent);2003;8
2021;Kleinwagen;Erdgas (CNG) (einschl. bivalent);2004;44
2021;Kleinwagen;Erdgas (CNG) (einschl. bivalent);2005;69
2021;Kleinwagen;Erdgas (CNG) (einschl. bivalent);2006;113
2021;Kleinwagen;Erdgas (CNG) (einschl. bivalent);2007;49
2021;Kleinwagen;Erdgas (CNG) (einschl. bivalent);2008;24
2021;Kleinwagen;Erdgas (CNG) (einschl. bivalent);2009;54
2021;Kleinwagen;Erdgas (CNG) (einschl. bivalent);2010;25
2021;Kleinwagen;Erdgas (CNG) (einschl. bivalent);2011;30
2021;Kleinwagen;Erdgas (CNG) (einschl. bivalent);2012;27
2021;Kleinwagen;Erdgas (CNG) (einschl. bivalent);2013;8
2021;Kleinwagen;Erdgas (CNG) (einschl. bivalent);2014;5
2021;Kleinwagen;Erdgas (CNG) (einschl. bivalent);2015;4
2021;Kleinwagen;Erdgas (CNG) (einschl. bivalent);2016;1
2021;Kleinwagen;Erdgas (CNG) (einschl. bivalent);2017;2
2021;Kleinwagen;Erdgas (CNG) (einschl. bivalent);2018;145
2021;Kleinwagen;Erdgas (CNG) (einschl. bivalent);2019;227
2021;Kleinwagen;Erdgas (CNG) (einschl. bivalent);2020;221
2021;Kleinwagen;Erdgas (CNG) (einschl. bivalent);2021;158
2021;Kompaktklasse;Benzin;1990;3568
2021;Kompaktklasse;Benzin;1991;4648
2021;Kompaktklasse;Benzin;1992;4228
2021;Kompaktklasse;Benzin;1993;5089
2021;Kompaktklasse;Benzin;1994;7597
2021;Kompaktklasse;Benzin;1995;10347
2021;Kompaktklasse;Benzin;1996;15496
2021;Kompaktklasse;Benzin;1997;19747
2021;Kompaktklasse;Benzin;1998;46333
2021;Kompaktklasse;Benzin;1999;59372
2021;Kompaktklasse;Benzin;2000;58688
2021;Kompaktklasse;Benzin;2001;51877
2021;Kompaktklasse;Benzin;2002;57673
2021;Kompaktklasse;Benzin;2003;48561
2021;Kompaktklasse;Benzin;2004;58634
2021;Kompaktklasse;Benzin;2005;58045
2021;Kompaktklasse;Benzin;2006;55982
2021;Kompaktklasse;Benzin;2007;41702
2021;Kompaktklasse;Benzin;2008;47015
2021;Kompaktklasse;Benzin;2009;65687
2021;Kompaktklasse;Benzin;2010;44044
2021;Kompaktklasse;Benzin;2011;38352
2021;Kompaktklasse;Benzin;2012;33270
2021;Kompaktklasse;Benzin;2013;32721
2021;Kompaktklasse;Benzin;2014;31588
2021;Kompaktklasse;Benzin;2015;31782
2021;Kompaktklasse;Benzin;2016;40949
2021;Kompaktklasse;Benzin;2017;57088
2021;Kompaktklasse;Benzin;2018;69754
2021;Kompaktklasse;Benzin;2019;47928
2021;Kompaktklasse;Benzin;2020;75292
2021;Kompaktklasse;Benzin;2021;32372
2021;Kompaktklasse;Diesel;1990;108
2021;Kompaktklasse;Diesel;1991;172
2021;Kompaktklasse;Diesel;1992;86
2021;Kompaktklasse;Diesel;1993;64
2021;Kompaktklasse;Diesel;1994;133
2021;Kompaktklasse;Diesel;1995;186
2021;Kompaktklasse;Diesel;1996;410
2021;Kompaktklasse;Diesel;1997;526
2021;Kompaktklasse;Diesel;1998;1985
2021;Kompaktklasse;Diesel;1999;4440
2021;Kompaktklasse;Diesel;2000;7528
2021;Kompaktklasse;Diesel;2001;8075
2021;Kompaktklasse;Diesel;2002;12088
2021;Kompaktklasse;Diesel;2003;12516
2021;Kompaktklasse;Diesel;2004;17849
2021;Kompaktklasse;Diesel;2005;21142
2021;Kompaktklasse;Diesel;2006;26037
2021;Kompaktklasse;Diesel;2007;27877
2021;Kompaktklasse;Diesel;2008;27592
2021;Kompaktklasse;Diesel;2009;22365
2021;Kompaktklasse;Diesel;2010;23507
2021;Kompaktklasse;Diesel;2011;27675
2021;Kompaktklasse;Diesel;2012;24735
2021;Kompaktklasse;Diesel;2013;22593
2021;Kompaktklasse;Diesel;2014;24591
2021;Kompaktklasse;Diesel;2015;31716
2021;Kompaktklasse;Diesel;2016;36081
2021;Kompaktklasse;Diesel;2017;44078
2021;Kompaktklasse;Diesel;2018;42675
2021;Kompaktklasse;Diesel;2019;17506
2021;Kompaktklasse;Diesel;2020;35791
2021;Kompaktklasse;Diesel;2021;12939
2021;Kompaktklasse;Elektro (BEV);1995;1
2021;Kompaktklasse;Elektro (BEV);2011;5
2021;Kompaktklasse;Elektro (BEV);2012;44
2021;Kompaktklasse;Elektro (BEV);2013;52
2021;Kompaktklasse;Elektro (BEV);2014;72
2021;Kompaktklasse;Elektro (BEV);2015;86
2021;Kompaktklasse;Elektro (BEV);2016;234
2021;Kompaktklasse;Elektro (BEV);2017;845
2021;Kompaktklasse;Elektro (BEV);2018;1652
2021;Kompaktklasse;Elektro (BEV);2019;2123
2021;Kompaktklasse;Elektro (BEV);2020;7873
2021;Kompaktklasse;Elektro (BEV);2021;1046
2021;Kompaktklasse;Hybrid;2001;1
2021;Kompaktklasse;Hybrid;2002;1
2021;Kompaktklasse;Hybrid;2003;15
2021;Kompaktklasse;Hybrid;2004;163
2021;Kompaktklasse;Hybrid;2005;258
2021;Kompaktklasse;Hybrid;2006;325
2021;Kompaktklasse;Hybrid;2007;460
2021;Kompaktklasse;Hybrid;2008;329
2021;Kompaktklasse;Hybrid;2009;458
2021;Kompaktklasse;Hybrid;2010;487
2021;Kompaktklasse;Hybrid;2011;621
2021;Kompaktklasse;Hybrid;2012;583
2021;Kompaktklasse;Hybrid;2013;792
2021;Kompaktklasse;Hybrid;2014;801
2021;Kompaktklasse;Hybrid;2015;1460
2021;Kompaktklasse;Hybrid;2016;1674
2021;Kompaktklasse;Hybrid;2017;2608
2021;Kompaktklasse;Hybrid;2018;4219
2021;Kompaktklasse;Hybrid;2019;2599
2021;Kompaktklasse;Hybrid;2020;20111
2021;Kompaktklasse;Hybrid;2021;16660
2021;Kompaktklasse;Sonstige;1996;1
2021;Kompaktklasse;Sonstige;1997;1
2021;Kompaktklasse;Sonstige;1998;1
2021;Kompaktklasse;Sonstige;2002;1
2021;Kompaktklasse;Sonstige;2004;1
2021;Kompaktklasse;Sonstige;2005;1
2021;Kompaktklasse;Sonstige;2008;1
2021;Kompaktklasse;Sonstige;2009;91
2021;Kompaktklasse;Sonstige;2010;37
2021;Kompaktklasse;Sonstige;2011;92
2021;Kompaktklasse;Sonstige;2012;143
2021;Kompaktklasse;Sonstige;2013;12
2021;Kompaktklasse;Sonstige;2014;4
2021;Kompaktklasse;Sonstige;2015;3
2021;Kompaktklasse;Sonstige;2017;1
2021;Kompaktklasse;Sonstige;2018;3
2021;Kompaktklasse;Sonstige;2021;3
2021;Kompaktklasse;Flüssiggas (LPG) (einschl. bivalent);1990;14
2021;Kompaktklasse;Flüssiggas (LPG) (einschl. bivalent);1991;29
2021;Kompaktklasse;Flüssiggas (LPG) (einschl. bivalent);1992;10
2021;Kompaktklasse;Flüssiggas (LPG) (einschl. bivalent);1993;18
2021;Kompaktklasse;Flüssiggas (LPG) (einschl. bivalent);1994;38
2021;Kompaktklasse;Flüssiggas (LPG) (einschl. bivalent);1995;51
2021;Kompaktklasse;Flüssiggas (LPG) (einschl. bivalent);1996;90
2021;Kompaktklasse;Flüssiggas (LPG) (einschl. bivalent);1997;157
2021;Kompaktklasse;Flüssiggas (LPG) (einschl. bivalent);1998;367
2021;Kompaktklasse;Flüssiggas (LPG) (einschl. bivalent);1999;557
2021;Kompaktklasse;Flüssiggas (LPG) (einschl. bivalent);2000;570
2021;Kompaktklasse;Flüssiggas (LPG) (einschl. bivalent);2001;572
2021;Kompaktklasse;Flüssiggas (LPG) (einschl. bivalent);2002;737
2021;Kompaktklasse;Flüssiggas (LPG) (einschl. bivalent);2003;743
2021;Kompaktklasse;Flüssiggas (LPG) (einschl. bivalent);2004;980
2021;Kompaktklasse;Flüssiggas (LPG) (einschl. bivalent);2005;1132
2021;Kompaktklasse;Flüssiggas (LPG) (einschl. bivalent);2006;1219
2021;Kompaktklasse;Flüssiggas (LPG) (einschl. bivalent);2007;1045
2021;Kompaktklasse;Flüssiggas (LPG) (einschl. bivalent);2008;1661
2021;Kompaktklasse;Flüssiggas (LPG) (einschl. bivalent);2009;1119
2021;Kompaktklasse;Flüssiggas (LPG) (einschl. bivalent);2010;695
2021;Kompaktklasse;Flüssiggas (LPG) (einschl. bivalent);2011;369
2021;Kompaktklasse;Flüssiggas (LPG) (einschl. bivalent);2012;682
2021;Kompaktklasse;Flüssiggas (LPG) (einschl. bivalent);2013;295
2021;Kompaktklasse;Flüssiggas (LPG) (einschl. bivalent);2014;174
2021;Kompaktklasse;Flüssiggas (LPG) (einschl. bivalent);2015;141
2021;Kompaktklasse;Flüssiggas (LPG) (einschl. bivalent);2016;92
2021;Kompaktklasse;Flüssiggas (LPG) (einschl. bivalent);2017;104
2021;Kompaktklasse;Flüssiggas (LPG) (einschl. bivalent);2018;100
2021;Kompaktklasse;Flüssiggas (LPG) (einschl. bivalent);2019;77
2021;Kompaktklasse;Flüssiggas (LPG) (einschl. bivalent);2020;329
2021;Kompaktklasse;Flüssiggas (LPG) (einschl. bivalent);2021;271
2021;Kompaktklasse;Erdgas (CNG) (einschl. bivalent);1996;2
2021;Kompaktklasse;Erdgas (CNG) (einschl. bivalent);1997;3
2021;Kompaktklasse;Erdgas (CNG) (einschl. bivalent);1998;4
2021;Kompaktklasse;Erdgas (CNG) (einschl. bivalent);1999;7
2021;Kompaktklasse;Erdgas (CNG) (einschl. bivalent);2000;8
2021;Kompaktklasse;Erdgas (CNG) (einschl. bivalent);2001;6
2021;Kompaktklasse;Erdgas (CNG) (einschl. bivalent);2002;13
2021;Kompaktklasse;Erdgas (CNG) (einschl. bivalent);2003;110
2021;Kompaktklasse;Erdgas (CNG) (einschl. bivalent);2004;150
2021;Kompaktklasse;Erdgas (CNG) (einschl. bivalent);2005;108
2021;Kompaktklasse;Erdgas (CNG) (einschl. bivalent);2006;42
2021;Kompaktklasse;Erdgas (CNG) (einschl. bivalent);2007;13
2021;Kompaktklasse;Erdgas (CNG) (einschl. bivalent);2008;12
2021;Kompaktklasse;Erdgas (CNG) (einschl. bivalent);2009;9
2021;Kompaktklasse;Erdgas (CNG) (einschl. bivalent);2010;5
2021;Kompaktklasse;Erdgas (CNG) (einschl. bivalent);2014;112
2021;Kompaktklasse;Erdgas (CNG) (einschl. bivalent);2015;114
2021;Kompaktklasse;Erdgas (CNG) (einschl. bivalent);2016;125
2021;Kompaktklasse;Erdgas (CNG) (einschl. bivalent);2017;171
2021;Kompaktklasse;Erdgas (CNG) (einschl. bivalent);2018;582
2021;Kompaktklasse;Erdgas (CNG) (einschl. bivalent);2019;328
2021;Kompaktklasse;Erdgas (CNG) (einschl. bivalent);2020;391
2021;Kompaktklasse;Erdgas (CNG) (einschl. bivalent);2021;73
2021;Mittelklasse;Benzin;1990;3867
2021;Mittelklasse;Benzin;1991;5497
2021;Mittelklasse;Benzin;1992;6609
2021;Mittelklasse;Benzin;1993;5907
2021;Mittelklasse;Benzin;1994;9544
2021;Mittelklasse;Benzin;1995;12758
2021;Mittelklasse;Benzin;1996;17782
2021;Mittelklasse;Benzin;1997;22490
2021;Mittelklasse;Benzin;1998;29811
2021;Mittelklasse;Benzin;1999;29365
2021;Mittelklasse;Benzin;2000;29091
2021;Mittelklasse;Benzin;2001;36831
2021;Mittelklasse;Benzin;2002;38909
2021;Mittelklasse;Benzin;2003;34689
2021;Mittelklasse;Benzin;2004;28542
2021;Mittelklasse;Benzin;2005;23476
2021;Mittelklasse;Benzin;2006;23150
2021;Mittelklasse;Benzin;2007;15769
2021;Mittelklasse;Benzin;2008;18551
2021;Mittelklasse;Benzin;2009;18684
2021;Mittelklasse;Benzin;2010;13232
2021;Mittelklasse;Benzin;2011;12220
2021;Mittelklasse;Benzin;2012;8780
2021;Mittelklasse;Benzin;2013;7077
2021;Mittelklasse;Benzin;2014;7221
2021;Mittelklasse;Benzin;2015;7924
2021;Mittelklasse;Benzin;2016;11279
2021;Mittelklasse;Benzin;2017;19026
2021;Mittelklasse;Benzin;2018;23567
2021;Mittelklasse;Benzin;2019;12085
2021;Mittelklasse;Benzin;2020;18910
2021;Mittelklasse;Benzin;2021;6355
2021;Mittelklasse;Diesel;1990;193
2021;Mittelklasse;Diesel;1991;300
2021;Mittelklasse;Diesel;1992;357
2021;Mittelklasse;Diesel;1993;249
2021;Mittelklasse;Diesel;1994;399
2021;Mittelklasse;Diesel;1995;419
2021;Mittelklasse;Diesel;1996;827
2021;Mittelklasse;Diesel;1997;1206
2021;Mittelklasse;Diesel;1998;2180
2021;Mittelklasse;Diesel;1999;3607
2021;Mittelklasse;Diesel;2000;6204
2021;Mittelklasse;Diesel;2001;9712
2021;Mittelklasse;Diesel;2002;14656
2021;Mittelklasse;Diesel;2003;17152
2021;Mittelklasse;Diesel;2004;22080
2021;Mittelklasse;Diesel;2005;21822
2021;Mittelklasse;Diesel;2006;29164
2021;Mittelklasse;Diesel;2007;28828
2021;Mittelklasse;Diesel;2008;28764
2021;Mittelklasse;Diesel;2009;23285
2021;Mittelklasse;Diesel;2010;23802
2021;Mittelklasse;Diesel;2011;27643
2021;Mittelklasse;Diesel;2012;25261
2021;Mittelklasse;Diesel;2013;21260
2021;Mittelklasse;Diesel;2014;21518
2021;Mittelklasse;Diesel;2015;27164
2021;Mittelklasse;Diesel;2016;35858
2021;Mittelklasse;Diesel;2017;49098
2021;Mittelklasse;Diesel;2018;57977
2021;Mittelklasse;Diesel;2019;21792
2021;Mittelklasse;Diesel;2020;23214
2021;Mittelklasse;Diesel;2021;8081
2021;Mittelklasse;Elektro (BEV);2018;4
2021;Mittelklasse;Elektro (BEV);2019;1224
2021;Mittelklasse;Elektro (BEV);2020;3218
2021;Mittelklasse;Elektro (BEV);2021;3075
2021;Mittelklasse;Hybrid;1990;1
2021;Mittelklasse;Hybrid;1992;2
2021;Mittelklasse;Hybrid;1993;1
2021;Mittelklasse;Hybrid;1997;1
2021;Mittelklasse;Hybrid;2003;1
2021;Mittelklasse;Hybrid;2004;1
2021;Mittelklasse;Hybrid;2007;1
2021;Mittelklasse;Hybrid;2012;79
2021;Mittelklasse;Hybrid;2013;122
2021;Mittelklasse;Hybrid;2014;122
2021;Mittelklasse;Hybrid;2015;823
2021;Mittelklasse;Hybrid;2016;829
2021;Mittelklasse;Hybrid;2017;1571
2021;Mittelklasse;Hybrid;2018;6022
2021;Mittelklasse;Hybrid;2019;4736
2021;Mittelklasse;Hybrid;2020;18832
2021;Mittelklasse;Hybrid;2021;10456
2021;Mittelklasse;Sonstige;1994;1
2021;Mittelklasse;Sonstige;1998;1
2021;Mittelklasse;Sonstige;1999;3
2021;Mittelklasse;Sonstige;2001;2
2021;Mittelklasse;Sonstige;2002;3
2021;Mittelklasse;Sonstige;2004;2
2021;Mittelklasse;Sonstige;2005;1
2021;Mittelklasse;Sonstige;2006;2
2021;Mittelklasse;Sonstige;2007;2
2021;Mittelklasse;Sonstige;2008;2
2021;Mittelklasse;Sonstige;2009;26
2021;Mittelklasse;Sonstige;2010;73
2021;Mittelklasse;Sonstige;2011;87
2021;Mittelklasse;Sonstige;2012;46
2021;Mittelklasse;Sonstige;2013;23
2021;Mittelklasse;Sonstige;2014;7
2021;Mittelklasse;Sonstige;2015;1
2021;Mittelklasse;Flüssiggas (LPG) (einschl. bivalent);1990;27
2021;Mittelklasse;Flüssiggas (LPG) (einschl. bivalent);1991;30
2021;Mittelklasse;Flüssiggas (LPG) (einschl. bivalent);1992;56
2021;Mittelklasse;Flüssiggas (LPG) (einschl. bivalent);1993;87
2021;Mittelklasse;Flüssiggas (LPG) (einschl. bivalent);1994;155
2021;Mittelklasse;Flüssiggas (LPG) (einschl. bivalent);1995;225
2021;Mittelklasse;Flüssiggas (LPG) (einschl. bivalent);1996;305
2021;Mittelklasse;Flüssiggas (LPG) (einschl. bivalent);1997;527
2021;Mittelklasse;Flüssiggas (LPG) (einschl. bivalent);1998;772
2021;Mittelklasse;Flüssiggas (LPG) (einschl. bivalent);1999;751
2021;Mittelklasse;Flüssiggas (LPG) (einschl. bivalent);2000;928
2021;Mittelklasse;Flüssiggas (LPG) (einschl. bivalent);2001;1351
2021;Mittelklasse;Flüssiggas (LPG) (einschl. bivalent);2002;1327
2021;Mittelklasse;Flüssiggas (LPG) (einschl. bivalent);2003;1253
2021;Mittelklasse;Flüssiggas (LPG) (einschl. bivalent);2004;1114
2021;Mittelklasse;Flüssiggas (LPG) (einschl. bivalent);2005;917
2021;Mittelklasse;Flüssiggas (LPG) (einschl. bivalent);2006;821
2021;Mittelklasse;Flüssiggas (LPG) (einschl. bivalent);2007;527
2021;Mittelklasse;Flüssiggas (LPG) (einschl. bivalent);2008;483
2021;Mittelklasse;Flüssiggas (LPG) (einschl. bivalent);2009;270
2021;Mittelklasse;Flüssiggas (LPG) (einschl. bivalent);2010;126
2021;Mittelklasse;Flüssiggas (LPG) (einschl. bivalent);2011;58
2021;Mittelklasse;Flüssiggas (LPG) (einschl. bivalent);2012;74
2021;Mittelklasse;Flüssiggas (LPG) (einschl. bivalent);2013;17
2021;Mittelklasse;Flüssiggas (LPG) (einschl. bivalent);2014;17
2021;Mittelklasse;Flüssiggas (LPG) (einschl. bivalent);2015;12
2021;Mittelklasse;Flüssiggas (LPG) (einschl. bivalent);2016;7
2021;Mittelklasse;Flüssiggas (LPG) (einschl. bivalent);2017;8
2021;Mittelklasse;Flüssiggas (LPG) (einschl. bivalent);2018;6
2021;Mittelklasse;Erdgas (CNG) (einschl. bivalent);1990;1
2021;Mittelklasse;Erdgas (CNG) (einschl. bivalent);1992;1
2021;Mittelklasse;Erdgas (CNG) (einschl. bivalent);1993;1
2021;Mittelklasse;Erdgas (CNG) (einschl. bivalent);1995;1
2021;Mittelklasse;Erdgas (CNG) (einschl. bivalent);1997;3
2021;Mittelklasse;Erdgas (CNG) (einschl. bivalent);1998;2
2021;Mittelklasse;Erdgas (CNG) (einschl. bivalent);1999;6
2021;Mittelklasse;Erdgas (CNG) (einschl. bivalent);2000;8
2021;Mittelklasse;Erdgas (CNG) (einschl. bivalent);2001;1
2021;Mittelklasse;Erdgas (CNG) (einschl. bivalent);2002;14
2021;Mittelklasse;Erdgas (CNG) (einschl. bivalent);2003;12
2021;Mittelklasse;Erdgas (CNG) (einschl. bivalent);2004;6
2021;Mittelklasse;Erdgas (CNG) (einschl. bivalent);2005;16
2021;Mittelklasse;Erdgas (CNG) (einschl. bivalent);2006;18
2021;Mittelklasse;Erdgas (CNG) (einschl. bivalent);2007;4
2021;Mittelklasse;Erdgas (CNG) (einschl. bivalent);2008;1
2021;Mittelklasse;Erdgas (CNG) (einschl. bivalent);2009;143
2021;Mittelklasse;Erdgas (CNG) (einschl. bivalent);2010;64
2021;Mittelklasse;Erdgas (CNG) (einschl. bivalent);2011;75
2021;Mittelklasse;Erdgas (CNG) (einschl. bivalent);2012;57
2021;Mittelklasse;Erdgas (CNG) (einschl. bivalent);2013;41
2021;Mittelklasse;Erdgas (CNG) (einschl. bivalent);2014;24
2021;Mittelklasse;Erdgas (CNG) (einschl. bivalent);2015;2
2021;Mittelklasse;Erdgas (CNG) (einschl. bivalent);2016;2
2021;Mittelklasse;Erdgas (CNG) (einschl. bivalent);2017;96
2021;Mittelklasse;Erdgas (CNG) (einschl. bivalent);2018;311
2021;Mittelklasse;Erdgas (CNG) (einschl. bivalent);2019;41
2021;Mittelklasse;Erdgas (CNG) (einschl. bivalent);2020;86
2021;Mittelklasse;Erdgas (CNG) (einschl. bivalent);2021;10
2021;Obere Mittelklasse;Benzin;1990;1420
2021;Obere Mittelklasse;Benzin;1991;1826
2021;Obere Mittelklasse;Benzin;1992;2095
2021;Obere Mittelklasse;Benzin;1993;2158
2021;Obere Mittelklasse;Benzin;1994;2524
2021;Obere Mittelklasse;Benzin;1995;3278
2021;Obere Mittelklasse;Benzin;1996;5402
2021;Obere Mittelklasse;Benzin;1997;6494
2021;Obere Mittelklasse;Benzin;1998;9168
2021;Obere Mittelklasse;Benzin;1999;8478
2021;Obere Mittelklasse;Benzin;2000;8363
2021;Obere Mittelklasse;Benzin;2001;6422
2021;Obere Mittelklasse;Benzin;2002;6133
2021;Obere Mittelklasse;Benzin;2003;6168
2021;Obere Mittelklasse;Benzin;2004;6004
2021;Obere Mittelklasse;Benzin;2005;5110
2021;Obere Mittelklasse;Benzin;2006;4045
2021;Obere Mittelklasse;Benzin;2007;3297
2021;Obere Mittelklasse;Benzin;2008;2499
2021;Obere Mittelklasse;Benzin;2009;1949
2021;Obere Mittelklasse;Benzin;2010;2395
2021;Obere Mittelklasse;Benzin;2011;1647
2021;Obere Mittelklasse;Benzin;2012;1424
2021;Obere Mittelklasse;Benzin;2013;1206
2021;Obere Mittelklasse;Benzin;2014;935
2021;Obere Mittelklasse;Benzin;2015;858
2021;Obere Mittelklasse;Benzin;2016;1341
2021;Obere Mittelklasse;Benzin;2017;4129
2021;Obere Mittelklasse;Benzin;2018;6760
2021;Obere Mittelklasse;Benzin;2019;1465
2021;Obere Mittelklasse;Benzin;2020;1005
2021;Obere Mittelklasse;Benzin;2021;483
2021;Obere Mittelklasse;Diesel;1990;260
2021;Obere Mittelklasse;Diesel;1991;392
2021;Obere Mittelklasse;Diesel;1992;491
2021;Obere Mittelklasse;Diesel;1993;369
2021;Obere Mittelklasse;Diesel;1994;302
2021;Obere Mittelklasse;Diesel;1995;313
2021;Obere Mittelklasse;Diesel;1996;509
2021;Obere Mittelklasse;Diesel;1997;424
2021;Obere Mittelklasse;Diesel;1998;854
2021;Obere Mittelklasse;Diesel;1999;1731
2021;Obere Mittelklasse;Diesel;2000;3507
2021;Obere Mittelklasse;Diesel;2001;3710
2021;Obere Mittelklasse;Diesel;2002;5800
2021;Obere Mittelklasse;Diesel;2003;8285
2021;Obere Mittelklasse;Diesel;2004;10965
2021;Obere Mittelklasse;Diesel;2005;11339
2021;Obere Mittelklasse;Diesel;2006;12135
2021;Obere Mittelklasse;Diesel;2007;11749
2021;Obere Mittelklasse;Diesel;2008;9835
2021;Obere Mittelklasse;Diesel;2009;7742
2021;Obere Mittelklasse;Diesel;2010;9374
2021;Obere Mittelklasse;Diesel;2011;11156
2021;Obere Mittelklasse;Diesel;2012;9868
2021;Obere Mittelklasse;Diesel;2013;8815
2021;Obere Mittelklasse;Diesel;2014;8462
2021;Obere Mittelklasse;Diesel;2015;8330
2021;Obere Mittelklasse;Diesel;2016;10848
2021;Obere Mittelklasse;Diesel;2017;20740
2021;Obere Mittelklasse;Diesel;2018;25182
2021;Obere Mittelklasse;Diesel;2019;5855
2021;Obere Mittelklasse;Diesel;2020;6122
2021;Obere Mittelklasse;Diesel;2021;949
2021;Obere Mittelklasse;Hybrid;1994;2
2021;Obere Mittelklasse;Hybrid;1995;1
2021;Obere Mittelklasse;Hybrid;1996;1
2021;Obere Mittelklasse;Hybrid;2006;19
2021;Obere Mittelklasse;Hybrid;2007;22
2021;Obere Mittelklasse;Hybrid;2008;29
2021;Obere Mittelklasse;Hybrid;2009;6
2021;Obere Mittelklasse;Hybrid;2010;9
2021;Obere Mittelklasse;Hybrid;2011;13
2021;Obere Mittelklasse;Hybrid;2012;101
2021;Obere Mittelklasse;Hybrid;2013;115
2021;Obere Mittelklasse;Hybrid;2014;79
2021;Obere Mittelklasse;Hybrid;2015;60
2021;Obere Mittelklasse;Hybrid;2016;91
2021;Obere Mittelklasse;Hybrid;2017;314
2021;Obere Mittelklasse;Hybrid;2018;3396
2021;Obere Mittelklasse;Hybrid;2019;6279
2021;Obere Mittelklasse;Hybrid;2020;15744
2021;Obere Mittelklasse;Hybrid;2021;9122
2021;Obere Mittelklasse;Sonstige;1991;2
2021;Obere Mittelklasse;Sonstige;1995;3
2021;Obere Mittelklasse;Sonstige;1998;2
2021;Obere Mittelklasse;Sonstige;2004;1
2021;Obere Mittelklasse;Sonstige;2009;3
2021;Obere Mittelklasse;Sonstige;2010;21
2021;Obere Mittelklasse;Sonstige;2011;12
2021;Obere Mittelklasse;Sonstige;2012;4
2021;Obere Mittelklasse;Sonstige;2021;5
2021;Obere Mittelklasse;Flüssiggas (LPG) (einschl. bivalent);1990;35
2021;Obere Mittelklasse;Flüssiggas (LPG) (einschl. bivalent);1991;67
2021;Obere Mittelklasse;Flüssiggas (LPG) (einschl. bivalent);1992;97
2021;Obere Mittelklasse;Flüssiggas (LPG) (einschl. bivalent);1993;115
2021;Obere Mittelklasse;Flüssiggas (LPG) (einschl. bivalent);1994;129
2021;Obere Mittelklasse;Flüssiggas (LPG) (einschl. bivalent);1995;197
2021;Obere Mittelklasse;Flüssiggas (LPG) (einschl. bivalent);1996;336
2021;Obere Mittelklasse;Flüssiggas (LPG) (einschl. bivalent);1997;474
2021;Obere Mittelklasse;Flüssiggas (LPG) (einschl. bivalent);1998;690
2021;Obere Mittelklasse;Flüssiggas (LPG) (einschl. bivalent);1999;700
2021;Obere Mittelklasse;Flüssiggas (LPG) (einschl. bivalent);2000;740
2021;Obere Mittelklasse;Flüssiggas (LPG) (einschl. bivalent);2001;709
2021;Obere Mittelklasse;Flüssiggas (LPG) (einschl. bivalent);2002;751
2021;Obere Mittelklasse;Flüssiggas (LPG) (einschl. bivalent);2003;716
2021;Obere Mittelklasse;Flüssiggas (LPG) (einschl. bivalent);2004;667
2021;Obere Mittelklasse;Flüssiggas (LPG) (einschl. bivalent);2005;573
2021;Obere Mittelklasse;Flüssiggas (LPG) (einschl. bivalent);2006;383
2021;Obere Mittelklasse;Flüssiggas (LPG) (einschl. bivalent);2007;252
2021;Obere Mittelklasse;Flüssiggas (LPG) (einschl. bivalent);2008;86
2021;Obere Mittelklasse;Flüssiggas (LPG) (einschl. bivalent);2009;37
2021;Obere Mittelklasse;Flüssiggas (LPG) (einschl. bivalent);2010;32
2021;Obere Mittelklasse;Flüssiggas (LPG) (einschl. bivalent);2011;10
2021;Obere Mittelklasse;Flüssiggas (LPG) (einschl. bivalent);2012;5
2021;Obere Mittelklasse;Flüssiggas (LPG) (einschl. bivalent);2013;3
2021;Obere Mittelklasse;Flüssiggas (LPG) (einschl. bivalent);2014;2
2021;Obere Mittelklasse;Flüssiggas (LPG) (einschl. bivalent);2015;3
2021;Obere Mittelklasse;Flüssiggas (LPG) (einschl. bivalent);2017;1
2021;Obere Mittelklasse;Flüssiggas (LPG) (einschl. bivalent);2018;2
2021;Obere Mittelklasse;Flüssiggas (LPG) (einschl. bivalent);2019;1
2021;Obere Mittelklasse;Erdgas (CNG) (einschl. bivalent);1995;1
2021;Obere Mittelklasse;Erdgas (CNG) (einschl. bivalent);1996;2
2021;Obere Mittelklasse;Erdgas (CNG) (einschl. bivalent);1997;2
2021;Obere Mittelklasse;Erdgas (CNG) (einschl. bivalent);1998;1
2021;Obere Mittelklasse;Erdgas (CNG) (einschl. bivalent);1999;8
2021;Obere Mittelklasse;Erdgas (CNG) (einschl. bivalent);2000;4
2021;Obere Mittelklasse;Erdgas (CNG) (einschl. bivalent);2001;7
2021;Obere Mittelklasse;Erdgas (CNG) (einschl. bivalent);2002;46
2021;Obere Mittelklasse;Erdgas (CNG) (einschl. bivalent);2003;11
2021;Obere Mittelklasse;Erdgas (CNG) (einschl. bivalent);2004;54
2021;Obere Mittelklasse;Erdgas (CNG) (einschl. bivalent);2005;53
2021;Obere Mittelklasse;Erdgas (CNG) (einschl. bivalent);2006;42
2021;Obere Mittelklasse;Erdgas (CNG) (einschl. bivalent);2007;34
2021;Obere Mittelklasse;Erdgas (CNG) (einschl. bivalent);2008;19
2021;Obere Mittelklasse;Erdgas (CNG) (einschl. bivalent);2009;5
2021;Obere Mittelklasse;Erdgas (CNG) (einschl. bivalent);2010;7
2021;Obere Mittelklasse;Erdgas (CNG) (einschl. bivalent);2011;15
2021;Obere Mittelklasse;Erdgas (CNG) (einschl. bivalent);2012;24
2021;Obere Mittelklasse;Erdgas (CNG) (einschl. bivalent);2013;3
2021;Obere Mittelklasse;Erdgas (CNG) (einschl. bivalent);2014;13
2021;Obere Mittelklasse;Erdgas (CNG) (einschl. bivalent);2015;12
2021;Obere Mittelklasse;Erdgas (CNG) (einschl. bivalent);2016;3
2021;Obere Mittelklasse;Erdgas (CNG) (einschl. bivalent);2017;1
2021;Obere Mittelklasse;Erdgas (CNG) (einschl. bivalent);2018;1
2021;Oberklasse;Benzin;1990;79
2021;Oberklasse;Benzin;1991;217
2021;Oberklasse;Benzin;1992;273
2021;Oberklasse;Benzin;1993;211
2021;Oberklasse;Benzin;1994;217
2021;Oberklasse;Benzin;1995;426
2021;Oberklasse;Benzin;1996;415
2021;Oberklasse;Benzin;1997;354
2021;Oberklasse;Benzin;1998;444
2021;Oberklasse;Benzin;1999;1062
2021;Oberklasse;Benzin;2000;835
2021;Oberklasse;Benzin;2001;603
2021;Oberklasse;Benzin;2002;501
2021;Oberklasse;Benzin;2003;792
2021;Oberklasse;Benzin;2004;1244
2021;Oberklasse;Benzin;2005;1669
2021;Oberklasse;Benzin;2006;1572
2021;Oberklasse;Benzin;2007;1472
2021;Oberklasse;Benzin;2008;1134
2021;Oberklasse;Benzin;2009;875
2021;Oberklasse;Benzin;2010;870
2021;Oberklasse;Benzin;2011;1314
2021;Oberklasse;Benzin;2012;1018
2021;Oberklasse;Benzin;2013;969
2021;Oberklasse;Benzin;2014;1112
2021;Oberklasse;Benzin;2015;1066
2021;Oberklasse;Benzin;2016;1185
2021;Oberklasse;Benzin;2017;1525
2021;Oberklasse;Benzin;2018;2019
2021;Oberklasse;Benzin;2019;1171
2021;Oberklasse;Benzin;2020;1336
2021;Oberklasse;Benzin;2021;690
2021;Oberklasse;Diesel;1993;13
2021;Oberklasse;Diesel;1994;11
2021;Oberklasse;Diesel;1995;7
2021;Oberklasse;Diesel;1996;26
2021;Oberklasse;Diesel;1997;31
2021;Oberklasse;Diesel;1998;28
2021;Oberklasse;Diesel;1999;21
2021;Oberklasse;Diesel;2000;180
2021;Oberklasse;Diesel;2001;262
2021;Oberklasse;Diesel;2002;184
2021;Oberklasse;Diesel;2003;188
2021;Oberklasse;Diesel;2004;459
2021;Oberklasse;Diesel;2005;783
2021;Oberklasse;Diesel;2006;1432
2021;Oberklasse;Diesel;2007;1593
2021;Oberklasse;Diesel;2008;1431
2021;Oberklasse;Diesel;2009;1199
2021;Oberklasse;Diesel;2010;1226
2021;Oberklasse;Diesel;2011;2286
2021;Oberklasse;Diesel;2012;1883
2021;Oberklasse;Diesel;2013;1851
2021;Oberklasse;Diesel;2014;1898
2021;Oberklasse;Diesel;2015;1927
2021;Oberklasse;Diesel;2016;1828
2021;Oberklasse;Diesel;2017;2290
2021;Oberklasse;Diesel;2018;2855
2021;Oberklasse;Diesel;2019;1155
2021;Oberklasse;Diesel;2020;1808
2021;Oberklasse;Diesel;2021;901
2021;Oberklasse;Elektro (BEV);1998;1
2021;Oberklasse;Elektro (BEV);2013;28
2021;Oberklasse;Elektro (BEV);2014;119
2021;Oberklasse;Elektro (BEV);2015;133
2021;Oberklasse;Elektro (BEV);2016;184
2021;Oberklasse;Elektro (BEV);2017;316
2021;Oberklasse;Elektro (BEV);2018;164
2021;Oberklasse;Elektro (BEV);2019;240
2021;Oberklasse;Elektro (BEV);2020;900
2021;Oberklasse;Elektro (BEV);2021;1434
2021;Oberklasse;Hybrid;2007;9
2021;Oberklasse;Hybrid;2008;13
2021;Oberklasse;Hybrid;2009;34
2021;Oberklasse;Hybrid;2010;52
2021;Oberklasse;Hybrid;2011;29
2021;Oberklasse;Hybrid;2012;19
2021;Oberklasse;Hybrid;2013;28
2021;Oberklasse;Hybrid;2014;57
2021;Oberklasse;Hybrid;2015;35
2021;Oberklasse;Hybrid;2016;51
2021;Oberklasse;Hybrid;2017;322
2021;Oberklasse;Hybrid;2018;2110
2021;Oberklasse;Hybrid;2019;1332
2021;Oberklasse;Hybrid;2020;3016
2021;Oberklasse;Hybrid;2021;2156
2021;Oberklasse;Sonstige;2010;6
2021;Oberklasse;Sonstige;2011;21
2021;Oberklasse;Sonstige;2012;20
2021;Oberklasse;Sonstige;2013;4
2021;Oberklasse;Sonstige;2015;2
2021;Oberklasse;Flüssiggas (LPG) (einschl. bivalent);1991;10
2021;Oberklasse;Flüssiggas (LPG) (einschl. bivalent);1992;19
2021;Oberklasse;Flüssiggas (LPG) (einschl. bivalent);1993;11
2021;Oberklasse;Flüssiggas (LPG) (einschl. bivalent);1994;10
2021;Oberklasse;Flüssiggas (LPG) (einschl. bivalent);1995;30
2021;Oberklasse;Flüssiggas (LPG) (einschl. bivalent);1996;30
2021;Oberklasse;Flüssiggas (LPG) (einschl. bivalent);1997;33
2021;Oberklasse;Flüssiggas (LPG) (einschl. bivalent);1998;43
2021;Oberklasse;Flüssiggas (LPG) (einschl. bivalent);1999;196
2021;Oberklasse;Flüssiggas (LPG) (einschl. bivalent);2000;107
2021;Oberklasse;Flüssiggas (LPG) (einschl. bivalent);2001;84
2021;Oberklasse;Flüssiggas (LPG) (einschl. bivalent);2002;110
2021;Oberklasse;Flüssiggas (LPG) (einschl. bivalent);2003;219
2021;Oberklasse;Flüssiggas (LPG) (einschl. bivalent);2004;213
2021;Oberklasse;Flüssiggas (LPG) (einschl. bivalent);2005;194
2021;Oberklasse;Flüssiggas (LPG) (einschl. bivalent);2006;131
2021;Oberklasse;Flüssiggas (LPG) (einschl. bivalent);2007;89
2021;Oberklasse;Flüssiggas (LPG) (einschl. bivalent);2008;54
2021;Oberklasse;Flüssiggas (LPG) (einschl. bivalent);2009;23
2021;Oberklasse;Flüssiggas (LPG) (einschl. bivalent);2010;13
2021;Oberklasse;Flüssiggas (LPG) (einschl. bivalent);2011;3
2021;Oberklasse;Flüssiggas (LPG) (einschl. bivalent);2012;1
2021;Oberklasse;Erdgas (CNG) (einschl. bivalent);2003;2
2021;Oberklasse;Erdgas (CNG) (einschl. bivalent);2005;1
2021;SUVs;Benzin;1990;125
2021;SUVs;Benzin;1991;161
2021;SUVs;Benzin;1992;199
2021;SUVs;Benzin;1993;228
2021;SUVs;Benzin;1994;225
2021;SUVs;Benzin;1995;359
2021;SUVs;Benzin;1996;405
2021;SUVs;Benzin;1997;571
2021;SUVs;Benzin;1998;748
2021;SUVs;Benzin;1999;850
2021;SUVs;Benzin;2000;735
2021;SUVs;Benzin;2001;876
2021;SUVs;Benzin;2002;985
2021;SUVs;Benzin;2003;996
2021;SUVs;Benzin;2004;1331
2021;SUVs;Benzin;2005;1898
2021;SUVs;Benzin;2006;2477
2021;SUVs;Benzin;2007;2923
2021;SUVs;Benzin;2008;2961
2021;SUVs;Benzin;2009;3968
2021;SUVs;Benzin;2010;5658
2021;SUVs;Benzin;2011;5934
2021;SUVs;Benzin;2012;6285
2021;SUVs;Benzin;2013;8015
2021;SUVs;Benzin;2014;10859
2021;SUVs;Benzin;2015;13143
2021;SUVs;Benzin;2016;20487
2021;SUVs;Benzin;2017;36966
2021;SUVs;Benzin;2018;52940
2021;SUVs;Benzin;2019;38125
2021;SUVs;Benzin;2020;62971
2021;SUVs;Benzin;2021;57374
2021;SUVs;Diesel;1991;1
2021;SUVs;Diesel;1992;1
2021;SUVs;Diesel;1993;8
2021;SUVs;Diesel;1994;1
2021;SUVs;Diesel;1995;3
2021;SUVs;Diesel;1996;6
2021;SUVs;Diesel;1997;5
2021;SUVs;Diesel;1998;8
2021;SUVs;Diesel;1999;19
2021;SUVs;Diesel;2000;24
2021;SUVs;Diesel;2001;25
2021;SUVs;Diesel;2002;161
2021;SUVs;Diesel;2003;183
2021;SUVs;Diesel;2004;247
2021;SUVs;Diesel;2005;840
2021;SUVs;Diesel;2006;2015
2021;SUVs;Diesel;2007;3462
2021;SUVs;Diesel;2008;4383
2021;SUVs;Diesel;2009;5279
2021;SUVs;Diesel;2010;8442
2021;SUVs;Diesel;2011;11431
2021;SUVs;Diesel;2012;12241
2021;SUVs;Diesel;2013;11567
2021;SUVs;Diesel;2014;11900
2021;SUVs;Diesel;2015;13558
2021;SUVs;Diesel;2016;18305
2021;SUVs;Diesel;2017;23647
2021;SUVs;Diesel;2018;25690
2021;SUVs;Diesel;2019;14887
2021;SUVs;Diesel;2020;20900
2021;SUVs;Diesel;2021;8399
2021;SUVs;Elektro (BEV);2016;70
2021;SUVs;Elektro (BEV);2017;175
2021;SUVs;Elektro (BEV);2018;188
2021;SUVs;Elektro (BEV);2019;912
2021;SUVs;Elektro (BEV);2020;9970
2021;SUVs;Elektro (BEV);2021;8283
2021;SUVs;Hybrid;2005;37
2021;SUVs;Hybrid;2006;75
2021;SUVs;Hybrid;2007;82
2021;SUVs;Hybrid;2008;70
2021;SUVs;Hybrid;2009;64
2021;SUVs;Hybrid;2010;73
2021;SUVs;Hybrid;2011;32
2021;SUVs;Hybrid;2012;55
2021;SUVs;Hybrid;2013;41
2021;SUVs;Hybrid;2014;94
2021;SUVs;Hybrid;2015;485
2021;SUVs;Hybrid;2016;1074
2021;SUVs;Hybrid;2017;3152
2021;SUVs;Hybrid;2018;3184
2021;SUVs;Hybrid;2019;3571
2021;SUVs;Hybrid;2020;18021
2021;SUVs;Hybrid;2021;27365
2021;SUVs;Sonstige;2005;1
2021;SUVs;Sonstige;2008;2
2021;SUVs;Sonstige;2010;1
2021;SUVs;Sonstige;2011;7
2021;SUVs;Sonstige;2012;11
2021;SUVs;Sonstige;2013;2
2021;SUVs;Sonstige;2014;1
2021;SUVs;Sonstige;2015;5
2021;SUVs;Sonstige;2016;1
2021;SUVs;Sonstige;2017;4
2021;SUVs;Sonstige;2018;12
2021;SUVs;Sonstige;2019;6
2021;SUVs;Sonstige;2020;19
2021;SUVs;Sonstige;2021;4
2021;SUVs;Flüssiggas (LPG) (einschl. bivalent);1990;3
2021;SUVs;Flüssiggas (LPG) (einschl. bivalent);1991;2
2021;SUVs;Flüssiggas (LPG) (einschl. bivalent);1993;3
2021;SUVs;Flüssiggas (LPG) (einschl. bivalent);1994;10
2021;SUVs;Flüssiggas (LPG) (einschl. bivalent);1995;8
2021;SUVs;Flüssiggas (LPG) (einschl. bivalent);1996;15
2021;SUVs;Flüssiggas (LPG) (einschl. bivalent);1997;24
2021;SUVs;Flüssiggas (LPG) (einschl. bivalent);1998;46
2021;SUVs;Flüssiggas (LPG) (einschl. bivalent);1999;59
2021;SUVs;Flüssiggas (LPG) (einschl. bivalent);2000;50
2021;SUVs;Flüssiggas (LPG) (einschl. bivalent);2001;106
2021;SUVs;Flüssiggas (LPG) (einschl. bivalent);2002;94
2021;SUVs;Flüssiggas (LPG) (einschl. bivalent);2003;78
2021;SUVs;Flüssiggas (LPG) (einschl. bivalent);2004;112
2021;SUVs;Flüssiggas (LPG) (einschl. bivalent);2005;271
2021;SUVs;Flüssiggas (LPG) (einschl. bivalent);2006;396
2021;SUVs;Flüssiggas (LPG) (einschl. bivalent);2007;488
2021;SUVs;Flüssiggas (LPG) (einschl. bivalent);2008;585
2021;SUVs;Flüssiggas (LPG) (einschl. bivalent);2009;376
2021;SUVs;Flüssiggas (LPG) (einschl. bivalent);2010;320
2021;SUVs;Flüssiggas (LPG) (einschl. bivalent);2011;226
2021;SUVs;Flüssiggas (LPG) (einschl. bivalent);2012;385
2021;SUVs;Flüssiggas (LPG) (einschl. bivalent);2013;179
2021;SUVs;Flüssiggas (LPG) (einschl. bivalent);2014;127
2021;SUVs;Flüssiggas (LPG) (einschl. bivalent);2015;118
2021;SUVs;Flüssiggas (LPG) (einschl. bivalent);2016;77
2021;SUVs;Flüssiggas (LPG) (einschl. bivalent);2017;111
2021;SUVs;Flüssiggas (LPG) (einschl. bivalent);2018;93
2021;SUVs;Flüssiggas (LPG) (einschl. bivalent);2019;113
2021;SUVs;Flüssiggas (LPG) (einschl. bivalent);2020;148
2021;SUVs;Flüssiggas (LPG) (einschl. bivalent);2021;908
2021;SUVs;Erdgas (CNG) (einschl. bivalent);2004;1
2021;SUVs;Erdgas (CNG) (einschl. bivalent);2008;1
2021;SUVs;Erdgas (CNG) (einschl. bivalent);2010;3
2021;SUVs;Erdgas (CNG) (einschl. bivalent);2012;2
2021;SUVs;Erdgas (CNG) (einschl. bivalent);2013;2
2021;SUVs;Erdgas (CNG) (einschl. bivalent);2019;267
2021;SUVs;Erdgas (CNG) (einschl. bivalent);2020;252
2021;SUVs;Erdgas (CNG) (einschl. bivalent);2021;264
2021;Geländewagen;Benzin;1990;74
2021;Geländewagen;Benzin;1991;99
2021;Geländewagen;Benzin;1992;157
2021;Geländewagen;Benzin;1993;236
2021;Geländewagen;Benzin;1994;298
2021;Geländewagen;Benzin;1995;347
2021;Geländewagen;Benzin;1996;360
2021;Geländewagen;Benzin;1997;477
2021;Geländewagen;Benzin;1998;979
2021;Geländewagen;Benzin;1999;1857
2021;Geländewagen;Benzin;2000;1758
2021;Geländewagen;Benzin;2001;1831
2021;Geländewagen;Benzin;2002;1937
2021;Geländewagen;Benzin;2003;2387
2021;Geländewagen;Benzin;2004;3156
2021;Geländewagen;Benzin;2005;3085
2021;Geländewagen;Benzin;2006;3042
2021;Geländewagen;Benzin;2007;2285
2021;Geländewagen;Benzin;2008;2835
2021;Geländewagen;Benzin;2009;3567
2021;Geländewagen;Benzin;2010;2739
2021;Geländewagen;Benzin;2011;2562
2021;Geländewagen;Benzin;2012;3265
2021;Geländewagen;Benzin;2013;2652
2021;Geländewagen;Benzin;2014;3231
2021;Geländewagen;Benzin;2015;3406
2021;Geländewagen;Benzin;2016;5224
2021;Geländewagen;Benzin;2017;12103
2021;Geländewagen;Benzin;2018;18924
2021;Geländewagen;Benzin;2019;10133
2021;Geländewagen;Benzin;2020;16199
2021;Geländewagen;Benzin;2021;13908
2021;Geländewagen;Diesel;1990;58
2021;Geländewagen;Diesel;1991;94
2021;Geländewagen;Diesel;1992;90
2021;Geländewagen;Diesel;1993;64
2021;Geländewagen;Diesel;1994;67
2021;Geländewagen;Diesel;1995;86
2021;Geländewagen;Diesel;1996;133
2021;Geländewagen;Diesel;1997;138
2021;Geländewagen;Diesel;1998;238
2021;Geländewagen;Diesel;1999;388
2021;Geländewagen;Diesel;2000;749
2021;Geländewagen;Diesel;2001;1392
2021;Geländewagen;Diesel;2002;2658
2021;Geländewagen;Diesel;2003;4146
2021;Geländewagen;Diesel;2004;6345
2021;Geländewagen;Diesel;2005;7473
2021;Geländewagen;Diesel;2006;11112
2021;Geländewagen;Diesel;2007;11156
2021;Geländewagen;Diesel;2008;11926
2021;Geländewagen;Diesel;2009;10337
2021;Geländewagen;Diesel;2010;9948
2021;Geländewagen;Diesel;2011;11970
2021;Geländewagen;Diesel;2012;14368
2021;Geländewagen;Diesel;2013;12867
2021;Geländewagen;Diesel;2014;13479
2021;Geländewagen;Diesel;2015;15726
2021;Geländewagen;Diesel;2016;21130
2021;Geländewagen;Diesel;2017;32900
2021;Geländewagen;Diesel;2018;48934
2021;Geländewagen;Diesel;2019;17182
2021;Geländewagen;Diesel;2020;23994
2021;Geländewagen;Diesel;2021;9277
2021;Geländewagen;Elektro (BEV);2020;63
2021;Geländewagen;Elektro (BEV);2021;114
2021;Geländewagen;Hybrid;1998;1
2021;Geländewagen;Hybrid;1999;1
2021;Geländewagen;Hybrid;2008;1
2021;Geländewagen;Hybrid;2010;38
2021;Geländewagen;Hybrid;2011;45
2021;Geländewagen;Hybrid;2012;36
2021;Geländewagen;Hybrid;2013;23
2021;Geländewagen;Hybrid;2014;16
2021;Geländewagen;Hybrid;2015;193
2021;Geländewagen;Hybrid;2016;297
2021;Geländewagen;Hybrid;2017;350
2021;Geländewagen;Hybrid;2018;1463
2021;Geländewagen;Hybrid;2019;2983
2021;Geländewagen;Hybrid;2020;16563
2021;Geländewagen;Hybrid;2021;15985
2021;Geländewagen;Sonstige;1994;1
2021;Geländewagen;Sonstige;2006;1
2021;Geländewagen;Sonstige;2007;1
2021;Geländewagen;Sonstige;2008;1
2021;Geländewagen;Sonstige;2010;1
2021;Geländewagen;Sonstige;2011;4
2021;Geländewagen;Sonstige;2012;7
2021;Geländewagen;Sonstige;2013;1
2021;Geländewagen;Sonstige;2014;5
2021;Geländewagen;Sonstige;2015;5
2021;Geländewagen;Flüssiggas (LPG) (einschl. bivalent);1990;7
2021;Geländewagen;Flüssiggas (LPG) (einschl. bivalent);1991;6
2021;Geländewagen;Flüssiggas (LPG) (einschl. bivalent);1992;13
2021;Geländewagen;Flüssiggas (LPG) (einschl. bivalent);1993;13
2021;Geländewagen;Flüssiggas (LPG) (einschl. bivalent);1994;23
2021;Geländewagen;Flüssiggas (LPG) (einschl. bivalent);1995;29
2021;Geländewagen;Flüssiggas (LPG) (einschl. bivalent);1996;46
2021;Geländewagen;Flüssiggas (LPG) (einschl. bivalent);1997;63
2021;Geländewagen;Flüssiggas (LPG) (einschl. bivalent);1998;131
2021;Geländewagen;Flüssiggas (LPG) (einschl. bivalent);1999;283
2021;Geländewagen;Flüssiggas (LPG) (einschl. bivalent);2000;258
2021;Geländewagen;Flüssiggas (LPG) (einschl. bivalent);2001;284
2021;Geländewagen;Flüssiggas (LPG) (einschl. bivalent);2002;277
2021;Geländewagen;Flüssiggas (LPG) (einschl. bivalent);2003;428
2021;Geländewagen;Flüssiggas (LPG) (einschl. bivalent);2004;536
2021;Geländewagen;Flüssiggas (LPG) (einschl. bivalent);2005;546
2021;Geländewagen;Flüssiggas (LPG) (einschl. bivalent);2006;585
2021;Geländewagen;Flüssiggas (LPG) (einschl. bivalent);2007;449
2021;Geländewagen;Flüssiggas (LPG) (einschl. bivalent);2008;385
2021;Geländewagen;Flüssiggas (LPG) (einschl. bivalent);2009;207
2021;Geländewagen;Flüssiggas (LPG) (einschl. bivalent);2010;101
2021;Geländewagen;Flüssiggas (LPG) (einschl. bivalent);2011;64
2021;Geländewagen;Flüssiggas (LPG) (einschl. bivalent);2012;45
2021;Geländewagen;Flüssiggas (LPG) (einschl. bivalent);2013;29
2021;Geländewagen;Flüssiggas (LPG) (einschl. bivalent);2014;26
2021;Geländewagen;Flüssiggas (LPG) (einschl. bivalent);2015;30
2021;Geländewagen;Flüssiggas (LPG) (einschl. bivalent);2016;18
2021;Geländewagen;Flüssiggas (LPG) (einschl. bivalent);2017;22
2021;Geländewagen;Flüssiggas (LPG) (einschl. bivalent);2018;15
2021;Geländewagen;Flüssiggas (LPG) (einschl. bivalent);2019;14
2021;Geländewagen;Flüssiggas (LPG) (einschl. bivalent);2020;3
2021;Geländewagen;Flüssiggas (LPG) (einschl. bivalent);2021;1
2021;Geländewagen;Erdgas (CNG) (einschl. bivalent);1999;1
2021;Geländewagen;Erdgas (CNG) (einschl. bivalent);2000;1
2021;Geländewagen;Erdgas (CNG) (einschl. bivalent);2003;1
2021;Geländewagen;Erdgas (CNG) (einschl. bivalent);2012;2
2021;Sportwagen;Benzin;1990;596
2021;Sportwagen;Benzin;1991;971
2021;Sportwagen;Benzin;1992;1026
2021;Sportwagen;Benzin;1993;789
2021;Sportwagen;Benzin;1994;748
2021;Sportwagen;Benzin;1995;627
2021;Sportwagen;Benzin;1996;1026
2021;Sportwagen;Benzin;1997;2813
2021;Sportwagen;Benzin;1998;4358
2021;Sportwagen;Benzin;1999;6084
2021;Sportwagen;Benzin;2000;6115
2021;Sportwagen;Benzin;2001;4384
2021;Sportwagen;Benzin;2002;4422
2021;Sportwagen;Benzin;2003;4493
2021;Sportwagen;Benzin;2004;4591
2021;Sportwagen;Benzin;2005;3978
2021;Sportwagen;Benzin;2006;3913
2021;Sportwagen;Benzin;2007;4249
2021;Sportwagen;Benzin;2008;3834
2021;Sportwagen;Benzin;2009;2893
2021;Sportwagen;Benzin;2010;3177
2021;Sportwagen;Benzin;2011;3436
2021;Sportwagen;Benzin;2012;3190
2021;Sportwagen;Benzin;2013;3111
2021;Sportwagen;Benzin;2014;3088
2021;Sportwagen;Benzin;2015;3599
2021;Sportwagen;Benzin;2016;4518
2021;Sportwagen;Benzin;2017;5136
2021;Sportwagen;Benzin;2018;6609
2021;Sportwagen;Benzin;2019;5351
2021;Sportwagen;Benzin;2020;6130
2021;Sportwagen;Benzin;2021;3876
2021;Sportwagen;Diesel;1999;1
2021;Sportwagen;Diesel;2002;36
2021;Sportwagen;Diesel;2003;175
2021;Sportwagen;Diesel;2004;148
2021;Sportwagen;Diesel;2005;164
2021;Sportwagen;Diesel;2006;289
2021;Sportwagen;Diesel;2007;227
2021;Sportwagen;Diesel;2008;194
2021;Sportwagen;Diesel;2009;392
2021;Sportwagen;Diesel;2010;608
2021;Sportwagen;Diesel;2011;605
2021;Sportwagen;Diesel;2012;521
2021;Sportwagen;Diesel;2013;492
2021;Sportwagen;Diesel;2014;462
2021;Sportwagen;Diesel;2015;317
2021;Sportwagen;Diesel;2016;226
2021;Sportwagen;Diesel;2017;379
2021;Sportwagen;Diesel;2018;514
2021;Sportwagen;Diesel;2019;323
2021;Sportwagen;Diesel;2020;574
2021;Sportwagen;Diesel;2021;140
2021;Sportwagen;Elektro (BEV);2006;1
2021;Sportwagen;Elektro (BEV);2009;2
2021;Sportwagen;Elektro (BEV);2010;3
2021;Sportwagen;Elektro (BEV);2012;6
2021;Sportwagen;Elektro (BEV);2014;1
2021;Sportwagen;Hybrid;2010;121
2021;Sportwagen;Hybrid;2011;52
2021;Sportwagen;Hybrid;2012;26
2021;Sportwagen;Hybrid;2013;3
2021;Sportwagen;Hybrid;2014;28
2021;Sportwagen;Hybrid;2015;26
2021;Sportwagen;Hybrid;2016;30
2021;Sportwagen;Hybrid;2017;33
2021;Sportwagen;Hybrid;2018;240
2021;Sportwagen;Hybrid;2019;592
2021;Sportwagen;Hybrid;2020;1023
2021;Sportwagen;Hybrid;2021;520
2021;Sportwagen;Sonstige;2000;1
2021;Sportwagen;Sonstige;2017;1
2021;Sportwagen;Sonstige;2019;1
2021;Sportwagen;Flüssiggas (LPG) (einschl. bivalent);1990;4
2021;Sportwagen;Flüssiggas (LPG) (einschl. bivalent);1991;10
2021;Sportwagen;Flüssiggas (LPG) (einschl. bivalent);1992;8
2021;Sportwagen;Flüssiggas (LPG) (einschl. bivalent);1993;11
2021;Sportwagen;Flüssiggas (LPG) (einschl. bivalent);1994;4
2021;Sportwagen;Flüssiggas (LPG) (einschl. bivalent);1995;9
2021;Sportwagen;Flüssiggas (LPG) (einschl. bivalent);1996;7
2021;Sportwagen;Flüssiggas (LPG) (einschl. bivalent);1997;69
2021;Sportwagen;Flüssiggas (LPG) (einschl. bivalent);1998;104
2021;Sportwagen;Flüssiggas (LPG) (einschl. bivalent);1999;209
2021;Sportwagen;Flüssiggas (LPG) (einschl. bivalent);2000;200
2021;Sportwagen;Flüssiggas (LPG) (einschl. bivalent);2001;140
2021;Sportwagen;Flüssiggas (LPG) (einschl. bivalent);2002;138
2021;Sportwagen;Flüssiggas (LPG) (einschl. bivalent);2003;147
2021;Sportwagen;Flüssiggas (LPG) (einschl. bivalent);2004;112
2021;Sportwagen;Flüssiggas (LPG) (einschl. bivalent);2005;73
2021;Sportwagen;Flüssiggas (LPG) (einschl. bivalent);2006;62
2021;Sportwagen;Flüssiggas (LPG) (einschl. bivalent);2007;53
2021;Sportwagen;Flüssiggas (LPG) (einschl. bivalent);2008;38
2021;Sportwagen;Flüssiggas (LPG) (einschl. bivalent);2009;12
2021;Sportwagen;Flüssiggas (LPG) (einschl. bivalent);2010;15
2021;Sportwagen;Flüssiggas (LPG) (einschl. bivalent);2011;14
2021;Sportwagen;Flüssiggas (LPG) (einschl. bivalent);2012;21
2021;Sportwagen;Flüssiggas (LPG) (einschl. bivalent);2013;41
2021;Sportwagen;Flüssiggas (LPG) (einschl. bivalent);2014;63
2021;Sportwagen;Flüssiggas (LPG) (einschl. bivalent);2015;28
2021;Sportwagen;Flüssiggas (LPG) (einschl. bivalent);2016;38
2021;Sportwagen;Flüssiggas (LPG) (einschl. bivalent);2017;24
2021;Sportwagen;Flüssiggas (LPG) (einschl. bivalent);2018;4
2021;Sportwagen;Flüssiggas (LPG) (einschl. bivalent);2019;1
2021;Sportwagen;Erdgas (CNG) (einschl. bivalent);2000;1
2021;Mini-Vans;Benzin;1990;1
2021;Mini-Vans;Benzin;1991;5
2021;Mini-Vans;Benzin;1992;12
2021;Mini-Vans;Benzin;1993;9
2021;Mini-Vans;Benzin;1994;13
2021;Mini-Vans;Benzin;1995;24
2021;Mini-Vans;Benzin;1996;68
2021;Mini-Vans;Benzin;1997;211
2021;Mini-Vans;Benzin;1998;487
2021;Mini-Vans;Benzin;1999;1311
2021;Mini-Vans;Benzin;2000;3133
2021;Mini-Vans;Benzin;2001;3478
2021;Mini-Vans;Benzin;2002;5249
2021;Mini-Vans;Benzin;2003;8977
2021;Mini-Vans;Benzin;2004;13916
2021;Mini-Vans;Benzin;2005;17139
2021;Mini-Vans;Benzin;2006;17574
2021;Mini-Vans;Benzin;2007;11088
2021;Mini-Vans;Benzin;2008;9548
2021;Mini-Vans;Benzin;2009;9526
2021;Mini-Vans;Benzin;2010;7877
2021;Mini-Vans;Benzin;2011;8601
2021;Mini-Vans;Benzin;2012;8094
2021;Mini-Vans;Benzin;2013;7490
2021;Mini-Vans;Benzin;2014;6295
2021;Mini-Vans;Benzin;2015;5108
2021;Mini-Vans;Benzin;2016;4828
2021;Mini-Vans;Benzin;2017;6086
2021;Mini-Vans;Benzin;2018;3592
2021;Mini-Vans;Benzin;2019;5373
2021;Mini-Vans;Benzin;2020;4482
2021;Mini-Vans;Benzin;2021;2047
2021;Mini-Vans;Diesel;1998;9
2021;Mini-Vans;Diesel;1999;22
2021;Mini-Vans;Diesel;2000;123
2021;Mini-Vans;Diesel;2001;225
2021;Mini-Vans;Diesel;2002;832
2021;Mini-Vans;Diesel;2003;1182
2021;Mini-Vans;Diesel;2004;3804
2021;Mini-Vans;Diesel;2005;4556
2021;Mini-Vans;Diesel;2006;6286
2021;Mini-Vans;Diesel;2007;5314
2021;Mini-Vans;Diesel;2008;3879
2021;Mini-Vans;Diesel;2009;2759
2021;Mini-Vans;Diesel;2010;3453
2021;Mini-Vans;Diesel;2011;4591
2021;Mini-Vans;Diesel;2012;4729
2021;Mini-Vans;Diesel;2013;3422
2021;Mini-Vans;Diesel;2014;2933
2021;Mini-Vans;Diesel;2015;2537
2021;Mini-Vans;Diesel;2016;2221
2021;Mini-Vans;Diesel;2017;3520
2021;Mini-Vans;Diesel;2018;2419
2021;Mini-Vans;Diesel;2019;1834
2021;Mini-Vans;Diesel;2020;2174
2021;Mini-Vans;Diesel;2021;688
2021;Mini-Vans;Elektro (BEV);2014;2
2021;Mini-Vans;Elektro (BEV);2015;40
2021;Mini-Vans;Elektro (BEV);2016;99
2021;Mini-Vans;Elektro (BEV);2017;121
2021;Mini-Vans;Elektro (BEV);2018;42
2021;Mini-Vans;Elektro (BEV);2019;60
2021;Mini-Vans;Elektro (BEV);2020;366
2021;Mini-Vans;Elektro (BEV);2021;285
2021;Mini-Vans;Hybrid;2011;3
2021;Mini-Vans;Hybrid;2012;71
2021;Mini-Vans;Hybrid;2013;28
2021;Mini-Vans;Hybrid;2014;14
2021;Mini-Vans;Hybrid;2015;32
2021;Mini-Vans;Hybrid;2016;5
2021;Mini-Vans;Hybrid;2017;28
2021;Mini-Vans;Hybrid;2018;33
2021;Mini-Vans;Hybrid;2019;10
2021;Mini-Vans;Hybrid;2020;686
2021;Mini-Vans;Hybrid;2021;212
2021;Mini-Vans;Sonstige;2009;4
2021;Mini-Vans;Sonstige;2010;14
2021;Mini-Vans;Sonstige;2011;5
2021;Mini-Vans;Sonstige;2012;13
2021;Mini-Vans;Flüssiggas (LPG) (einschl. bivalent);1995;1
2021;Mini-Vans;Flüssiggas (LPG) (einschl. bivalent);1997;4
2021;Mini-Vans;Flüssiggas (LPG) (einschl. bivalent);1998;4
2021;Mini-Vans;Flüssiggas (LPG) (einschl. bivalent);1999;14
2021;Mini-Vans;Flüssiggas (LPG) (einschl. bivalent);2000;60
2021;Mini-Vans;Flüssiggas (LPG) (einschl. bivalent);2001;62
2021;Mini-Vans;Flüssiggas (LPG) (einschl. bivalent);2002;128
2021;Mini-Vans;Flüssiggas (LPG) (einschl. bivalent);2003;197
2021;Mini-Vans;Flüssiggas (LPG) (einschl. bivalent);2004;361
2021;Mini-Vans;Flüssiggas (LPG) (einschl. bivalent);2005;454
2021;Mini-Vans;Flüssiggas (LPG) (einschl. bivalent);2006;490
2021;Mini-Vans;Flüssiggas (LPG) (einschl. bivalent);2007;452
2021;Mini-Vans;Flüssiggas (LPG) (einschl. bivalent);2008;543
2021;Mini-Vans;Flüssiggas (LPG) (einschl. bivalent);2009;243
2021;Mini-Vans;Flüssiggas (LPG) (einschl. bivalent);2010;123
2021;Mini-Vans;Flüssiggas (LPG) (einschl. bivalent);2011;105
2021;Mini-Vans;Flüssiggas (LPG) (einschl. bivalent);2012;110
2021;Mini-Vans;Flüssiggas (LPG) (einschl. bivalent);2013;37
2021;Mini-Vans;Flüssiggas (LPG) (einschl. bivalent);2014;64
2021;Mini-Vans;Flüssiggas (LPG) (einschl. bivalent);2015;65
2021;Mini-Vans;Flüssiggas (LPG) (einschl. bivalent);2016;27
2021;Mini-Vans;Flüssiggas (LPG) (einschl. bivalent);2017;44
2021;Mini-Vans;Flüssiggas (LPG) (einschl. bivalent);2018;20
2021;Mini-Vans;Flüssiggas (LPG) (einschl. bivalent);2019;34
2021;Mini-Vans;Flüssiggas (LPG) (einschl. bivalent);2020;8
2021;Mini-Vans;Flüssiggas (LPG) (einschl. bivalent);2021;1
2021;Mini-Vans;Erdgas (CNG) (einschl. bivalent);2000;7
2021;Mini-Vans;Erdgas (CNG) (einschl. bivalent);2001;13
2021;Mini-Vans;Erdgas (CNG) (einschl. bivalent);2002;5
2021;Mini-Vans;Erdgas (CNG) (einschl. bivalent);2003;7
2021;Mini-Vans;Erdgas (CNG) (einschl. bivalent);2004;9
2021;Mini-Vans;Erdgas (CNG) (einschl. bivalent);2005;21
2021;Mini-Vans;Erdgas (CNG) (einschl. bivalent);2006;64
2021;Mini-Vans;Erdgas (CNG) (einschl. bivalent);2007;24
2021;Mini-Vans;Erdgas (CNG) (einschl. bivalent);2008;80
2021;Mini-Vans;Erdgas (CNG) (einschl. bivalent);2009;70
2021;Mini-Vans;Erdgas (CNG) (einschl. bivalent);2010;38
2021;Mini-Vans;Erdgas (CNG) (einschl. bivalent);2011;5
2021;Mini-Vans;Erdgas (CNG) (einschl. bivalent);2013;2
2021;Mini-Vans;Erdgas (CNG) (einschl. bivalent);2014;20
2021;Mini-Vans;Erdgas (CNG) (einschl. bivalent);2015;22
2021;Mini-Vans;Erdgas (CNG) (einschl. bivalent);2016;11
2021;Mini-Vans;Erdgas (CNG) (einschl. bivalent);2017;15
2021;Mini-Vans;Erdgas (CNG) (einschl. bivalent);2018;1
2021;Großraum-Vans;Benzin;1990;5
2021;Großraum-Vans;Benzin;1991;23
2021;Großraum-Vans;Benzin;1992;30
2021;Großraum-Vans;Benzin;1993;43
2021;Großraum-Vans;Benzin;1994;104
2021;Großraum-Vans;Benzin;1995;204
2021;Großraum-Vans;Benzin;1996;505
2021;Großraum-Vans;Benzin;1997;967
2021;Großraum-Vans;Benzin;1998;1489
2021;Großraum-Vans;Benzin;1999;3472
2021;Großraum-Vans;Benzin;2000;4925
2021;Großraum-Vans;Benzin;2001;5048
2021;Großraum-Vans;Benzin;2002;6063
2021;Großraum-Vans;Benzin;2003;7086
2021;Großraum-Vans;Benzin;2004;7338
2021;Großraum-Vans;Benzin;2005;8120
2021;Großraum-Vans;Benzin;2006;8555
2021;Großraum-Vans;Benzin;2007;5400
2021;Großraum-Vans;Benzin;2008;4966
2021;Großraum-Vans;Benzin;2009;5721
2021;Großraum-Vans;Benzin;2010;4229
2021;Großraum-Vans;Benzin;2011;4832
2021;Großraum-Vans;Benzin;2012;3848
2021;Großraum-Vans;Benzin;2013;2617
2021;Großraum-Vans;Benzin;2014;2269
2021;Großraum-Vans;Benzin;2015;1578
2021;Großraum-Vans;Benzin;2016;2548
2021;Großraum-Vans;Benzin;2017;4831
2021;Großraum-Vans;Benzin;2018;3834
2021;Großraum-Vans;Benzin;2019;1882
2021;Großraum-Vans;Benzin;2020;4124
2021;Großraum-Vans;Benzin;2021;2430
2021;Großraum-Vans;Diesel;1990;1
2021;Großraum-Vans;Diesel;1991;1
2021;Großraum-Vans;Diesel;1992;2
2021;Großraum-Vans;Diesel;1993;4
2021;Großraum-Vans;Diesel;1994;9
2021;Großraum-Vans;Diesel;1995;12
2021;Großraum-Vans;Diesel;1996;64
2021;Großraum-Vans;Diesel;1997;139
2021;Großraum-Vans;Diesel;1998;318
2021;Großraum-Vans;Diesel;1999;477
2021;Großraum-Vans;Diesel;2000;1096
2021;Großraum-Vans;Diesel;2001;1847
2021;Großraum-Vans;Diesel;2002;3355
2021;Großraum-Vans;Diesel;2003;7335
2021;Großraum-Vans;Diesel;2004;12531
2021;Großraum-Vans;Diesel;2005;11409
2021;Großraum-Vans;Diesel;2006;17134
2021;Großraum-Vans;Diesel;2007;13846
2021;Großraum-Vans;Diesel;2008;10414
2021;Großraum-Vans;Diesel;2009;7745
2021;Großraum-Vans;Diesel;2010;6915
2021;Großraum-Vans;Diesel;2011;10294
2021;Großraum-Vans;Diesel;2012;10107
2021;Großraum-Vans;Diesel;2013;7306
2021;Großraum-Vans;Diesel;2014;7195
2021;Großraum-Vans;Diesel;2015;6488
2021;Großraum-Vans;Diesel;2016;9825
2021;Großraum-Vans;Diesel;2017;14055
2021;Großraum-Vans;Diesel;2018;10979
2021;Großraum-Vans;Diesel;2019;5216
2021;Großraum-Vans;Diesel;2020;11492
2021;Großraum-Vans;Diesel;2021;3757
2021;Großraum-Vans;Elektro (BEV);2019;6
2021;Großraum-Vans;Elektro (BEV);2020;359
2021;Großraum-Vans;Elektro (BEV);2021;127
2021;Großraum-Vans;Hybrid;2012;101
2021;Großraum-Vans;Hybrid;2013;81
2021;Großraum-Vans;Hybrid;2014;72
2021;Großraum-Vans;Hybrid;2015;119
2021;Großraum-Vans;Hybrid;2016;115
2021;Großraum-Vans;Hybrid;2017;97
2021;Großraum-Vans;Hybrid;2018;117
2021;Großraum-Vans;Hybrid;2019;78
2021;Großraum-Vans;Hybrid;2020;495
2021;Großraum-Vans;Hybrid;2021;742
2021;Großraum-Vans;Sonstige;2002;1
2021;Großraum-Vans;Sonstige;2003;1
2021;Großraum-Vans;Sonstige;2005;1
2021;Großraum-Vans;Sonstige;2009;4
2021;Großraum-Vans;Sonstige;2010;15
2021;Großraum-Vans;Sonstige;2011;12
2021;Großraum-Vans;Sonstige;2012;2
2021;Großraum-Vans;Flüssiggas (LPG) (einschl. bivalent);1992;2
2021;Großraum-Vans;Flüssiggas (LPG) (einschl. bivalent);1993;2
2021;Großraum-Vans;Flüssiggas (LPG) (einschl. bivalent);1994;5
2021;Großraum-Vans;Flüssiggas (LPG) (einschl. bivalent);1995;9
2021;Großraum-Vans;Flüssiggas (LPG) (einschl. bivalent);1996;21
2021;Großraum-Vans;Flüssiggas (LPG) (einschl. bivalent);1997;55
2021;Großraum-Vans;Flüssiggas (LPG) (einschl. bivalent);1998;89
2021;Großraum-Vans;Flüssiggas (LPG) (einschl. bivalent);1999;170
2021;Großraum-Vans;Flüssiggas (LPG) (einschl. bivalent);2000;209
2021;Großraum-Vans;Flüssiggas (LPG) (einschl. bivalent);2001;256
2021;Großraum-Vans;Flüssiggas (LPG) (einschl. bivalent);2002;346
2021;Großraum-Vans;Flüssiggas (LPG) (einschl. bivalent);2003;319
2021;Großraum-Vans;Flüssiggas (LPG) (einschl. bivalent);2004;409
2021;Großraum-Vans;Flüssiggas (LPG) (einschl. bivalent);2005;402
2021;Großraum-Vans;Flüssiggas (LPG) (einschl. bivalent);2006;390
2021;Großraum-Vans;Flüssiggas (LPG) (einschl. bivalent);2007;290
2021;Großraum-Vans;Flüssiggas (LPG) (einschl. bivalent);2008;356
2021;Großraum-Vans;Flüssiggas (LPG) (einschl. bivalent);2009;171
2021;Großraum-Vans;Flüssiggas (LPG) (einschl. bivalent);2010;100
2021;Großraum-Vans;Flüssiggas (LPG) (einschl. bivalent);2011;68
2021;Großraum-Vans;Flüssiggas (LPG) (einschl. bivalent);2012;45
2021;Großraum-Vans;Flüssiggas (LPG) (einschl. bivalent);2013;39
2021;Großraum-Vans;Flüssiggas (LPG) (einschl. bivalent);2014;15
2021;Großraum-Vans;Flüssiggas (LPG) (einschl. bivalent);2015;10
2021;Großraum-Vans;Flüssiggas (LPG) (einschl. bivalent);2016;6
2021;Großraum-Vans;Flüssiggas (LPG) (einschl. bivalent);2017;14
2021;Großraum-Vans;Flüssiggas (LPG) (einschl. bivalent);2018;9
2021;Großraum-Vans;Erdgas (CNG) (einschl. bivalent);2000;1
2021;Großraum-Vans;Erdgas (CNG) (einschl. bivalent);2001;1
2021;Großraum-Vans;Erdgas (CNG) (einschl. bivalent);2002;51
2021;Großraum-Vans;Erdgas (CNG) (einschl. bivalent);2003;46
2021;Großraum-Vans;Erdgas (CNG) (einschl. bivalent);2004;158
2021;Großraum-Vans;Erdgas (CNG) (einschl. bivalent);2005;194
2021;Großraum-Vans;Erdgas (CNG) (einschl. bivalent);2006;368
2021;Großraum-Vans;Erdgas (CNG) (einschl. bivalent);2007;433
2021;Großraum-Vans;Erdgas (CNG) (einschl. bivalent);2008;367
2021;Großraum-Vans;Erdgas (CNG) (einschl. bivalent);2009;189
2021;Großraum-Vans;Erdgas (CNG) (einschl. bivalent);2010;139
2021;Großraum-Vans;Erdgas (CNG) (einschl. bivalent);2011;141
2021;Großraum-Vans;Erdgas (CNG) (einschl. bivalent);2012;178
2021;Großraum-Vans;Erdgas (CNG) (einschl. bivalent);2013;85
2021;Großraum-Vans;Erdgas (CNG) (einschl. bivalent);2014;41
2021;Großraum-Vans;Erdgas (CNG) (einschl. bivalent);2015;21
2021;Großraum-Vans;Erdgas (CNG) (einschl. bivalent);2016;12
2021;Großraum-Vans;Erdgas (CNG) (einschl. bivalent);2017;18
2021;Großraum-Vans;Erdgas (CNG) (einschl. bivalent);2018;3
2021;Großraum-Vans;Erdgas (CNG) (einschl. bivalent);2020;2
2021;Utilities;Benzin;1990;168
2021;Utilities;Benzin;1991;204
2021;Utilities;Benzin;1992;290
2021;Utilities;Benzin;1993;194
2021;Utilities;Benzin;1994;312
2021;Utilities;Benzin;1995;469
2021;Utilities;Benzin;1996;501
2021;Utilities;Benzin;1997;576
2021;Utilities;Benzin;1998;841
2021;Utilities;Benzin;1999;1507
2021;Utilities;Benzin;2000;1714
2021;Utilities;Benzin;2001;2008
2021;Utilities;Benzin;2002;2564
2021;Utilities;Benzin;2003;2401
2021;Utilities;Benzin;2004;2247
2021;Utilities;Benzin;2005;2739
2021;Utilities;Benzin;2006;2441
2021;Utilities;Benzin;2007;1392
2021;Utilities;Benzin;2008;2149
2021;Utilities;Benzin;2009;3334
2021;Utilities;Benzin;2010;1893
2021;Utilities;Benzin;2011;1657
2021;Utilities;Benzin;2012;1200
2021;Utilities;Benzin;2013;1031
2021;Utilities;Benzin;2014;1077
2021;Utilities;Benzin;2015;1073
2021;Utilities;Benzin;2016;1769
2021;Utilities;Benzin;2017;3345
2021;Utilities;Benzin;2018;2713
2021;Utilities;Benzin;2019;2263
2021;Utilities;Benzin;2020;3092
2021;Utilities;Benzin;2021;1332
2021;Utilities;Diesel;1990;193
2021;Utilities;Diesel;1991;199
2021;Utilities;Diesel;1992;333
2021;Utilities;Diesel;1993;241
2021;Utilities;Diesel;1994;402
2021;Utilities;Diesel;1995;584
2021;Utilities;Diesel;1996;1091
2021;Utilities;Diesel;1997;1329
2021;Utilities;Diesel;1998;1599
2021;Utilities;Diesel;1999;2021
2021;Utilities;Diesel;2000;2227
2021;Utilities;Diesel;2001;2518
2021;Utilities;Diesel;2002;3255
2021;Utilities;Diesel;2003;3911
2021;Utilities;Diesel;2004;5668
2021;Utilities;Diesel;2005;6402
2021;Utilities;Diesel;2006;8238
2021;Utilities;Diesel;2007;7588
2021;Utilities;Diesel;2008;8599
2021;Utilities;Diesel;2009;7606
2021;Utilities;Diesel;2010;7973
2021;Utilities;Diesel;2011;8286
2021;Utilities;Diesel;2012;7637
2021;Utilities;Diesel;2013;7177
2021;Utilities;Diesel;2014;7317
2021;Utilities;Diesel;2015;8222
2021;Utilities;Diesel;2016;11931
2021;Utilities;Diesel;2017;15523
2021;Utilities;Diesel;2018;11710
2021;Utilities;Diesel;2019;9239
2021;Utilities;Diesel;2020;18570
2021;Utilities;Diesel;2021;10490
2021;Utilities;Elektro (BEV);1990;1
2021;Utilities;Elektro (BEV);1992;1
2021;Utilities;Elektro (BEV);1997;1
2021;Utilities;Elektro (BEV);2002;2
2021;Utilities;Elektro (BEV);2003;1
2021;Utilities;Elektro (BEV);2004;3
2021;Utilities;Elektro (BEV);2008;2
2021;Utilities;Elektro (BEV);2010;3
2021;Utilities;Elektro (BEV);2011;1
2021;Utilities;Elektro (BEV);2012;1
2021;Utilities;Elektro (BEV);2014;2
2021;Utilities;Elektro (BEV);2015;11
2021;Utilities;Elektro (BEV);2016;10
2021;Utilities;Elektro (BEV);2017;17
2021;Utilities;Elektro (BEV);2018;19
2021;Utilities;Elektro (BEV);2019;129
2021;Utilities;Elektro (BEV);2020;347
2021;Utilities;Elektro (BEV);2021;98
2021;Utilities;Hybrid;2014;2
2021;Utilities;Hybrid;2019;28
2021;Utilities;Hybrid;2020;316
2021;Utilities;Hybrid;2021;599
2021;Utilities;Sonstige;1998;1
2021;Utilities;Sonstige;2006;1
2021;Utilities;Sonstige;2013;1
2021;Utilities;Flüssiggas (LPG) (einschl. bivalent);1990;4
2021;Utilities;Flüssiggas (LPG) (einschl. bivalent);1991;13
2021;Utilities;Flüssiggas (LPG) (einschl. bivalent);1992;33
2021;Utilities;Flüssiggas (LPG) (einschl. bivalent);1993;35
2021;Utilities;Flüssiggas (LPG) (einschl. bivalent);1994;50
2021;Utilities;Flüssiggas (LPG) (einschl. bivalent);1995;79
2021;Utilities;Flüssiggas (LPG) (einschl. bivalent);1996;93
2021;Utilities;Flüssiggas (LPG) (einschl. bivalent);1997;97
2021;Utilities;Flüssiggas (LPG) (einschl. bivalent);1998;65
2021;Utilities;Flüssiggas (LPG) (einschl. bivalent);1999;48
2021;Utilities;Flüssiggas (LPG) (einschl. bivalent);2000;42
2021;Utilities;Flüssiggas (LPG) (einschl. bivalent);2001;49
2021;Utilities;Flüssiggas (LPG) (einschl. bivalent);2002;63
2021;Utilities;Flüssiggas (LPG) (einschl. bivalent);2003;76
2021;Utilities;Flüssiggas (LPG) (einschl. bivalent);2004;83
2021;Utilities;Flüssiggas (LPG) (einschl. bivalent);2005;148
2021;Utilities;Flüssiggas (LPG) (einschl. bivalent);2006;138
2021;Utilities;Flüssiggas (LPG) (einschl. bivalent);2007;82
2021;Utilities;Flüssiggas (LPG) (einschl. bivalent);2008;255
2021;Utilities;Flüssiggas (LPG) (einschl. bivalent);2009;185
2021;Utilities;Flüssiggas (LPG) (einschl. bivalent);2010;69
2021;Utilities;Flüssiggas (LPG) (einschl. bivalent);2011;61
2021;Utilities;Flüssiggas (LPG) (einschl. bivalent);2012;65
2021;Utilities;Flüssiggas (LPG) (einschl. bivalent);2013;23
2021;Utilities;Flüssiggas (LPG) (einschl. bivalent);2014;64
2021;Utilities;Flüssiggas (LPG) (einschl. bivalent);2015;62
2021;Utilities;Flüssiggas (LPG) (einschl. bivalent);2016;3
2021;Utilities;Flüssiggas (LPG) (einschl. bivalent);2017;51
2021;Utilities;Flüssiggas (LPG) (einschl. bivalent);2018;69
2021;Utilities;Flüssiggas (LPG) (einschl. bivalent);2019;42
2021;Utilities;Erdgas (CNG) (einschl. bivalent);1995;1
2021;Utilities;Erdgas (CNG) (einschl. bivalent);1996;1
2021;Utilities;Erdgas (CNG) (einschl. bivalent);1997;3
2021;Utilities;Erdgas (CNG) (einschl. bivalent);1998;2
2021;Utilities;Erdgas (CNG) (einschl. bivalent);1999;3
2021;Utilities;Erdgas (CNG) (einschl. bivalent);2000;2
2021;Utilities;Erdgas (CNG) (einschl. bivalent);2001;3
2021;Utilities;Erdgas (CNG) (einschl. bivalent);2002;2
2021;Utilities;Erdgas (CNG) (einschl. bivalent);2003;4
2021;Utilities;Erdgas (CNG) (einschl. bivalent);2004;9
2021;Utilities;Erdgas (CNG) (einschl. bivalent);2005;111
2021;Utilities;Erdgas (CNG) (einschl. bivalent);2006;422
2021;Utilities;Erdgas (CNG) (einschl. bivalent);2007;411
2021;Utilities;Erdgas (CNG) (einschl. bivalent);2008;451
2021;Utilities;Erdgas (CNG) (einschl. bivalent);2009;227
2021;Utilities;Erdgas (CNG) (einschl. bivalent);2010;104
2021;Utilities;Erdgas (CNG) (einschl. bivalent);2011;145
2021;Utilities;Erdgas (CNG) (einschl. bivalent);2012;87
2021;Utilities;Erdgas (CNG) (einschl. bivalent);2013;61
2021;Utilities;Erdgas (CNG) (einschl. bivalent);2014;56
2021;Utilities;Erdgas (CNG) (einschl. bivalent);2015;23
2021;Utilities;Erdgas (CNG) (einschl. bivalent);2016;45
2021;Utilities;Erdgas (CNG) (einschl. bivalent);2017;54
2021;Utilities;Erdgas (CNG) (einschl. bivalent);2018;54
2021;Utilities;Erdgas (CNG) (einschl. bivalent);2019;31
2021;Utilities;Erdgas (CNG) (einschl. bivalent);2020;79
2021;Utilities;Erdgas (CNG) (einschl. bivalent);2021;10
2021;Wohnmobile;Benzin;1990;78
2021;Wohnmobile;Benzin;1991;93
2021;Wohnmobile;Benzin;1992;77
2021;Wohnmobile;Benzin;1993;59
2021;Wohnmobile;Benzin;1994;49
2021;Wohnmobile;Benzin;1995;52
2021;Wohnmobile;Benzin;1996;39
2021;Wohnmobile;Benzin;1997;25
2021;Wohnmobile;Benzin;1998;27
2021;Wohnmobile;Benzin;1999;16
2021;Wohnmobile;Benzin;2000;15
2021;Wohnmobile;Benzin;2001;2
2021;Wohnmobile;Benzin;2002;4
2021;Wohnmobile;Benzin;2003;4
2021;Wohnmobile;Benzin;2004;3
2021;Wohnmobile;Benzin;2005;5
2021;Wohnmobile;Benzin;2006;6
2021;Wohnmobile;Benzin;2007;2
2021;Wohnmobile;Benzin;2008;4
2021;Wohnmobile;Benzin;2009;5
2021;Wohnmobile;Benzin;2010;9
2021;Wohnmobile;Benzin;2011;5
2021;Wohnmobile;Benzin;2012;3
2021;Wohnmobile;Benzin;2013;9
2021;Wohnmobile;Benzin;2014;6
2021;Wohnmobile;Benzin;2015;5
2021;Wohnmobile;Benzin;2016;9
2021;Wohnmobile;Benzin;2017;18
2021;Wohnmobile;Benzin;2018;13
2021;Wohnmobile;Benzin;2019;22
2021;Wohnmobile;Benzin;2020;23
2021;Wohnmobile;Benzin;2021;26
2021;Wohnmobile;Diesel;1990;1059
2021;Wohnmobile;Diesel;1991;1349
2021;Wohnmobile;Diesel;1992;1598
2021;Wohnmobile;Diesel;1993;1250
2021;Wohnmobile;Diesel;1994;1226
2021;Wohnmobile;Diesel;1995;1236
2021;Wohnmobile;Diesel;1996;1425
2021;Wohnmobile;Diesel;1997;1344
2021;Wohnmobile;Diesel;1998;1431
2021;Wohnmobile;Diesel;1999;1648
2021;Wohnmobile;Diesel;2000;1848
2021;Wohnmobile;Diesel;2001;1976
2021;Wohnmobile;Diesel;2002;1805
2021;Wohnmobile;Diesel;2003;1761
2021;Wohnmobile;Diesel;2004;1820
2021;Wohnmobile;Diesel;2005;1877
2021;Wohnmobile;Diesel;2006;1963
2021;Wohnmobile;Diesel;2007;1916
2021;Wohnmobile;Diesel;2008;1996
2021;Wohnmobile;Diesel;2009;1689
2021;Wohnmobile;Diesel;2010;1683
2021;Wohnmobile;Diesel;2011;1923
2021;Wohnmobile;Diesel;2012;2084
2021;Wohnmobile;Diesel;2013;2164
2021;Wohnmobile;Diesel;2014;2240
2021;Wohnmobile;Diesel;2015;2532
2021;Wohnmobile;Diesel;2016;2959
2021;Wohnmobile;Diesel;2017;3442
2021;Wohnmobile;Diesel;2018;3849
2021;Wohnmobile;Diesel;2019;4853
2021;Wohnmobile;Diesel;2020;8338
2021;Wohnmobile;Diesel;2021;13663
2021;Wohnmobile;Elektro (BEV);2019;2
2021;Wohnmobile;Hybrid;1990;1
2021;Wohnmobile;Hybrid;2000;1
2021;Wohnmobile;Sonstige;1990;1
2021;Wohnmobile;Sonstige;2008;1
2021;Wohnmobile;Sonstige;2010;1
2021;Wohnmobile;Sonstige;2012;2
2021;Wohnmobile;Sonstige;2019;2
2021;Wohnmobile;Sonstige;2021;2
2021;Wohnmobile;Flüssiggas (LPG) (einschl. bivalent);1990;16
2021;Wohnmobile;Flüssiggas (LPG) (einschl. bivalent);1991;21
2021;Wohnmobile;Flüssiggas (LPG) (einschl. bivalent);1992;15
2021;Wohnmobile;Flüssiggas (LPG) (einschl. bivalent);1993;20
2021;Wohnmobile;Flüssiggas (LPG) (einschl. bivalent);1994;22
2021;Wohnmobile;Flüssiggas (LPG) (einschl. bivalent);1995;27
2021;Wohnmobile;Flüssiggas (LPG) (einschl. bivalent);1996;10
2021;Wohnmobile;Flüssiggas (LPG) (einschl. bivalent);1997;12
2021;Wohnmobile;Flüssiggas (LPG) (einschl. bivalent);1998;11
2021;Wohnmobile;Flüssiggas (LPG) (einschl. bivalent);1999;9
2021;Wohnmobile;Flüssiggas (LPG) (einschl. bivalent);2000;5
2021;Wohnmobile;Flüssiggas (LPG) (einschl. bivalent);2001;5
2021;Wohnmobile;Flüssiggas (LPG) (einschl. bivalent);2002;2
2021;Wohnmobile;Flüssiggas (LPG) (einschl. bivalent);2003;2
2021;Wohnmobile;Flüssiggas (LPG) (einschl. bivalent);2004;2
2021;Wohnmobile;Flüssiggas (LPG) (einschl. bivalent);2005;13
2021;Wohnmobile;Flüssiggas (LPG) (einschl. bivalent);2006;1
2021;Wohnmobile;Flüssiggas (LPG) (einschl. bivalent);2007;2
2021;Wohnmobile;Flüssiggas (LPG) (einschl. bivalent);2008;2
2021;Wohnmobile;Flüssiggas (LPG) (einschl. bivalent);2009;1
2021;Wohnmobile;Flüssiggas (LPG) (einschl. bivalent);2011;1
2021;Wohnmobile;Flüssiggas (LPG) (einschl. bivalent);2012;1
2021;Wohnmobile;Flüssiggas (LPG) (einschl. bivalent);2018;1
2021;Wohnmobile;Flüssiggas (LPG) (einschl. bivalent);2020;1
2021;Wohnmobile;Flüssiggas (LPG) (einschl. bivalent);2021;1
2021;Wohnmobile;Erdgas (CNG) (einschl. bivalent);2003;2
2021;Wohnmobile;Erdgas (CNG) (einschl. bivalent);2004;1
2021;Wohnmobile;Erdgas (CNG) (einschl. bivalent);2005;4
2021;Wohnmobile;Erdgas (CNG) (einschl. bivalent);2006;3
2021;Wohnmobile;Erdgas (CNG) (einschl. bivalent);2008;1
2021;Wohnmobile;Erdgas (CNG) (einschl. bivalent);2009;2
2021;Wohnmobile;Erdgas (CNG) (einschl. bivalent);2010;1
2021;Wohnmobile;Erdgas (CNG) (einschl. bivalent);2012;1
2021;Sonstige;Benzin;1900;1
2021;Sonstige;Benzin;1901;1
2021;Sonstige;Benzin;1906;1
2021;Sonstige;Benzin;1908;1
2021;Sonstige;Benzin;1909;2
2021;Sonstige;Benzin;1910;3
2021;Sonstige;Benzin;1911;1
2021;Sonstige;Benzin;1912;1
2021;Sonstige;Benzin;1914;2
2021;Sonstige;Benzin;1915;5
2021;Sonstige;Benzin;1916;2
2021;Sonstige;Benzin;1917;1
2021;Sonstige;Benzin;1918;2
2021;Sonstige;Benzin;1919;2
2021;Sonstige;Benzin;1921;6
2021;Sonstige;Benzin;1923;11
2021;Sonstige;Benzin;1924;10
2021;Sonstige;Benzin;1925;7
2021;Sonstige;Benzin;1926;12
2021;Sonstige;Benzin;1927;17
2021;Sonstige;Benzin;1928;44
2021;Sonstige;Benzin;1929;43
2021;Sonstige;Benzin;1930;58
2021;Sonstige;Benzin;1931;76
2021;Sonstige;Benzin;1932;40
2021;Sonstige;Benzin;1933;26
2021;Sonstige;Benzin;1934;52
2021;Sonstige;Benzin;1935;32
2021;Sonstige;Benzin;1936;53
2021;Sonstige;Benzin;1937;66
2021;Sonstige;Benzin;1938;74
2021;Sonstige;Benzin;1939;54
2021;Sonstige;Benzin;1940;20
2021;Sonstige;Benzin;1941;14
2021;Sonstige;Benzin;1942;11
2021;Sonstige;Benzin;1943;21
2021;Sonstige;Benzin;1944;17
2021;Sonstige;Benzin;1945;6
2021;Sonstige;Benzin;1946;14
2021;Sonstige;Benzin;1947;25
2021;Sonstige;Benzin;1948;30
2021;Sonstige;Benzin;1949;50
2021;Sonstige;Benzin;1950;85
2021;Sonstige;Benzin;1951;88
2021;Sonstige;Benzin;1952;107
2021;Sonstige;Benzin;1953;149
2021;Sonstige;Benzin;1954;137
2021;Sonstige;Benzin;1955;214
2021;Sonstige;Benzin;1956;229
2021;Sonstige;Benzin;1957;356
2021;Sonstige;Benzin;1958;363
2021;Sonstige;Benzin;1959;445
2021;Sonstige;Benzin;1960;436
2021;Sonstige;Benzin;1961;413
2021;Sonstige;Benzin;1962;474
2021;Sonstige;Benzin;1963;450
2021;Sonstige;Benzin;1964;631
2021;Sonstige;Benzin;1965;871
2021;Sonstige;Benzin;1966;905
2021;Sonstige;Benzin;1967;1099
2021;Sonstige;Benzin;1968;1102
2021;Sonstige;Benzin;1969;1141
2021;Sonstige;Benzin;1970;1227
2021;Sonstige;Benzin;1971;1415
2021;Sonstige;Benzin;1972;1558
2021;Sonstige;Benzin;1973;1512
2021;Sonstige;Benzin;1974;1004
2021;Sonstige;Benzin;1975;962
2021;Sonstige;Benzin;1976;999
2021;Sonstige;Benzin;1977;1251
2021;Sonstige;Benzin;1978;1525
2021;Sonstige;Benzin;1979;1736
2021;Sonstige;Benzin;1980;1445
2021;Sonstige;Benzin;1981;1466
2021;Sonstige;Benzin;1982;1665
2021;Sonstige;Benzin;1983;2400
2021;Sonstige;Benzin;1984;2209
2021;Sonstige;Benzin;1985;2458
2021;Sonstige;Benzin;1986;3339
2021;Sonstige;Benzin;1987;4627
2021;Sonstige;Benzin;1988;6018
2021;Sonstige;Benzin;1989;8522
2021;Sonstige;Benzin;1990;1880
2021;Sonstige;Benzin;1991;1919
2021;Sonstige;Benzin;1992;1565
2021;Sonstige;Benzin;1993;1390
2021;Sonstige;Benzin;1994;1670
2021;Sonstige;Benzin;1995;2433
2021;Sonstige;Benzin;1996;2975
2021;Sonstige;Benzin;1997;2658
2021;Sonstige;Benzin;1998;2513
2021;Sonstige;Benzin;1999;2002
2021;Sonstige;Benzin;2000;2646
2021;Sonstige;Benzin;2001;2939
2021;Sonstige;Benzin;2002;3726
2021;Sonstige;Benzin;2003;3475
2021;Sonstige;Benzin;2004;3658
2021;Sonstige;Benzin;2005;3116
2021;Sonstige;Benzin;2006;1617
2021;Sonstige;Benzin;2007;894
2021;Sonstige;Benzin;2008;784
2021;Sonstige;Benzin;2009;961
2021;Sonstige;Benzin;2010;610
2021;Sonstige;Benzin;2011;673
2021;Sonstige;Benzin;2012;757
2021;Sonstige;Benzin;2013;888
2021;Sonstige;Benzin;2014;933
2021;Sonstige;Benzin;2015;1111
2021;Sonstige;Benzin;2016;1310
2021;Sonstige;Benzin;2017;1356
2021;Sonstige;Benzin;2018;1801
2021;Sonstige;Benzin;2019;1860
2021;Sonstige;Benzin;2020;1613
2021;Sonstige;Benzin;2021;1942
2021;Sonstige;Benzin;fehlende/unplausible Angabe;1
2021;Sonstige;Diesel;1917;1
2021;Sonstige;Diesel;1945;1
2021;Sonstige;Diesel;1947;2
2021;Sonstige;Diesel;1949;1
2021;Sonstige;Diesel;1950;5
2021;Sonstige;Diesel;1951;11
2021;Sonstige;Diesel;1952;4
2021;Sonstige;Diesel;1953;12
2021;Sonstige;Diesel;1954;13
2021;Sonstige;Diesel;1955;2
2021;Sonstige;Diesel;1956;5
2021;Sonstige;Diesel;1957;6
2021;Sonstige;Diesel;1958;7
2021;Sonstige;Diesel;1959;12
2021;Sonstige;Diesel;1960;13
2021;Sonstige;Diesel;1961;17
2021;Sonstige;Diesel;1962;10
2021;Sonstige;Diesel;1963;16
2021;Sonstige;Diesel;1964;23
2021;Sonstige;Diesel;1965;38
2021;Sonstige;Diesel;1966;31
2021;Sonstige;Diesel;1967;39
2021;Sonstige;Diesel;1968;28
2021;Sonstige;Diesel;1969;32
2021;Sonstige;Diesel;1970;38
2021;Sonstige;Diesel;1971;63
2021;Sonstige;Diesel;1972;49
2021;Sonstige;Diesel;1973;68
2021;Sonstige;Diesel;1974;74
2021;Sonstige;Diesel;1975;89
2021;Sonstige;Diesel;1976;96
2021;Sonstige;Diesel;1977;88
2021;Sonstige;Diesel;1978;139
2021;Sonstige;Diesel;1979;184
2021;Sonstige;Diesel;1980;243
2021;Sonstige;Diesel;1981;332
2021;Sonstige;Diesel;1982;459
2021;Sonstige;Diesel;1983;474
2021;Sonstige;Diesel;1984;441
2021;Sonstige;Diesel;1985;708
2021;Sonstige;Diesel;1986;978
2021;Sonstige;Diesel;1987;1072
2021;Sonstige;Diesel;1988;1252
2021;Sonstige;Diesel;1989;1472
2021;Sonstige;Diesel;1990;46
2021;Sonstige;Diesel;1991;34
2021;Sonstige;Diesel;1992;44
2021;Sonstige;Diesel;1993;27
2021;Sonstige;Diesel;1994;56
2021;Sonstige;Diesel;1995;141
2021;Sonstige;Diesel;1996;190
2021;Sonstige;Diesel;1997;171
2021;Sonstige;Diesel;1998;145
2021;Sonstige;Diesel;1999;245
2021;Sonstige;Diesel;2000;666
2021;Sonstige;Diesel;2001;1224
2021;Sonstige;Diesel;2002;1207
2021;Sonstige;Diesel;2003;984
2021;Sonstige;Diesel;2004;976
2021;Sonstige;Diesel;2005;528
2021;Sonstige;Diesel;2006;305
2021;Sonstige;Diesel;2007;198
2021;Sonstige;Diesel;2008;142
2021;Sonstige;Diesel;2009;118
2021;Sonstige;Diesel;2010;93
2021;Sonstige;Diesel;2011;215
2021;Sonstige;Diesel;2012;250
2021;Sonstige;Diesel;2013;166
2021;Sonstige;Diesel;2014;134
2021;Sonstige;Diesel;2015;116
2021;Sonstige;Diesel;2016;149
2021;Sonstige;Diesel;2017;85
2021;Sonstige;Diesel;2018;163
2021;Sonstige;Diesel;2019;208
2021;Sonstige;Diesel;2020;138
2021;Sonstige;Diesel;2021;78
2021;Sonstige;Elektro (BEV);1960;1
2021;Sonstige;Elektro (BEV);1961;1
2021;Sonstige;Elektro (BEV);1969;1
2021;Sonstige;Elektro (BEV);1970;1
2021;Sonstige;Elektro (BEV);1971;2
2021;Sonstige;Elektro (BEV);1973;1
2021;Sonstige;Elektro (BEV);1977;2
2021;Sonstige;Elektro (BEV);1980;1
2021;Sonstige;Elektro (BEV);1985;1
2021;Sonstige;Elektro (BEV);1986;1
2021;Sonstige;Elektro (BEV);1987;1
2021;Sonstige;Elektro (BEV);1989;3
2021;Sonstige;Elektro (BEV);1990;2
2021;Sonstige;Elektro (BEV);1991;8
2021;Sonstige;Elektro (BEV);1992;6
2021;Sonstige;Elektro (BEV);1993;2
2021;Sonstige;Elektro (BEV);1994;1
2021;Sonstige;Elektro (BEV);1995;3
2021;Sonstige;Elektro (BEV);1996;7
2021;Sonstige;Elektro (BEV);1997;3
2021;Sonstige;Elektro (BEV);1998;5
2021;Sonstige;Elektro (BEV);1999;8
2021;Sonstige;Elektro (BEV);2000;6
2021;Sonstige;Elektro (BEV);2001;2
2021;Sonstige;Elektro (BEV);2002;2
2021;Sonstige;Elektro (BEV);2004;2
2021;Sonstige;Elektro (BEV);2007;1
2021;Sonstige;Elektro (BEV);2008;2
2021;Sonstige;Elektro (BEV);2009;6
2021;Sonstige;Elektro (BEV);2010;13
2021;Sonstige;Elektro (BEV);2011;11
2021;Sonstige;Elektro (BEV);2012;15
2021;Sonstige;Elektro (BEV);2013;9
2021;Sonstige;Elektro (BEV);2014;24
2021;Sonstige;Elektro (BEV);2015;25
2021;Sonstige;Elektro (BEV);2016;26
2021;Sonstige;Elektro (BEV);2017;54
2021;Sonstige;Elektro (BEV);2018;38
2021;Sonstige;Elektro (BEV);2019;208
2021;Sonstige;Elektro (BEV);2020;347
2021;Sonstige;Elektro (BEV);2021;325
2021;Sonstige;Hybrid;1955;1
2021;Sonstige;Hybrid;1980;1
2021;Sonstige;Hybrid;2000;1
2021;Sonstige;Hybrid;2004;1
2021;Sonstige;Hybrid;2005;2
2021;Sonstige;Hybrid;2006;4
2021;Sonstige;Hybrid;2007;8
2021;Sonstige;Hybrid;2008;3
2021;Sonstige;Hybrid;2009;1
2021;Sonstige;Hybrid;2010;8
2021;Sonstige;Hybrid;2011;4
2021;Sonstige;Hybrid;2012;18
2021;Sonstige;Hybrid;2013;12
2021;Sonstige;Hybrid;2014;25
2021;Sonstige;Hybrid;2015;101
2021;Sonstige;Hybrid;2016;25
2021;Sonstige;Hybrid;2017;39
2021;Sonstige;Hybrid;2018;87
2021;Sonstige;Hybrid;2019;307
2021;Sonstige;Hybrid;2020;263
2021;Sonstige;Hybrid;2021;174
2021;Sonstige;Sonstige;1919;1
2021;Sonstige;Sonstige;1956;1
2021;Sonstige;Sonstige;1959;1
2021;Sonstige;Sonstige;1963;1
2021;Sonstige;Sonstige;1965;4
2021;Sonstige;Sonstige;1969;2
2021;Sonstige;Sonstige;1970;1
2021;Sonstige;Sonstige;1971;1
2021;Sonstige;Sonstige;1973;1
2021;Sonstige;Sonstige;1975;2
2021;Sonstige;Sonstige;1979;1
2021;Sonstige;Sonstige;1980;1
2021;Sonstige;Sonstige;1984;1
2021;Sonstige;Sonstige;1985;1
2021;Sonstige;Sonstige;1992;1
2021;Sonstige;Sonstige;1996;1
2021;Sonstige;Sonstige;2003;1
2021;Sonstige;Sonstige;2004;1
2021;Sonstige;Sonstige;2005;1
2021;Sonstige;Sonstige;2006;1
2021;Sonstige;Sonstige;2007;2
2021;Sonstige;Sonstige;2008;1
2021;Sonstige;Sonstige;2009;1
2021;Sonstige;Sonstige;2010;1
2021;Sonstige;Sonstige;2011;1
2021;Sonstige;Sonstige;2014;1
2021;Sonstige;Sonstige;2015;2
2021;Sonstige;Sonstige;2016;22
2021;Sonstige;Sonstige;2017;36
2021;Sonstige;Sonstige;2018;23
2021;Sonstige;Sonstige;2019;23
2021;Sonstige;Sonstige;2020;4
2021;Sonstige;Sonstige;2021;27
2021;Sonstige;Flüssiggas (LPG) (einschl. bivalent);1952;1
2021;Sonstige;Flüssiggas (LPG) (einschl. bivalent);1962;1
2021;Sonstige;Flüssiggas (LPG) (einschl. bivalent);1963;1
2021;Sonstige;Flüssiggas (LPG) (einschl. bivalent);1964;2
2021;Sonstige;Flüssiggas (LPG) (einschl. bivalent);1965;3
2021;Sonstige;Flüssiggas (LPG) (einschl. bivalent);1966;1
2021;Sonstige;Flüssiggas (LPG) (einschl. bivalent);1967;2
2021;Sonstige;Flüssiggas (LPG) (einschl. bivalent);1968;5
2021;Sonstige;Flüssiggas (LPG) (einschl. bivalent);1970;2
2021;Sonstige;Flüssiggas (LPG) (einschl. bivalent);1971;3
2021;Sonstige;Flüssiggas (LPG) (einschl. bivalent);1972;5
2021;Sonstige;Flüssiggas (LPG) (einschl. bivalent);1973;4
2021;Sonstige;Flüssiggas (LPG) (einschl. bivalent);1974;4
2021;Sonstige;Flüssiggas (LPG) (einschl. bivalent);1975;3
2021;Sonstige;Flüssiggas (LPG) (einschl. bivalent);1976;2
2021;Sonstige;Flüssiggas (LPG) (einschl. bivalent);1977;5
2021;Sonstige;Flüssiggas (LPG) (einschl. bivalent);1978;10
2021;Sonstige;Flüssiggas (LPG) (einschl. bivalent);1979;8
2021;Sonstige;Flüssiggas (LPG) (einschl. bivalent);1980;15
2021;Sonstige;Flüssiggas (LPG) (einschl. bivalent);1981;6
2021;Sonstige;Flüssiggas (LPG) (einschl. bivalent);1982;10
2021;Sonstige;Flüssiggas (LPG) (einschl. bivalent);1983;28
2021;Sonstige;Flüssiggas (LPG) (einschl. bivalent);1984;26
2021;Sonstige;Flüssiggas (LPG) (einschl. bivalent);1985;28
2021;Sonstige;Flüssiggas (LPG) (einschl. bivalent);1986;32
2021;Sonstige;Flüssiggas (LPG) (einschl. bivalent);1987;53
2021;Sonstige;Flüssiggas (LPG) (einschl. bivalent);1988;76
2021;Sonstige;Flüssiggas (LPG) (einschl. bivalent);1989;102
2021;Sonstige;Flüssiggas (LPG) (einschl. bivalent);1990;37
2021;Sonstige;Flüssiggas (LPG) (einschl. bivalent);1991;54
2021;Sonstige;Flüssiggas (LPG) (einschl. bivalent);1992;37
2021;Sonstige;Flüssiggas (LPG) (einschl. bivalent);1993;41
2021;Sonstige;Flüssiggas (LPG) (einschl. bivalent);1994;55
2021;Sonstige;Flüssiggas (LPG) (einschl. bivalent);1995;75
2021;Sonstige;Flüssiggas (LPG) (einschl. bivalent);1996;82
2021;Sonstige;Flüssiggas (LPG) (einschl. bivalent);1997;111
2021;Sonstige;Flüssiggas (LPG) (einschl. bivalent);1998;129
2021;Sonstige;Flüssiggas (LPG) (einschl. bivalent);1999;128
2021;Sonstige;Flüssiggas (LPG) (einschl. bivalent);2000;120
2021;Sonstige;Flüssiggas (LPG) (einschl. bivalent);2001;167
2021;Sonstige;Flüssiggas (LPG) (einschl. bivalent);2002;190
2021;Sonstige;Flüssiggas (LPG) (einschl. bivalent);2003;139
2021;Sonstige;Flüssiggas (LPG) (einschl. bivalent);2004;167
2021;Sonstige;Flüssiggas (LPG) (einschl. bivalent);2005;206
2021;Sonstige;Flüssiggas (LPG) (einschl. bivalent);2006;153
2021;Sonstige;Flüssiggas (LPG) (einschl. bivalent);2007;149
2021;Sonstige;Flüssiggas (LPG) (einschl. bivalent);2008;108
2021;Sonstige;Flüssiggas (LPG) (einschl. bivalent);2009;76
2021;Sonstige;Flüssiggas (LPG) (einschl. bivalent);2010;45
2021;Sonstige;Flüssiggas (LPG) (einschl. bivalent);2011;47
2021;Sonstige;Flüssiggas (LPG) (einschl. bivalent);2012;44
2021;Sonstige;Flüssiggas (LPG) (einschl. bivalent);2013;37
2021;Sonstige;Flüssiggas (LPG) (einschl. bivalent);2014;58
2021;Sonstige;Flüssiggas (LPG) (einschl. bivalent);2015;44
2021;Sonstige;Flüssiggas (LPG) (einschl. bivalent);2016;43
2021;Sonstige;Flüssiggas (LPG) (einschl. bivalent);2017;54
2021;Sonstige;Flüssiggas (LPG) (einschl. bivalent);2018;54
2021;Sonstige;Flüssiggas (LPG) (einschl. bivalent);2019;46
2021;Sonstige;Flüssiggas (LPG) (einschl. bivalent);2020;28
2021;Sonstige;Flüssiggas (LPG) (einschl. bivalent);2021;23
2021;Sonstige;Erdgas (CNG) (einschl. bivalent);1910;1
2021;Sonstige;Erdgas (CNG) (einschl. bivalent);1973;1
2021;Sonstige;Erdgas (CNG) (einschl. bivalent);1987;1
2021;Sonstige;Erdgas (CNG) (einschl. bivalent);1995;1
2021;Sonstige;Erdgas (CNG) (einschl. bivalent);1996;1
2021;Sonstige;Erdgas (CNG) (einschl. bivalent);2000;1
2021;Sonstige;Erdgas (CNG) (einschl. bivalent);2001;1
2021;Sonstige;Erdgas (CNG) (einschl. bivalent);2002;1
2021;Sonstige;Erdgas (CNG) (einschl. bivalent);2003;7
2021;Sonstige;Erdgas (CNG) (einschl. bivalent);2004;1
2021;Sonstige;Erdgas (CNG) (einschl. bivalent);2006;1
2021;Sonstige;Erdgas (CNG) (einschl. bivalent);2012;5
2021;Sonstige;Erdgas (CNG) (einschl. bivalent);2013;5
2021;Sonstige;Erdgas (CNG) (einschl. bivalent);2019;1
2022;Minis;Benzin;1990;71
2022;Minis;Benzin;1991;150
2022;Minis;Benzin;1992;200
2022;Minis;Benzin;1993;278
2022;Minis;Benzin;1994;387
2022;Minis;Benzin;1995;559
2022;Minis;Benzin;1996;955
2022;Minis;Benzin;1997;1771
2022;Minis;Benzin;1998;4070
2022;Minis;Benzin;1999;10058
2022;Minis;Benzin;2000;11418
2022;Minis;Benzin;2001;15109
2022;Minis;Benzin;2002;14715
2022;Minis;Benzin;2003;14637
2022;Minis;Benzin;2004;12988
2022;Minis;Benzin;2005;16213
2022;Minis;Benzin;2006;16188
2022;Minis;Benzin;2007;15981
2022;Minis;Benzin;2008;15432
2022;Minis;Benzin;2009;29990
2022;Minis;Benzin;2010;14982
2022;Minis;Benzin;2011;12817
2022;Minis;Benzin;2012;14076
2022;Minis;Benzin;2013;14190
2022;Minis;Benzin;2014;13985
2022;Minis;Benzin;2015;15159
2022;Minis;Benzin;2016;14743
2022;Minis;Benzin;2017;17865
2022;Minis;Benzin;2018;24792
2022;Minis;Benzin;2019;27278
2022;Minis;Benzin;2020;8034
2022;Minis;Benzin;2021;6127
2022;Minis;Benzin;2022;5869
2022;Minis;Diesel;1993;2
2022;Minis;Diesel;1994;1
2022;Minis;Diesel;1995;1
2022;Minis;Diesel;1996;2
2022;Minis;Diesel;1997;5
2022;Minis;Diesel;1998;46
2022;Minis;Diesel;1999;279
2022;Minis;Diesel;2000;993
2022;Minis;Diesel;2001;1190
2022;Minis;Diesel;2002;1042
2022;Minis;Diesel;2003;720
2022;Minis;Diesel;2004;642
2022;Minis;Diesel;2005;605
2022;Minis;Diesel;2006;856
2022;Minis;Diesel;2007;793
2022;Minis;Diesel;2008;947
2022;Minis;Diesel;2009;782
2022;Minis;Diesel;2010;528
2022;Minis;Diesel;2011;483
2022;Minis;Diesel;2012;298
2022;Minis;Diesel;2013;384
2022;Minis;Diesel;2014;179
2022;Minis;Diesel;2015;231
2022;Minis;Diesel;2016;180
2022;Minis;Diesel;2017;98
2022;Minis;Diesel;2018;52
2022;Minis;Diesel;2019;62
2022;Minis;Diesel;2020;16
2022;Minis;Diesel;2021;27
2022;Minis;Diesel;2022;85
2022;Minis;Elektro (BEV);1996;1
2022;Minis;Elektro (BEV);1998;3
2022;Minis;Elektro (BEV);1999;2
2022;Minis;Elektro (BEV);2000;5
2022;Minis;Elektro (BEV);2001;2
2022;Minis;Elektro (BEV);2002;3
2022;Minis;Elektro (BEV);2006;2
2022;Minis;Elektro (BEV);2008;1
2022;Minis;Elektro (BEV);2009;2
2022;Minis;Elektro (BEV);2010;14
2022;Minis;Elektro (BEV);2011;110
2022;Minis;Elektro (BEV);2012;89
2022;Minis;Elektro (BEV);2013;126
2022;Minis;Elektro (BEV);2014;124
2022;Minis;Elektro (BEV);2015;87
2022;Minis;Elektro (BEV);2016;44
2022;Minis;Elektro (BEV);2017;460
2022;Minis;Elektro (BEV);2018;1155
2022;Minis;Elektro (BEV);2019;1145
2022;Minis;Elektro (BEV);2020;2920
2022;Minis;Elektro (BEV);2021;8930
2022;Minis;Elektro (BEV);2022;1795
2022;Minis;Hybrid;2004;1
2022;Minis;Hybrid;2006;1
2022;Minis;Hybrid;2020;1251
2022;Minis;Hybrid;2021;2586
2022;Minis;Hybrid;2022;11421
2022;Minis;Sonstige;2009;2
2022;Minis;Sonstige;2011;2
2022;Minis;Flüssiggas (LPG) (einschl. bivalent);1992;1
2022;Minis;Flüssiggas (LPG) (einschl. bivalent);1995;1
2022;Minis;Flüssiggas (LPG) (einschl. bivalent);1996;5
2022;Minis;Flüssiggas (LPG) (einschl. bivalent);1997;5
2022;Minis;Flüssiggas (LPG) (einschl. bivalent);1998;5
2022;Minis;Flüssiggas (LPG) (einschl. bivalent);1999;14
2022;Minis;Flüssiggas (LPG) (einschl. bivalent);2000;25
2022;Minis;Flüssiggas (LPG) (einschl. bivalent);2001;27
2022;Minis;Flüssiggas (LPG) (einschl. bivalent);2002;39
2022;Minis;Flüssiggas (LPG) (einschl. bivalent);2003;54
2022;Minis;Flüssiggas (LPG) (einschl. bivalent);2004;87
2022;Minis;Flüssiggas (LPG) (einschl. bivalent);2005;122
2022;Minis;Flüssiggas (LPG) (einschl. bivalent);2006;121
2022;Minis;Flüssiggas (LPG) (einschl. bivalent);2007;146
2022;Minis;Flüssiggas (LPG) (einschl. bivalent);2008;211
2022;Minis;Flüssiggas (LPG) (einschl. bivalent);2009;213
2022;Minis;Flüssiggas (LPG) (einschl. bivalent);2010;97
2022;Minis;Flüssiggas (LPG) (einschl. bivalent);2011;84
2022;Minis;Flüssiggas (LPG) (einschl. bivalent);2012;79
2022;Minis;Flüssiggas (LPG) (einschl. bivalent);2013;37
2022;Minis;Flüssiggas (LPG) (einschl. bivalent);2014;111
2022;Minis;Flüssiggas (LPG) (einschl. bivalent);2015;102
2022;Minis;Flüssiggas (LPG) (einschl. bivalent);2016;69
2022;Minis;Flüssiggas (LPG) (einschl. bivalent);2017;60
2022;Minis;Flüssiggas (LPG) (einschl. bivalent);2018;35
2022;Minis;Flüssiggas (LPG) (einschl. bivalent);2019;35
2022;Minis;Flüssiggas (LPG) (einschl. bivalent);2020;6
2022;Minis;Flüssiggas (LPG) (einschl. bivalent);2022;5
2022;Minis;Erdgas (CNG) (einschl. bivalent);2000;2
2022;Minis;Erdgas (CNG) (einschl. bivalent);2001;2
2022;Minis;Erdgas (CNG) (einschl. bivalent);2002;2
2022;Minis;Erdgas (CNG) (einschl. bivalent);2003;7
2022;Minis;Erdgas (CNG) (einschl. bivalent);2004;1
2022;Minis;Erdgas (CNG) (einschl. bivalent);2005;7
2022;Minis;Erdgas (CNG) (einschl. bivalent);2006;5
2022;Minis;Erdgas (CNG) (einschl. bivalent);2007;52
2022;Minis;Erdgas (CNG) (einschl. bivalent);2008;57
2022;Minis;Erdgas (CNG) (einschl. bivalent);2009;48
2022;Minis;Erdgas (CNG) (einschl. bivalent);2010;19
2022;Minis;Erdgas (CNG) (einschl. bivalent);2011;15
2022;Minis;Erdgas (CNG) (einschl. bivalent);2012;2
2022;Minis;Erdgas (CNG) (einschl. bivalent);2013;223
2022;Minis;Erdgas (CNG) (einschl. bivalent);2014;134
2022;Minis;Erdgas (CNG) (einschl. bivalent);2015;79
2022;Minis;Erdgas (CNG) (einschl. bivalent);2016;52
2022;Minis;Erdgas (CNG) (einschl. bivalent);2017;74
2022;Minis;Erdgas (CNG) (einschl. bivalent);2018;252
2022;Minis;Erdgas (CNG) (einschl. bivalent);2019;143
2022;Minis;Erdgas (CNG) (einschl. bivalent);2020;32
2022;Minis;Erdgas (CNG) (einschl. bivalent);2021;20
2022;Minis;Erdgas (CNG) (einschl. bivalent);2022;5
2022;Kleinwagen;Benzin;1990;705
2022;Kleinwagen;Benzin;1991;1448
2022;Kleinwagen;Benzin;1992;1391
2022;Kleinwagen;Benzin;1993;1677
2022;Kleinwagen;Benzin;1994;2101
2022;Kleinwagen;Benzin;1995;5335
2022;Kleinwagen;Benzin;1996;8146
2022;Kleinwagen;Benzin;1997;11852
2022;Kleinwagen;Benzin;1998;12646
2022;Kleinwagen;Benzin;1999;20389
2022;Kleinwagen;Benzin;2000;24825
2022;Kleinwagen;Benzin;2001;39417
2022;Kleinwagen;Benzin;2002;46493
2022;Kleinwagen;Benzin;2003;60806
2022;Kleinwagen;Benzin;2004;51513
2022;Kleinwagen;Benzin;2005;57474
2022;Kleinwagen;Benzin;2006;54774
2022;Kleinwagen;Benzin;2007;52421
2022;Kleinwagen;Benzin;2008;44405
2022;Kleinwagen;Benzin;2009;69494
2022;Kleinwagen;Benzin;2010;36559
2022;Kleinwagen;Benzin;2011;36550
2022;Kleinwagen;Benzin;2012;30052
2022;Kleinwagen;Benzin;2013;25385
2022;Kleinwagen;Benzin;2014;24205
2022;Kleinwagen;Benzin;2015;24719
2022;Kleinwagen;Benzin;2016;25861
2022;Kleinwagen;Benzin;2017;32312
2022;Kleinwagen;Benzin;2018;48258
2022;Kleinwagen;Benzin;2019;59276
2022;Kleinwagen;Benzin;2020;31040
2022;Kleinwagen;Benzin;2021;48989
2022;Kleinwagen;Benzin;2022;19212
2022;Kleinwagen;Diesel;1990;2
2022;Kleinwagen;Diesel;1991;9
2022;Kleinwagen;Diesel;1992;14
2022;Kleinwagen;Diesel;1993;12
2022;Kleinwagen;Diesel;1994;11
2022;Kleinwagen;Diesel;1995;1
2022;Kleinwagen;Diesel;1996;9
2022;Kleinwagen;Diesel;1997;33
2022;Kleinwagen;Diesel;1998;70
2022;Kleinwagen;Diesel;1999;122
2022;Kleinwagen;Diesel;2000;605
2022;Kleinwagen;Diesel;2001;1297
2022;Kleinwagen;Diesel;2002;2466
2022;Kleinwagen;Diesel;2003;3572
2022;Kleinwagen;Diesel;2004;4798
2022;Kleinwagen;Diesel;2005;5049
2022;Kleinwagen;Diesel;2006;5664
2022;Kleinwagen;Diesel;2007;6584
2022;Kleinwagen;Diesel;2008;5425
2022;Kleinwagen;Diesel;2009;5154
2022;Kleinwagen;Diesel;2010;5171
2022;Kleinwagen;Diesel;2011;6773
2022;Kleinwagen;Diesel;2012;5679
2022;Kleinwagen;Diesel;2013;4791
2022;Kleinwagen;Diesel;2014;4174
2022;Kleinwagen;Diesel;2015;4660
2022;Kleinwagen;Diesel;2016;4036
2022;Kleinwagen;Diesel;2017;3987
2022;Kleinwagen;Diesel;2018;5829
2022;Kleinwagen;Diesel;2019;4711
2022;Kleinwagen;Diesel;2020;1108
2022;Kleinwagen;Diesel;2021;979
2022;Kleinwagen;Diesel;2022;384
2022;Kleinwagen;Elektro (BEV);1993;1
2022;Kleinwagen;Elektro (BEV);1996;1
2022;Kleinwagen;Elektro (BEV);1997;5
2022;Kleinwagen;Elektro (BEV);1999;1
2022;Kleinwagen;Elektro (BEV);2001;2
2022;Kleinwagen;Elektro (BEV);2002;3
2022;Kleinwagen;Elektro (BEV);2010;1
2022;Kleinwagen;Elektro (BEV);2013;137
2022;Kleinwagen;Elektro (BEV);2014;235
2022;Kleinwagen;Elektro (BEV);2015;190
2022;Kleinwagen;Elektro (BEV);2016;302
2022;Kleinwagen;Elektro (BEV);2017;567
2022;Kleinwagen;Elektro (BEV);2018;2019
2022;Kleinwagen;Elektro (BEV);2019;5019
2022;Kleinwagen;Elektro (BEV);2020;7064
2022;Kleinwagen;Elektro (BEV);2021;7566
2022;Kleinwagen;Elektro (BEV);2022;1721
2022;Kleinwagen;Hybrid;1999;1
2022;Kleinwagen;Hybrid;2003;1
2022;Kleinwagen;Hybrid;2005;1
2022;Kleinwagen;Hybrid;2006;3
2022;Kleinwagen;Hybrid;2009;1
2022;Kleinwagen;Hybrid;2011;45
2022;Kleinwagen;Hybrid;2012;329
2022;Kleinwagen;Hybrid;2013;479
2022;Kleinwagen;Hybrid;2014;475
2022;Kleinwagen;Hybrid;2015;433
2022;Kleinwagen;Hybrid;2016;603
2022;Kleinwagen;Hybrid;2017;1068
2022;Kleinwagen;Hybrid;2018;1804
2022;Kleinwagen;Hybrid;2019;2365
2022;Kleinwagen;Hybrid;2020;3548
2022;Kleinwagen;Hybrid;2021;8710
2022;Kleinwagen;Hybrid;2022;9137
2022;Kleinwagen;Sonstige;1998;1
2022;Kleinwagen;Sonstige;2000;1
2022;Kleinwagen;Sonstige;2002;1
2022;Kleinwagen;Sonstige;2004;1
2022;Kleinwagen;Sonstige;2007;1
2022;Kleinwagen;Sonstige;2008;1
2022;Kleinwagen;Sonstige;2009;2
2022;Kleinwagen;Sonstige;2010;1
2022;Kleinwagen;Sonstige;2014;1
2022;Kleinwagen;Sonstige;2021;5
2022;Kleinwagen;Sonstige;2022;7
2022;Kleinwagen;Flüssiggas (LPG) (einschl. bivalent);1990;1
2022;Kleinwagen;Flüssiggas (LPG) (einschl. bivalent);1991;1
2022;Kleinwagen;Flüssiggas (LPG) (einschl. bivalent);1992;1
2022;Kleinwagen;Flüssiggas (LPG) (einschl. bivalent);1993;5
2022;Kleinwagen;Flüssiggas (LPG) (einschl. bivalent);1994;2
2022;Kleinwagen;Flüssiggas (LPG) (einschl. bivalent);1995;8
2022;Kleinwagen;Flüssiggas (LPG) (einschl. bivalent);1996;19
2022;Kleinwagen;Flüssiggas (LPG) (einschl. bivalent);1997;26
2022;Kleinwagen;Flüssiggas (LPG) (einschl. bivalent);1998;28
2022;Kleinwagen;Flüssiggas (LPG) (einschl. bivalent);1999;31
2022;Kleinwagen;Flüssiggas (LPG) (einschl. bivalent);2000;73
2022;Kleinwagen;Flüssiggas (LPG) (einschl. bivalent);2001;131
2022;Kleinwagen;Flüssiggas (LPG) (einschl. bivalent);2002;214
2022;Kleinwagen;Flüssiggas (LPG) (einschl. bivalent);2003;321
2022;Kleinwagen;Flüssiggas (LPG) (einschl. bivalent);2004;334
2022;Kleinwagen;Flüssiggas (LPG) (einschl. bivalent);2005;531
2022;Kleinwagen;Flüssiggas (LPG) (einschl. bivalent);2006;664
2022;Kleinwagen;Flüssiggas (LPG) (einschl. bivalent);2007;821
2022;Kleinwagen;Flüssiggas (LPG) (einschl. bivalent);2008;949
2022;Kleinwagen;Flüssiggas (LPG) (einschl. bivalent);2009;755
2022;Kleinwagen;Flüssiggas (LPG) (einschl. bivalent);2010;394
2022;Kleinwagen;Flüssiggas (LPG) (einschl. bivalent);2011;243
2022;Kleinwagen;Flüssiggas (LPG) (einschl. bivalent);2012;224
2022;Kleinwagen;Flüssiggas (LPG) (einschl. bivalent);2013;120
2022;Kleinwagen;Flüssiggas (LPG) (einschl. bivalent);2014;65
2022;Kleinwagen;Flüssiggas (LPG) (einschl. bivalent);2015;38
2022;Kleinwagen;Flüssiggas (LPG) (einschl. bivalent);2016;26
2022;Kleinwagen;Flüssiggas (LPG) (einschl. bivalent);2017;26
2022;Kleinwagen;Flüssiggas (LPG) (einschl. bivalent);2018;37
2022;Kleinwagen;Flüssiggas (LPG) (einschl. bivalent);2019;34
2022;Kleinwagen;Flüssiggas (LPG) (einschl. bivalent);2020;9
2022;Kleinwagen;Flüssiggas (LPG) (einschl. bivalent);2021;18
2022;Kleinwagen;Flüssiggas (LPG) (einschl. bivalent);2022;3
2022;Kleinwagen;Erdgas (CNG) (einschl. bivalent);1996;1
2022;Kleinwagen;Erdgas (CNG) (einschl. bivalent);1997;1
2022;Kleinwagen;Erdgas (CNG) (einschl. bivalent);1998;1
2022;Kleinwagen;Erdgas (CNG) (einschl. bivalent);1999;3
2022;Kleinwagen;Erdgas (CNG) (einschl. bivalent);2000;1
2022;Kleinwagen;Erdgas (CNG) (einschl. bivalent);2001;5
2022;Kleinwagen;Erdgas (CNG) (einschl. bivalent);2002;4
2022;Kleinwagen;Erdgas (CNG) (einschl. bivalent);2003;8
2022;Kleinwagen;Erdgas (CNG) (einschl. bivalent);2004;31
2022;Kleinwagen;Erdgas (CNG) (einschl. bivalent);2005;56
2022;Kleinwagen;Erdgas (CNG) (einschl. bivalent);2006;59
2022;Kleinwagen;Erdgas (CNG) (einschl. bivalent);2007;31
2022;Kleinwagen;Erdgas (CNG) (einschl. bivalent);2008;25
2022;Kleinwagen;Erdgas (CNG) (einschl. bivalent);2009;35
2022;Kleinwagen;Erdgas (CNG) (einschl. bivalent);2010;21
2022;Kleinwagen;Erdgas (CNG) (einschl. bivalent);2011;29
2022;Kleinwagen;Erdgas (CNG) (einschl. bivalent);2012;19
2022;Kleinwagen;Erdgas (CNG) (einschl. bivalent);2013;10
2022;Kleinwagen;Erdgas (CNG) (einschl. bivalent);2014;3
2022;Kleinwagen;Erdgas (CNG) (einschl. bivalent);2015;3
2022;Kleinwagen;Erdgas (CNG) (einschl. bivalent);2016;3
2022;Kleinwagen;Erdgas (CNG) (einschl. bivalent);2017;1
2022;Kleinwagen;Erdgas (CNG) (einschl. bivalent);2018;157
2022;Kleinwagen;Erdgas (CNG) (einschl. bivalent);2019;147
2022;Kleinwagen;Erdgas (CNG) (einschl. bivalent);2020;207
2022;Kleinwagen;Erdgas (CNG) (einschl. bivalent);2021;176
2022;Kleinwagen;Erdgas (CNG) (einschl. bivalent);2022;72
2022;Kompaktklasse;Benzin;1990;2952
2022;Kompaktklasse;Benzin;1991;3927
2022;Kompaktklasse;Benzin;1992;3179
2022;Kompaktklasse;Benzin;1993;3985
2022;Kompaktklasse;Benzin;1994;5081
2022;Kompaktklasse;Benzin;1995;7995
2022;Kompaktklasse;Benzin;1996;10069
2022;Kompaktklasse;Benzin;1997;15149
2022;Kompaktklasse;Benzin;1998;29529
2022;Kompaktklasse;Benzin;1999;46426
2022;Kompaktklasse;Benzin;2000;38015
2022;Kompaktklasse;Benzin;2001;43159
2022;Kompaktklasse;Benzin;2002;40492
2022;Kompaktklasse;Benzin;2003;42845
2022;Kompaktklasse;Benzin;2004;43933
2022;Kompaktklasse;Benzin;2005;52299
2022;Kompaktklasse;Benzin;2006;43652
2022;Kompaktklasse;Benzin;2007;37163
2022;Kompaktklasse;Benzin;2008;38212
2022;Kompaktklasse;Benzin;2009;57748
2022;Kompaktklasse;Benzin;2010;35722
2022;Kompaktklasse;Benzin;2011;32869
2022;Kompaktklasse;Benzin;2012;27542
2022;Kompaktklasse;Benzin;2013;28087
2022;Kompaktklasse;Benzin;2014;27220
2022;Kompaktklasse;Benzin;2015;26720
2022;Kompaktklasse;Benzin;2016;29748
2022;Kompaktklasse;Benzin;2017;39937
2022;Kompaktklasse;Benzin;2018;56173
2022;Kompaktklasse;Benzin;2019;68658
2022;Kompaktklasse;Benzin;2020;37685
2022;Kompaktklasse;Benzin;2021;44951
2022;Kompaktklasse;Benzin;2022;21411
2022;Kompaktklasse;Diesel;1990;85
2022;Kompaktklasse;Diesel;1991;137
2022;Kompaktklasse;Diesel;1992;63
2022;Kompaktklasse;Diesel;1993;42
2022;Kompaktklasse;Diesel;1994;87
2022;Kompaktklasse;Diesel;1995;137
2022;Kompaktklasse;Diesel;1996;282
2022;Kompaktklasse;Diesel;1997;418
2022;Kompaktklasse;Diesel;1998;1322
2022;Kompaktklasse;Diesel;1999;3575
2022;Kompaktklasse;Diesel;2000;5258
2022;Kompaktklasse;Diesel;2001;6613
2022;Kompaktklasse;Diesel;2002;8566
2022;Kompaktklasse;Diesel;2003;10757
2022;Kompaktklasse;Diesel;2004;13014
2022;Kompaktklasse;Diesel;2005;17368
2022;Kompaktklasse;Diesel;2006;19814
2022;Kompaktklasse;Diesel;2007;23560
2022;Kompaktklasse;Diesel;2008;21665
2022;Kompaktklasse;Diesel;2009;18771
2022;Kompaktklasse;Diesel;2010;18613
2022;Kompaktklasse;Diesel;2011;22980
2022;Kompaktklasse;Diesel;2012;20301
2022;Kompaktklasse;Diesel;2013;19436
2022;Kompaktklasse;Diesel;2014;20997
2022;Kompaktklasse;Diesel;2015;24010
2022;Kompaktklasse;Diesel;2016;23880
2022;Kompaktklasse;Diesel;2017;28095
2022;Kompaktklasse;Diesel;2018;33086
2022;Kompaktklasse;Diesel;2019;35675
2022;Kompaktklasse;Diesel;2020;14807
2022;Kompaktklasse;Diesel;2021;21033
2022;Kompaktklasse;Diesel;2022;9722
2022;Kompaktklasse;Elektro (BEV);1991;1
2022;Kompaktklasse;Elektro (BEV);1992;1
2022;Kompaktklasse;Elektro (BEV);1993;1
2022;Kompaktklasse;Elektro (BEV);2011;1
2022;Kompaktklasse;Elektro (BEV);2012;37
2022;Kompaktklasse;Elektro (BEV);2013;45
2022;Kompaktklasse;Elektro (BEV);2014;45
2022;Kompaktklasse;Elektro (BEV);2015;73
2022;Kompaktklasse;Elektro (BEV);2016;116
2022;Kompaktklasse;Elektro (BEV);2017;335
2022;Kompaktklasse;Elektro (BEV);2018;1189
2022;Kompaktklasse;Elektro (BEV);2019;1967
2022;Kompaktklasse;Elektro (BEV);2020;3605
2022;Kompaktklasse;Elektro (BEV);2021;3316
2022;Kompaktklasse;Elektro (BEV);2022;1291
2022;Kompaktklasse;Hybrid;1999;1
2022;Kompaktklasse;Hybrid;2001;3
2022;Kompaktklasse;Hybrid;2003;17
2022;Kompaktklasse;Hybrid;2004;106
2022;Kompaktklasse;Hybrid;2005;221
2022;Kompaktklasse;Hybrid;2006;273
2022;Kompaktklasse;Hybrid;2007;352
2022;Kompaktklasse;Hybrid;2008;292
2022;Kompaktklasse;Hybrid;2009;371
2022;Kompaktklasse;Hybrid;2010;361
2022;Kompaktklasse;Hybrid;2011;478
2022;Kompaktklasse;Hybrid;2012;493
2022;Kompaktklasse;Hybrid;2013;696
2022;Kompaktklasse;Hybrid;2014;680
2022;Kompaktklasse;Hybrid;2015;775
2022;Kompaktklasse;Hybrid;2016;1123
2022;Kompaktklasse;Hybrid;2017;1687
2022;Kompaktklasse;Hybrid;2018;2679
2022;Kompaktklasse;Hybrid;2019;4488
2022;Kompaktklasse;Hybrid;2020;15369
2022;Kompaktklasse;Hybrid;2021;19805
2022;Kompaktklasse;Hybrid;2022;11018
2022;Kompaktklasse;Sonstige;1997;1
2022;Kompaktklasse;Sonstige;2001;1
2022;Kompaktklasse;Sonstige;2004;1
2022;Kompaktklasse;Sonstige;2005;2
2022;Kompaktklasse;Sonstige;2006;3
2022;Kompaktklasse;Sonstige;2007;3
2022;Kompaktklasse;Sonstige;2008;1
2022;Kompaktklasse;Sonstige;2009;65
2022;Kompaktklasse;Sonstige;2010;33
2022;Kompaktklasse;Sonstige;2011;89
2022;Kompaktklasse;Sonstige;2012;122
2022;Kompaktklasse;Sonstige;2013;9
2022;Kompaktklasse;Sonstige;2014;4
2022;Kompaktklasse;Sonstige;2015;4
2022;Kompaktklasse;Sonstige;2016;1
2022;Kompaktklasse;Sonstige;2018;1
2022;Kompaktklasse;Sonstige;2021;1
2022;Kompaktklasse;Sonstige;2022;4
2022;Kompaktklasse;Flüssiggas (LPG) (einschl. bivalent);1990;8
2022;Kompaktklasse;Flüssiggas (LPG) (einschl. bivalent);1991;14
2022;Kompaktklasse;Flüssiggas (LPG) (einschl. bivalent);1992;6
2022;Kompaktklasse;Flüssiggas (LPG) (einschl. bivalent);1993;21
2022;Kompaktklasse;Flüssiggas (LPG) (einschl. bivalent);1994;31
2022;Kompaktklasse;Flüssiggas (LPG) (einschl. bivalent);1995;46
2022;Kompaktklasse;Flüssiggas (LPG) (einschl. bivalent);1996;64
2022;Kompaktklasse;Flüssiggas (LPG) (einschl. bivalent);1997;112
2022;Kompaktklasse;Flüssiggas (LPG) (einschl. bivalent);1998;216
2022;Kompaktklasse;Flüssiggas (LPG) (einschl. bivalent);1999;438
2022;Kompaktklasse;Flüssiggas (LPG) (einschl. bivalent);2000;402
2022;Kompaktklasse;Flüssiggas (LPG) (einschl. bivalent);2001;405
2022;Kompaktklasse;Flüssiggas (LPG) (einschl. bivalent);2002;475
2022;Kompaktklasse;Flüssiggas (LPG) (einschl. bivalent);2003;615
2022;Kompaktklasse;Flüssiggas (LPG) (einschl. bivalent);2004;664
2022;Kompaktklasse;Flüssiggas (LPG) (einschl. bivalent);2005;915
2022;Kompaktklasse;Flüssiggas (LPG) (einschl. bivalent);2006;838
2022;Kompaktklasse;Flüssiggas (LPG) (einschl. bivalent);2007;893
2022;Kompaktklasse;Flüssiggas (LPG) (einschl. bivalent);2008;1172
2022;Kompaktklasse;Flüssiggas (LPG) (einschl. bivalent);2009;894
2022;Kompaktklasse;Flüssiggas (LPG) (einschl. bivalent);2010;554
2022;Kompaktklasse;Flüssiggas (LPG) (einschl. bivalent);2011;314
2022;Kompaktklasse;Flüssiggas (LPG) (einschl. bivalent);2012;474
2022;Kompaktklasse;Flüssiggas (LPG) (einschl. bivalent);2013;279
2022;Kompaktklasse;Flüssiggas (LPG) (einschl. bivalent);2014;168
2022;Kompaktklasse;Flüssiggas (LPG) (einschl. bivalent);2015;128
2022;Kompaktklasse;Flüssiggas (LPG) (einschl. bivalent);2016;108
2022;Kompaktklasse;Flüssiggas (LPG) (einschl. bivalent);2017;114
2022;Kompaktklasse;Flüssiggas (LPG) (einschl. bivalent);2018;113
2022;Kompaktklasse;Flüssiggas (LPG) (einschl. bivalent);2019;157
2022;Kompaktklasse;Flüssiggas (LPG) (einschl. bivalent);2020;145
2022;Kompaktklasse;Flüssiggas (LPG) (einschl. bivalent);2021;240
2022;Kompaktklasse;Flüssiggas (LPG) (einschl. bivalent);2022;648
2022;Kompaktklasse;Erdgas (CNG) (einschl. bivalent);1998;1
2022;Kompaktklasse;Erdgas (CNG) (einschl. bivalent);1999;2
2022;Kompaktklasse;Erdgas (CNG) (einschl. bivalent);2000;4
2022;Kompaktklasse;Erdgas (CNG) (einschl. bivalent);2001;4
2022;Kompaktklasse;Erdgas (CNG) (einschl. bivalent);2002;9
2022;Kompaktklasse;Erdgas (CNG) (einschl. bivalent);2003;95
2022;Kompaktklasse;Erdgas (CNG) (einschl. bivalent);2004;114
2022;Kompaktklasse;Erdgas (CNG) (einschl. bivalent);2005;65
2022;Kompaktklasse;Erdgas (CNG) (einschl. bivalent);2006;29
2022;Kompaktklasse;Erdgas (CNG) (einschl. bivalent);2007;8
2022;Kompaktklasse;Erdgas (CNG) (einschl. bivalent);2008;13
2022;Kompaktklasse;Erdgas (CNG) (einschl. bivalent);2009;5
2022;Kompaktklasse;Erdgas (CNG) (einschl. bivalent);2013;1
2022;Kompaktklasse;Erdgas (CNG) (einschl. bivalent);2014;93
2022;Kompaktklasse;Erdgas (CNG) (einschl. bivalent);2015;61
2022;Kompaktklasse;Erdgas (CNG) (einschl. bivalent);2016;55
2022;Kompaktklasse;Erdgas (CNG) (einschl. bivalent);2017;125
2022;Kompaktklasse;Erdgas (CNG) (einschl. bivalent);2018;368
2022;Kompaktklasse;Erdgas (CNG) (einschl. bivalent);2019;366
2022;Kompaktklasse;Erdgas (CNG) (einschl. bivalent);2020;413
2022;Kompaktklasse;Erdgas (CNG) (einschl. bivalent);2021;137
2022;Kompaktklasse;Erdgas (CNG) (einschl. bivalent);2022;99
2022;Mittelklasse;Benzin;1990;3281
2022;Mittelklasse;Benzin;1991;4606
2022;Mittelklasse;Benzin;1992;5375
2022;Mittelklasse;Benzin;1993;4779
2022;Mittelklasse;Benzin;1994;6851
2022;Mittelklasse;Benzin;1995;9956
2022;Mittelklasse;Benzin;1996;11673
2022;Mittelklasse;Benzin;1997;17134
2022;Mittelklasse;Benzin;1998;19830
2022;Mittelklasse;Benzin;1999;22749
2022;Mittelklasse;Benzin;2000;19778
2022;Mittelklasse;Benzin;2001;29560
2022;Mittelklasse;Benzin;2002;28084
2022;Mittelklasse;Benzin;2003;29718
2022;Mittelklasse;Benzin;2004;22594
2022;Mittelklasse;Benzin;2005;20971
2022;Mittelklasse;Benzin;2006;18820
2022;Mittelklasse;Benzin;2007;13690
2022;Mittelklasse;Benzin;2008;15497
2022;Mittelklasse;Benzin;2009;16434
2022;Mittelklasse;Benzin;2010;11320
2022;Mittelklasse;Benzin;2011;10478
2022;Mittelklasse;Benzin;2012;7599
2022;Mittelklasse;Benzin;2013;6159
2022;Mittelklasse;Benzin;2014;6340
2022;Mittelklasse;Benzin;2015;6910
2022;Mittelklasse;Benzin;2016;8854
2022;Mittelklasse;Benzin;2017;13476
2022;Mittelklasse;Benzin;2018;17954
2022;Mittelklasse;Benzin;2019;18187
2022;Mittelklasse;Benzin;2020;10851
2022;Mittelklasse;Benzin;2021;13311
2022;Mittelklasse;Benzin;2022;4530
2022;Mittelklasse;Diesel;1990;159
2022;Mittelklasse;Diesel;1991;239
2022;Mittelklasse;Diesel;1992;305
2022;Mittelklasse;Diesel;1993;219
2022;Mittelklasse;Diesel;1994;324
2022;Mittelklasse;Diesel;1995;346
2022;Mittelklasse;Diesel;1996;607
2022;Mittelklasse;Diesel;1997;857
2022;Mittelklasse;Diesel;1998;1435
2022;Mittelklasse;Diesel;1999;2992
2022;Mittelklasse;Diesel;2000;4261
2022;Mittelklasse;Diesel;2001;7634
2022;Mittelklasse;Diesel;2002;10544
2022;Mittelklasse;Diesel;2003;14141
2022;Mittelklasse;Diesel;2004;16927
2022;Mittelklasse;Diesel;2005;18361
2022;Mittelklasse;Diesel;2006;22671
2022;Mittelklasse;Diesel;2007;24342
2022;Mittelklasse;Diesel;2008;22991
2022;Mittelklasse;Diesel;2009;19598
2022;Mittelklasse;Diesel;2010;19679
2022;Mittelklasse;Diesel;2011;23104
2022;Mittelklasse;Diesel;2012;21155
2022;Mittelklasse;Diesel;2013;18158
2022;Mittelklasse;Diesel;2014;18359
2022;Mittelklasse;Diesel;2015;21822
2022;Mittelklasse;Diesel;2016;23297
2022;Mittelklasse;Diesel;2017;28629
2022;Mittelklasse;Diesel;2018;41329
2022;Mittelklasse;Diesel;2019;51140
2022;Mittelklasse;Diesel;2020;14619
2022;Mittelklasse;Diesel;2021;13563
2022;Mittelklasse;Diesel;2022;3106
2022;Mittelklasse;Elektro (BEV);1998;2
2022;Mittelklasse;Elektro (BEV);2003;1
2022;Mittelklasse;Elektro (BEV);2018;1
2022;Mittelklasse;Elektro (BEV);2019;852
2022;Mittelklasse;Elektro (BEV);2020;1245
2022;Mittelklasse;Elektro (BEV);2021;9738
2022;Mittelklasse;Elektro (BEV);2022;3435
2022;Mittelklasse;Hybrid;2005;1
2022;Mittelklasse;Hybrid;2012;92
2022;Mittelklasse;Hybrid;2013;109
2022;Mittelklasse;Hybrid;2014;92
2022;Mittelklasse;Hybrid;2015;196
2022;Mittelklasse;Hybrid;2016;627
2022;Mittelklasse;Hybrid;2017;1076
2022;Mittelklasse;Hybrid;2018;3887
2022;Mittelklasse;Hybrid;2019;8279
2022;Mittelklasse;Hybrid;2020;12650
2022;Mittelklasse;Hybrid;2021;22586
2022;Mittelklasse;Hybrid;2022;11917
2022;Mittelklasse;Sonstige;1994;1
2022;Mittelklasse;Sonstige;2001;2
2022;Mittelklasse;Sonstige;2002;1
2022;Mittelklasse;Sonstige;2003;2
2022;Mittelklasse;Sonstige;2004;2
2022;Mittelklasse;Sonstige;2005;3
2022;Mittelklasse;Sonstige;2006;1
2022;Mittelklasse;Sonstige;2009;20
2022;Mittelklasse;Sonstige;2010;66
2022;Mittelklasse;Sonstige;2011;88
2022;Mittelklasse;Sonstige;2012;42
2022;Mittelklasse;Sonstige;2013;10
2022;Mittelklasse;Sonstige;2014;5
2022;Mittelklasse;Flüssiggas (LPG) (einschl. bivalent);1990;28
2022;Mittelklasse;Flüssiggas (LPG) (einschl. bivalent);1991;33
2022;Mittelklasse;Flüssiggas (LPG) (einschl. bivalent);1992;61
2022;Mittelklasse;Flüssiggas (LPG) (einschl. bivalent);1993;63
2022;Mittelklasse;Flüssiggas (LPG) (einschl. bivalent);1994;99
2022;Mittelklasse;Flüssiggas (LPG) (einschl. bivalent);1995;138
2022;Mittelklasse;Flüssiggas (LPG) (einschl. bivalent);1996;192
2022;Mittelklasse;Flüssiggas (LPG) (einschl. bivalent);1997;331
2022;Mittelklasse;Flüssiggas (LPG) (einschl. bivalent);1998;496
2022;Mittelklasse;Flüssiggas (LPG) (einschl. bivalent);1999;554
2022;Mittelklasse;Flüssiggas (LPG) (einschl. bivalent);2000;583
2022;Mittelklasse;Flüssiggas (LPG) (einschl. bivalent);2001;1045
2022;Mittelklasse;Flüssiggas (LPG) (einschl. bivalent);2002;957
2022;Mittelklasse;Flüssiggas (LPG) (einschl. bivalent);2003;978
2022;Mittelklasse;Flüssiggas (LPG) (einschl. bivalent);2004;802
2022;Mittelklasse;Flüssiggas (LPG) (einschl. bivalent);2005;757
2022;Mittelklasse;Flüssiggas (LPG) (einschl. bivalent);2006;612
2022;Mittelklasse;Flüssiggas (LPG) (einschl. bivalent);2007;463
2022;Mittelklasse;Flüssiggas (LPG) (einschl. bivalent);2008;356
2022;Mittelklasse;Flüssiggas (LPG) (einschl. bivalent);2009;226
2022;Mittelklasse;Flüssiggas (LPG) (einschl. bivalent);2010;88
2022;Mittelklasse;Flüssiggas (LPG) (einschl. bivalent);2011;63
2022;Mittelklasse;Flüssiggas (LPG) (einschl. bivalent);2012;47
2022;Mittelklasse;Flüssiggas (LPG) (einschl. bivalent);2013;18
2022;Mittelklasse;Flüssiggas (LPG) (einschl. bivalent);2014;13
2022;Mittelklasse;Flüssiggas (LPG) (einschl. bivalent);2015;15
2022;Mittelklasse;Flüssiggas (LPG) (einschl. bivalent);2016;11
2022;Mittelklasse;Flüssiggas (LPG) (einschl. bivalent);2017;13
2022;Mittelklasse;Flüssiggas (LPG) (einschl. bivalent);2018;7
2022;Mittelklasse;Flüssiggas (LPG) (einschl. bivalent);2019;2
2022;Mittelklasse;Flüssiggas (LPG) (einschl. bivalent);2020;1
2022;Mittelklasse;Erdgas (CNG) (einschl. bivalent);1996;4
2022;Mittelklasse;Erdgas (CNG) (einschl. bivalent);1998;1
2022;Mittelklasse;Erdgas (CNG) (einschl. bivalent);1999;7
2022;Mittelklasse;Erdgas (CNG) (einschl. bivalent);2000;1
2022;Mittelklasse;Erdgas (CNG) (einschl. bivalent);2001;1
2022;Mittelklasse;Erdgas (CNG) (einschl. bivalent);2002;3
2022;Mittelklasse;Erdgas (CNG) (einschl. bivalent);2003;10
2022;Mittelklasse;Erdgas (CNG) (einschl. bivalent);2004;6
2022;Mittelklasse;Erdgas (CNG) (einschl. bivalent);2005;10
2022;Mittelklasse;Erdgas (CNG) (einschl. bivalent);2006;13
2022;Mittelklasse;Erdgas (CNG) (einschl. bivalent);2007;5
2022;Mittelklasse;Erdgas (CNG) (einschl. bivalent);2008;1
2022;Mittelklasse;Erdgas (CNG) (einschl. bivalent);2009;103
2022;Mittelklasse;Erdgas (CNG) (einschl. bivalent);2010;53
2022;Mittelklasse;Erdgas (CNG) (einschl. bivalent);2011;42
2022;Mittelklasse;Erdgas (CNG) (einschl. bivalent);2012;52
2022;Mittelklasse;Erdgas (CNG) (einschl. bivalent);2013;26
2022;Mittelklasse;Erdgas (CNG) (einschl. bivalent);2014;21
2022;Mittelklasse;Erdgas (CNG) (einschl. bivalent);2015;3
2022;Mittelklasse;Erdgas (CNG) (einschl. bivalent);2017;52
2022;Mittelklasse;Erdgas (CNG) (einschl. bivalent);2018;141
2022;Mittelklasse;Erdgas (CNG) (einschl. bivalent);2019;55
2022;Mittelklasse;Erdgas (CNG) (einschl. bivalent);2020;44
2022;Mittelklasse;Erdgas (CNG) (einschl. bivalent);2021;21
2022;Mittelklasse;Erdgas (CNG) (einschl. bivalent);2022;6
2022;Obere Mittelklasse;Benzin;1990;1151
2022;Obere Mittelklasse;Benzin;1991;1560
2022;Obere Mittelklasse;Benzin;1992;1762
2022;Obere Mittelklasse;Benzin;1993;1893
2022;Obere Mittelklasse;Benzin;1994;1994
2022;Obere Mittelklasse;Benzin;1995;2890
2022;Obere Mittelklasse;Benzin;1996;3913
2022;Obere Mittelklasse;Benzin;1997;5214
2022;Obere Mittelklasse;Benzin;1998;6438
2022;Obere Mittelklasse;Benzin;1999;6666
2022;Obere Mittelklasse;Benzin;2000;6033
2022;Obere Mittelklasse;Benzin;2001;5169
2022;Obere Mittelklasse;Benzin;2002;4972
2022;Obere Mittelklasse;Benzin;2003;5253
2022;Obere Mittelklasse;Benzin;2004;5041
2022;Obere Mittelklasse;Benzin;2005;4403
2022;Obere Mittelklasse;Benzin;2006;3474
2022;Obere Mittelklasse;Benzin;2007;2896
2022;Obere Mittelklasse;Benzin;2008;2258
2022;Obere Mittelklasse;Benzin;2009;1733
2022;Obere Mittelklasse;Benzin;2010;2047
2022;Obere Mittelklasse;Benzin;2011;1396
2022;Obere Mittelklasse;Benzin;2012;1238
2022;Obere Mittelklasse;Benzin;2013;1060
2022;Obere Mittelklasse;Benzin;2014;816
2022;Obere Mittelklasse;Benzin;2015;743
2022;Obere Mittelklasse;Benzin;2016;1023
2022;Obere Mittelklasse;Benzin;2017;2680
2022;Obere Mittelklasse;Benzin;2018;4397
2022;Obere Mittelklasse;Benzin;2019;3334
2022;Obere Mittelklasse;Benzin;2020;690
2022;Obere Mittelklasse;Benzin;2021;573
2022;Obere Mittelklasse;Benzin;2022;437
2022;Obere Mittelklasse;Diesel;1990;190
2022;Obere Mittelklasse;Diesel;1991;337
2022;Obere Mittelklasse;Diesel;1992;425
2022;Obere Mittelklasse;Diesel;1993;311
2022;Obere Mittelklasse;Diesel;1994;269
2022;Obere Mittelklasse;Diesel;1995;300
2022;Obere Mittelklasse;Diesel;1996;369
2022;Obere Mittelklasse;Diesel;1997;377
2022;Obere Mittelklasse;Diesel;1998;677
2022;Obere Mittelklasse;Diesel;1999;1354
2022;Obere Mittelklasse;Diesel;2000;2503
2022;Obere Mittelklasse;Diesel;2001;2917
2022;Obere Mittelklasse;Diesel;2002;4445
2022;Obere Mittelklasse;Diesel;2003;7141
2022;Obere Mittelklasse;Diesel;2004;9170
2022;Obere Mittelklasse;Diesel;2005;9787
2022;Obere Mittelklasse;Diesel;2006;10584
2022;Obere Mittelklasse;Diesel;2007;10481
2022;Obere Mittelklasse;Diesel;2008;8520
2022;Obere Mittelklasse;Diesel;2009;6903
2022;Obere Mittelklasse;Diesel;2010;8346
2022;Obere Mittelklasse;Diesel;2011;9728
2022;Obere Mittelklasse;Diesel;2012;8855
2022;Obere Mittelklasse;Diesel;2013;7963
2022;Obere Mittelklasse;Diesel;2014;7664
2022;Obere Mittelklasse;Diesel;2015;7502
2022;Obere Mittelklasse;Diesel;2016;8001
2022;Obere Mittelklasse;Diesel;2017;12361
2022;Obere Mittelklasse;Diesel;2018;16386
2022;Obere Mittelklasse;Diesel;2019;14935
2022;Obere Mittelklasse;Diesel;2020;3627
2022;Obere Mittelklasse;Diesel;2021;2614
2022;Obere Mittelklasse;Diesel;2022;1146
2022;Obere Mittelklasse;Elektro (BEV);2019;1
2022;Obere Mittelklasse;Elektro (BEV);2020;32
2022;Obere Mittelklasse;Elektro (BEV);2021;61
2022;Obere Mittelklasse;Elektro (BEV);2022;578
2022;Obere Mittelklasse;Hybrid;2006;23
2022;Obere Mittelklasse;Hybrid;2007;20
2022;Obere Mittelklasse;Hybrid;2008;20
2022;Obere Mittelklasse;Hybrid;2009;8
2022;Obere Mittelklasse;Hybrid;2010;6
2022;Obere Mittelklasse;Hybrid;2011;9
2022;Obere Mittelklasse;Hybrid;2012;71
2022;Obere Mittelklasse;Hybrid;2013;88
2022;Obere Mittelklasse;Hybrid;2014;76
2022;Obere Mittelklasse;Hybrid;2015;36
2022;Obere Mittelklasse;Hybrid;2016;82
2022;Obere Mittelklasse;Hybrid;2017;185
2022;Obere Mittelklasse;Hybrid;2018;3911
2022;Obere Mittelklasse;Hybrid;2019;16634
2022;Obere Mittelklasse;Hybrid;2020;8379
2022;Obere Mittelklasse;Hybrid;2021;14180
2022;Obere Mittelklasse;Hybrid;2022;6768
2022;Obere Mittelklasse;Sonstige;1996;1
2022;Obere Mittelklasse;Sonstige;2006;2
2022;Obere Mittelklasse;Sonstige;2008;1
2022;Obere Mittelklasse;Sonstige;2009;10
2022;Obere Mittelklasse;Sonstige;2010;15
2022;Obere Mittelklasse;Sonstige;2011;7
2022;Obere Mittelklasse;Sonstige;2012;2
2022;Obere Mittelklasse;Sonstige;2013;1
2022;Obere Mittelklasse;Sonstige;2021;8
2022;Obere Mittelklasse;Flüssiggas (LPG) (einschl. bivalent);1990;35
2022;Obere Mittelklasse;Flüssiggas (LPG) (einschl. bivalent);1991;51
2022;Obere Mittelklasse;Flüssiggas (LPG) (einschl. bivalent);1992;59
2022;Obere Mittelklasse;Flüssiggas (LPG) (einschl. bivalent);1993;97
2022;Obere Mittelklasse;Flüssiggas (LPG) (einschl. bivalent);1994;98
2022;Obere Mittelklasse;Flüssiggas (LPG) (einschl. bivalent);1995;168
2022;Obere Mittelklasse;Flüssiggas (LPG) (einschl. bivalent);1996;232
2022;Obere Mittelklasse;Flüssiggas (LPG) (einschl. bivalent);1997;347
2022;Obere Mittelklasse;Flüssiggas (LPG) (einschl. bivalent);1998;485
2022;Obere Mittelklasse;Flüssiggas (LPG) (einschl. bivalent);1999;620
2022;Obere Mittelklasse;Flüssiggas (LPG) (einschl. bivalent);2000;555
2022;Obere Mittelklasse;Flüssiggas (LPG) (einschl. bivalent);2001;542
2022;Obere Mittelklasse;Flüssiggas (LPG) (einschl. bivalent);2002;579
2022;Obere Mittelklasse;Flüssiggas (LPG) (einschl. bivalent);2003;618
2022;Obere Mittelklasse;Flüssiggas (LPG) (einschl. bivalent);2004;631
2022;Obere Mittelklasse;Flüssiggas (LPG) (einschl. bivalent);2005;509
2022;Obere Mittelklasse;Flüssiggas (LPG) (einschl. bivalent);2006;385
2022;Obere Mittelklasse;Flüssiggas (LPG) (einschl. bivalent);2007;225
2022;Obere Mittelklasse;Flüssiggas (LPG) (einschl. bivalent);2008;100
2022;Obere Mittelklasse;Flüssiggas (LPG) (einschl. bivalent);2009;42
2022;Obere Mittelklasse;Flüssiggas (LPG) (einschl. bivalent);2010;39
2022;Obere Mittelklasse;Flüssiggas (LPG) (einschl. bivalent);2011;5
2022;Obere Mittelklasse;Flüssiggas (LPG) (einschl. bivalent);2012;6
2022;Obere Mittelklasse;Flüssiggas (LPG) (einschl. bivalent);2018;1
2022;Obere Mittelklasse;Erdgas (CNG) (einschl. bivalent);1992;2
2022;Obere Mittelklasse;Erdgas (CNG) (einschl. bivalent);1994;1
2022;Obere Mittelklasse;Erdgas (CNG) (einschl. bivalent);1996;3
2022;Obere Mittelklasse;Erdgas (CNG) (einschl. bivalent);1997;4
2022;Obere Mittelklasse;Erdgas (CNG) (einschl. bivalent);1998;3
2022;Obere Mittelklasse;Erdgas (CNG) (einschl. bivalent);1999;2
2022;Obere Mittelklasse;Erdgas (CNG) (einschl. bivalent);2000;4
2022;Obere Mittelklasse;Erdgas (CNG) (einschl. bivalent);2001;4
2022;Obere Mittelklasse;Erdgas (CNG) (einschl. bivalent);2002;30
2022;Obere Mittelklasse;Erdgas (CNG) (einschl. bivalent);2003;5
2022;Obere Mittelklasse;Erdgas (CNG) (einschl. bivalent);2004;39
2022;Obere Mittelklasse;Erdgas (CNG) (einschl. bivalent);2005;51
2022;Obere Mittelklasse;Erdgas (CNG) (einschl. bivalent);2006;38
2022;Obere Mittelklasse;Erdgas (CNG) (einschl. bivalent);2007;24
2022;Obere Mittelklasse;Erdgas (CNG) (einschl. bivalent);2008;20
2022;Obere Mittelklasse;Erdgas (CNG) (einschl. bivalent);2009;5
2022;Obere Mittelklasse;Erdgas (CNG) (einschl. bivalent);2010;4
2022;Obere Mittelklasse;Erdgas (CNG) (einschl. bivalent);2011;14
2022;Obere Mittelklasse;Erdgas (CNG) (einschl. bivalent);2012;14
2022;Obere Mittelklasse;Erdgas (CNG) (einschl. bivalent);2013;3
2022;Obere Mittelklasse;Erdgas (CNG) (einschl. bivalent);2014;9
2022;Obere Mittelklasse;Erdgas (CNG) (einschl. bivalent);2015;4
2022;Obere Mittelklasse;Erdgas (CNG) (einschl. bivalent);2016;1
2022;Oberklasse;Benzin;1990;74
2022;Oberklasse;Benzin;1991;186
2022;Oberklasse;Benzin;1992;264
2022;Oberklasse;Benzin;1993;202
2022;Oberklasse;Benzin;1994;219
2022;Oberklasse;Benzin;1995;384
2022;Oberklasse;Benzin;1996;371
2022;Oberklasse;Benzin;1997;319
2022;Oberklasse;Benzin;1998;407
2022;Oberklasse;Benzin;1999;896
2022;Oberklasse;Benzin;2000;715
2022;Oberklasse;Benzin;2001;557
2022;Oberklasse;Benzin;2002;467
2022;Oberklasse;Benzin;2003;786
2022;Oberklasse;Benzin;2004;1073
2022;Oberklasse;Benzin;2005;1408
2022;Oberklasse;Benzin;2006;1388
2022;Oberklasse;Benzin;2007;1318
2022;Oberklasse;Benzin;2008;975
2022;Oberklasse;Benzin;2009;804
2022;Oberklasse;Benzin;2010;731
2022;Oberklasse;Benzin;2011;1107
2022;Oberklasse;Benzin;2012;925
2022;Oberklasse;Benzin;2013;869
2022;Oberklasse;Benzin;2014;1031
2022;Oberklasse;Benzin;2015;1041
2022;Oberklasse;Benzin;2016;1049
2022;Oberklasse;Benzin;2017;1244
2022;Oberklasse;Benzin;2018;1517
2022;Oberklasse;Benzin;2019;1885
2022;Oberklasse;Benzin;2020;762
2022;Oberklasse;Benzin;2021;1132
2022;Oberklasse;Benzin;2022;762
2022;Oberklasse;Diesel;1993;14
2022;Oberklasse;Diesel;1994;15
2022;Oberklasse;Diesel;1995;11
2022;Oberklasse;Diesel;1996;23
2022;Oberklasse;Diesel;1997;32
2022;Oberklasse;Diesel;1998;34
2022;Oberklasse;Diesel;1999;21
2022;Oberklasse;Diesel;2000;123
2022;Oberklasse;Diesel;2001;245
2022;Oberklasse;Diesel;2002;151
2022;Oberklasse;Diesel;2003;163
2022;Oberklasse;Diesel;2004;378
2022;Oberklasse;Diesel;2005;664
2022;Oberklasse;Diesel;2006;1240
2022;Oberklasse;Diesel;2007;1466
2022;Oberklasse;Diesel;2008;1347
2022;Oberklasse;Diesel;2009;1085
2022;Oberklasse;Diesel;2010;1065
2022;Oberklasse;Diesel;2011;1964
2022;Oberklasse;Diesel;2012;1721
2022;Oberklasse;Diesel;2013;1606
2022;Oberklasse;Diesel;2014;1814
2022;Oberklasse;Diesel;2015;1817
2022;Oberklasse;Diesel;2016;1531
2022;Oberklasse;Diesel;2017;1512
2022;Oberklasse;Diesel;2018;2131
2022;Oberklasse;Diesel;2019;2195
2022;Oberklasse;Diesel;2020;789
2022;Oberklasse;Diesel;2021;1056
2022;Oberklasse;Diesel;2022;556
2022;Oberklasse;Elektro (BEV);2013;20
2022;Oberklasse;Elektro (BEV);2014;77
2022;Oberklasse;Elektro (BEV);2015;131
2022;Oberklasse;Elektro (BEV);2016;109
2022;Oberklasse;Elektro (BEV);2017;219
2022;Oberklasse;Elektro (BEV);2018;179
2022;Oberklasse;Elektro (BEV);2019;165
2022;Oberklasse;Elektro (BEV);2020;808
2022;Oberklasse;Elektro (BEV);2021;2388
2022;Oberklasse;Elektro (BEV);2022;1416
2022;Oberklasse;Hybrid;2007;6
2022;Oberklasse;Hybrid;2008;10
2022;Oberklasse;Hybrid;2009;37
2022;Oberklasse;Hybrid;2010;62
2022;Oberklasse;Hybrid;2011;33
2022;Oberklasse;Hybrid;2012;16
2022;Oberklasse;Hybrid;2013;29
2022;Oberklasse;Hybrid;2014;37
2022;Oberklasse;Hybrid;2015;26
2022;Oberklasse;Hybrid;2016;44
2022;Oberklasse;Hybrid;2017;243
2022;Oberklasse;Hybrid;2018;1634
2022;Oberklasse;Hybrid;2019;2317
2022;Oberklasse;Hybrid;2020;1592
2022;Oberklasse;Hybrid;2021;3586
2022;Oberklasse;Hybrid;2022;2906
2022;Oberklasse;Sonstige;1998;1
2022;Oberklasse;Sonstige;2009;1
2022;Oberklasse;Sonstige;2010;8
2022;Oberklasse;Sonstige;2011;23
2022;Oberklasse;Sonstige;2012;18
2022;Oberklasse;Sonstige;2013;2
2022;Oberklasse;Sonstige;2016;1
2022;Oberklasse;Sonstige;2019;1
2022;Oberklasse;Sonstige;2021;1
2022;Oberklasse;Flüssiggas (LPG) (einschl. bivalent);1991;7
2022;Oberklasse;Flüssiggas (LPG) (einschl. bivalent);1992;16
2022;Oberklasse;Flüssiggas (LPG) (einschl. bivalent);1993;10
2022;Oberklasse;Flüssiggas (LPG) (einschl. bivalent);1994;14
2022;Oberklasse;Flüssiggas (LPG) (einschl. bivalent);1995;43
2022;Oberklasse;Flüssiggas (LPG) (einschl. bivalent);1996;22
2022;Oberklasse;Flüssiggas (LPG) (einschl. bivalent);1997;37
2022;Oberklasse;Flüssiggas (LPG) (einschl. bivalent);1998;34
2022;Oberklasse;Flüssiggas (LPG) (einschl. bivalent);1999;173
2022;Oberklasse;Flüssiggas (LPG) (einschl. bivalent);2000;128
2022;Oberklasse;Flüssiggas (LPG) (einschl. bivalent);2001;76
2022;Oberklasse;Flüssiggas (LPG) (einschl. bivalent);2002;89
2022;Oberklasse;Flüssiggas (LPG) (einschl. bivalent);2003;183
2022;Oberklasse;Flüssiggas (LPG) (einschl. bivalent);2004;147
2022;Oberklasse;Flüssiggas (LPG) (einschl. bivalent);2005;213
2022;Oberklasse;Flüssiggas (LPG) (einschl. bivalent);2006;122
2022;Oberklasse;Flüssiggas (LPG) (einschl. bivalent);2007;85
2022;Oberklasse;Flüssiggas (LPG) (einschl. bivalent);2008;44
2022;Oberklasse;Flüssiggas (LPG) (einschl. bivalent);2009;25
2022;Oberklasse;Flüssiggas (LPG) (einschl. bivalent);2010;16
2022;Oberklasse;Flüssiggas (LPG) (einschl. bivalent);2011;3
2022;Oberklasse;Flüssiggas (LPG) (einschl. bivalent);2012;2
2022;Oberklasse;Flüssiggas (LPG) (einschl. bivalent);2013;1
2022;SUVs;Benzin;1990;95
2022;SUVs;Benzin;1991;154
2022;SUVs;Benzin;1992;158
2022;SUVs;Benzin;1993;192
2022;SUVs;Benzin;1994;172
2022;SUVs;Benzin;1995;297
2022;SUVs;Benzin;1996;323
2022;SUVs;Benzin;1997;484
2022;SUVs;Benzin;1998;612
2022;SUVs;Benzin;1999;702
2022;SUVs;Benzin;2000;570
2022;SUVs;Benzin;2001;816
2022;SUVs;Benzin;2002;740
2022;SUVs;Benzin;2003;900
2022;SUVs;Benzin;2004;1058
2022;SUVs;Benzin;2005;1681
2022;SUVs;Benzin;2006;2013
2022;SUVs;Benzin;2007;2618
2022;SUVs;Benzin;2008;2396
2022;SUVs;Benzin;2009;3476
2022;SUVs;Benzin;2010;4439
2022;SUVs;Benzin;2011;5051
2022;SUVs;Benzin;2012;5351
2022;SUVs;Benzin;2013;6653
2022;SUVs;Benzin;2014;9275
2022;SUVs;Benzin;2015;11437
2022;SUVs;Benzin;2016;14988
2022;SUVs;Benzin;2017;26947
2022;SUVs;Benzin;2018;53756
2022;SUVs;Benzin;2019;61534
2022;SUVs;Benzin;2020;31255
2022;SUVs;Benzin;2021;71259
2022;SUVs;Benzin;2022;40517
2022;SUVs;Diesel;1990;1
2022;SUVs;Diesel;1991;1
2022;SUVs;Diesel;1992;1
2022;SUVs;Diesel;1993;1
2022;SUVs;Diesel;1995;2
2022;SUVs;Diesel;1996;3
2022;SUVs;Diesel;1997;2
2022;SUVs;Diesel;1998;13
2022;SUVs;Diesel;1999;20
2022;SUVs;Diesel;2000;14
2022;SUVs;Diesel;2001;20
2022;SUVs;Diesel;2002;116
2022;SUVs;Diesel;2003;159
2022;SUVs;Diesel;2004;187
2022;SUVs;Diesel;2005;702
2022;SUVs;Diesel;2006;1720
2022;SUVs;Diesel;2007;2991
2022;SUVs;Diesel;2008;3564
2022;SUVs;Diesel;2009;4702
2022;SUVs;Diesel;2010;7138
2022;SUVs;Diesel;2011;9987
2022;SUVs;Diesel;2012;10769
2022;SUVs;Diesel;2013;10392
2022;SUVs;Diesel;2014;10756
2022;SUVs;Diesel;2015;11776
2022;SUVs;Diesel;2016;13814
2022;SUVs;Diesel;2017;15983
2022;SUVs;Diesel;2018;21260
2022;SUVs;Diesel;2019;26113
2022;SUVs;Diesel;2020;12044
2022;SUVs;Diesel;2021;12537
2022;SUVs;Diesel;2022;6634
2022;SUVs;Elektro (BEV);2000;1
2022;SUVs;Elektro (BEV);2016;42
2022;SUVs;Elektro (BEV);2017;116
2022;SUVs;Elektro (BEV);2018;167
2022;SUVs;Elektro (BEV);2019;1474
2022;SUVs;Elektro (BEV);2020;5090
2022;SUVs;Elektro (BEV);2021;19128
2022;SUVs;Elektro (BEV);2022;11957
2022;SUVs;Hybrid;2002;1
2022;SUVs;Hybrid;2003;1
2022;SUVs;Hybrid;2005;23
2022;SUVs;Hybrid;2006;61
2022;SUVs;Hybrid;2007;61
2022;SUVs;Hybrid;2008;51
2022;SUVs;Hybrid;2009;55
2022;SUVs;Hybrid;2010;60
2022;SUVs;Hybrid;2011;38
2022;SUVs;Hybrid;2012;41
2022;SUVs;Hybrid;2013;28
2022;SUVs;Hybrid;2014;108
2022;SUVs;Hybrid;2015;129
2022;SUVs;Hybrid;2016;741
2022;SUVs;Hybrid;2017;2387
2022;SUVs;Hybrid;2018;2995
2022;SUVs;Hybrid;2019;5274
2022;SUVs;Hybrid;2020;8261
2022;SUVs;Hybrid;2021;24581
2022;SUVs;Hybrid;2022;19323
2022;SUVs;Sonstige;1996;1
2022;SUVs;Sonstige;2007;1
2022;SUVs;Sonstige;2010;1
2022;SUVs;Sonstige;2011;11
2022;SUVs;Sonstige;2012;5
2022;SUVs;Sonstige;2013;2
2022;SUVs;Sonstige;2015;4
2022;SUVs;Sonstige;2016;1
2022;SUVs;Sonstige;2017;9
2022;SUVs;Sonstige;2018;9
2022;SUVs;Sonstige;2019;47
2022;SUVs;Sonstige;2020;15
2022;SUVs;Sonstige;2021;10
2022;SUVs;Sonstige;2022;9
2022;SUVs;Flüssiggas (LPG) (einschl. bivalent);1990;2
2022;SUVs;Flüssiggas (LPG) (einschl. bivalent);1991;1
2022;SUVs;Flüssiggas (LPG) (einschl. bivalent);1992;3
2022;SUVs;Flüssiggas (LPG) (einschl. bivalent);1993;4
2022;SUVs;Flüssiggas (LPG) (einschl. bivalent);1994;3
2022;SUVs;Flüssiggas (LPG) (einschl. bivalent);1995;5
2022;SUVs;Flüssiggas (LPG) (einschl. bivalent);1996;11
2022;SUVs;Flüssiggas (LPG) (einschl. bivalent);1997;23
2022;SUVs;Flüssiggas (LPG) (einschl. bivalent);1998;47
2022;SUVs;Flüssiggas (LPG) (einschl. bivalent);1999;58
2022;SUVs;Flüssiggas (LPG) (einschl. bivalent);2000;41
2022;SUVs;Flüssiggas (LPG) (einschl. bivalent);2001;78
2022;SUVs;Flüssiggas (LPG) (einschl. bivalent);2002;79
2022;SUVs;Flüssiggas (LPG) (einschl. bivalent);2003;76
2022;SUVs;Flüssiggas (LPG) (einschl. bivalent);2004;105
2022;SUVs;Flüssiggas (LPG) (einschl. bivalent);2005;215
2022;SUVs;Flüssiggas (LPG) (einschl. bivalent);2006;264
2022;SUVs;Flüssiggas (LPG) (einschl. bivalent);2007;366
2022;SUVs;Flüssiggas (LPG) (einschl. bivalent);2008;446
2022;SUVs;Flüssiggas (LPG) (einschl. bivalent);2009;309
2022;SUVs;Flüssiggas (LPG) (einschl. bivalent);2010;238
2022;SUVs;Flüssiggas (LPG) (einschl. bivalent);2011;179
2022;SUVs;Flüssiggas (LPG) (einschl. bivalent);2012;326
2022;SUVs;Flüssiggas (LPG) (einschl. bivalent);2013;146
2022;SUVs;Flüssiggas (LPG) (einschl. bivalent);2014;132
2022;SUVs;Flüssiggas (LPG) (einschl. bivalent);2015;83
2022;SUVs;Flüssiggas (LPG) (einschl. bivalent);2016;57
2022;SUVs;Flüssiggas (LPG) (einschl. bivalent);2017;113
2022;SUVs;Flüssiggas (LPG) (einschl. bivalent);2018;82
2022;SUVs;Flüssiggas (LPG) (einschl. bivalent);2019;184
2022;SUVs;Flüssiggas (LPG) (einschl. bivalent);2020;153
2022;SUVs;Flüssiggas (LPG) (einschl. bivalent);2021;153
2022;SUVs;Flüssiggas (LPG) (einschl. bivalent);2022;96
2022;SUVs;Erdgas (CNG) (einschl. bivalent);1992;1
2022;SUVs;Erdgas (CNG) (einschl. bivalent);2001;1
2022;SUVs;Erdgas (CNG) (einschl. bivalent);2005;1
2022;SUVs;Erdgas (CNG) (einschl. bivalent);2006;3
2022;SUVs;Erdgas (CNG) (einschl. bivalent);2007;1
2022;SUVs;Erdgas (CNG) (einschl. bivalent);2008;1
2022;SUVs;Erdgas (CNG) (einschl. bivalent);2019;143
2022;SUVs;Erdgas (CNG) (einschl. bivalent);2020;697
2022;SUVs;Erdgas (CNG) (einschl. bivalent);2021;256
2022;SUVs;Erdgas (CNG) (einschl. bivalent);2022;92
2022;Geländewagen;Benzin;1990;63
2022;Geländewagen;Benzin;1991;102
2022;Geländewagen;Benzin;1992;132
2022;Geländewagen;Benzin;1993;210
2022;Geländewagen;Benzin;1994;227
2022;Geländewagen;Benzin;1995;283
2022;Geländewagen;Benzin;1996;300
2022;Geländewagen;Benzin;1997;385
2022;Geländewagen;Benzin;1998;805
2022;Geländewagen;Benzin;1999;1590
2022;Geländewagen;Benzin;2000;1444
2022;Geländewagen;Benzin;2001;1489
2022;Geländewagen;Benzin;2002;1588
2022;Geländewagen;Benzin;2003;2270
2022;Geländewagen;Benzin;2004;2621
2022;Geländewagen;Benzin;2005;2745
2022;Geländewagen;Benzin;2006;2608
2022;Geländewagen;Benzin;2007;2133
2022;Geländewagen;Benzin;2008;2531
2022;Geländewagen;Benzin;2009;3145
2022;Geländewagen;Benzin;2010;2344
2022;Geländewagen;Benzin;2011;2373
2022;Geländewagen;Benzin;2012;2842
2022;Geländewagen;Benzin;2013;2472
2022;Geländewagen;Benzin;2014;2843
2022;Geländewagen;Benzin;2015;2988
2022;Geländewagen;Benzin;2016;4187
2022;Geländewagen;Benzin;2017;7534
2022;Geländewagen;Benzin;2018;14649
2022;Geländewagen;Benzin;2019;20266
2022;Geländewagen;Benzin;2020;9538
2022;Geländewagen;Benzin;2021;14994
2022;Geländewagen;Benzin;2022;11872
2022;Geländewagen;Diesel;1990;61
2022;Geländewagen;Diesel;1991;70
2022;Geländewagen;Diesel;1992;106
2022;Geländewagen;Diesel;1993;69
2022;Geländewagen;Diesel;1994;58
2022;Geländewagen;Diesel;1995;93
2022;Geländewagen;Diesel;1996;104
2022;Geländewagen;Diesel;1997;149
2022;Geländewagen;Diesel;1998;212
2022;Geländewagen;Diesel;1999;326
2022;Geländewagen;Diesel;2000;604
2022;Geländewagen;Diesel;2001;1273
2022;Geländewagen;Diesel;2002;2327
2022;Geländewagen;Diesel;2003;3683
2022;Geländewagen;Diesel;2004;5288
2022;Geländewagen;Diesel;2005;6611
2022;Geländewagen;Diesel;2006;9598
2022;Geländewagen;Diesel;2007;10173
2022;Geländewagen;Diesel;2008;10388
2022;Geländewagen;Diesel;2009;9206
2022;Geländewagen;Diesel;2010;8611
2022;Geländewagen;Diesel;2011;10536
2022;Geländewagen;Diesel;2012;12572
2022;Geländewagen;Diesel;2013;11476
2022;Geländewagen;Diesel;2014;12139
2022;Geländewagen;Diesel;2015;14343
2022;Geländewagen;Diesel;2016;16247
2022;Geländewagen;Diesel;2017;19242
2022;Geländewagen;Diesel;2018;31115
2022;Geländewagen;Diesel;2019;47530
2022;Geländewagen;Diesel;2020;12484
2022;Geländewagen;Diesel;2021;12913
2022;Geländewagen;Diesel;2022;9174
2022;Geländewagen;Elektro (BEV);2018;2
2022;Geländewagen;Elektro (BEV);2019;4
2022;Geländewagen;Elektro (BEV);2020;44
2022;Geländewagen;Elektro (BEV);2021;920
2022;Geländewagen;Elektro (BEV);2022;519
2022;Geländewagen;Hybrid;1999;1
2022;Geländewagen;Hybrid;2004;1
2022;Geländewagen;Hybrid;2005;1
2022;Geländewagen;Hybrid;2009;3
2022;Geländewagen;Hybrid;2010;37
2022;Geländewagen;Hybrid;2011;49
2022;Geländewagen;Hybrid;2012;50
2022;Geländewagen;Hybrid;2013;12
2022;Geländewagen;Hybrid;2014;12
2022;Geländewagen;Hybrid;2015;56
2022;Geländewagen;Hybrid;2016;176
2022;Geländewagen;Hybrid;2017;175
2022;Geländewagen;Hybrid;2018;1086
2022;Geländewagen;Hybrid;2019;7681
2022;Geländewagen;Hybrid;2020;8984
2022;Geländewagen;Hybrid;2021;28227
2022;Geländewagen;Hybrid;2022;19512
2022;Geländewagen;Sonstige;2005;1
2022;Geländewagen;Sonstige;2010;1
2022;Geländewagen;Sonstige;2011;2
2022;Geländewagen;Sonstige;2012;5
2022;Geländewagen;Sonstige;2013;1
2022;Geländewagen;Sonstige;2014;2
2022;Geländewagen;Sonstige;2015;3
2022;Geländewagen;Sonstige;2021;1
2022;Geländewagen;Sonstige;2022;16
2022;Geländewagen;Flüssiggas (LPG) (einschl. bivalent);1990;2
2022;Geländewagen;Flüssiggas (LPG) (einschl. bivalent);1991;8
2022;Geländewagen;Flüssiggas (LPG) (einschl. bivalent);1992;12
2022;Geländewagen;Flüssiggas (LPG) (einschl. bivalent);1993;12
2022;Geländewagen;Flüssiggas (LPG) (einschl. bivalent);1994;6
2022;Geländewagen;Flüssiggas (LPG) (einschl. bivalent);1995;33
2022;Geländewagen;Flüssiggas (LPG) (einschl. bivalent);1996;28
2022;Geländewagen;Flüssiggas (LPG) (einschl. bivalent);1997;67
2022;Geländewagen;Flüssiggas (LPG) (einschl. bivalent);1998;104
2022;Geländewagen;Flüssiggas (LPG) (einschl. bivalent);1999;278
2022;Geländewagen;Flüssiggas (LPG) (einschl. bivalent);2000;240
2022;Geländewagen;Flüssiggas (LPG) (einschl. bivalent);2001;254
2022;Geländewagen;Flüssiggas (LPG) (einschl. bivalent);2002;240
2022;Geländewagen;Flüssiggas (LPG) (einschl. bivalent);2003;398
2022;Geländewagen;Flüssiggas (LPG) (einschl. bivalent);2004;492
2022;Geländewagen;Flüssiggas (LPG) (einschl. bivalent);2005;529
2022;Geländewagen;Flüssiggas (LPG) (einschl. bivalent);2006;491
2022;Geländewagen;Flüssiggas (LPG) (einschl. bivalent);2007;402
2022;Geländewagen;Flüssiggas (LPG) (einschl. bivalent);2008;342
2022;Geländewagen;Flüssiggas (LPG) (einschl. bivalent);2009;165
2022;Geländewagen;Flüssiggas (LPG) (einschl. bivalent);2010;86
2022;Geländewagen;Flüssiggas (LPG) (einschl. bivalent);2011;59
2022;Geländewagen;Flüssiggas (LPG) (einschl. bivalent);2012;30
2022;Geländewagen;Flüssiggas (LPG) (einschl. bivalent);2013;32
2022;Geländewagen;Flüssiggas (LPG) (einschl. bivalent);2014;26
2022;Geländewagen;Flüssiggas (LPG) (einschl. bivalent);2015;25
2022;Geländewagen;Flüssiggas (LPG) (einschl. bivalent);2016;23
2022;Geländewagen;Flüssiggas (LPG) (einschl. bivalent);2017;12
2022;Geländewagen;Flüssiggas (LPG) (einschl. bivalent);2018;24
2022;Geländewagen;Flüssiggas (LPG) (einschl. bivalent);2019;17
2022;Geländewagen;Flüssiggas (LPG) (einschl. bivalent);2020;3
2022;Geländewagen;Flüssiggas (LPG) (einschl. bivalent);2021;2
2022;Geländewagen;Flüssiggas (LPG) (einschl. bivalent);2022;1
2022;Geländewagen;Erdgas (CNG) (einschl. bivalent);2003;1
2022;Geländewagen;Erdgas (CNG) (einschl. bivalent);2004;1
2022;Geländewagen;Erdgas (CNG) (einschl. bivalent);2006;1
2022;Sportwagen;Benzin;1990;572
2022;Sportwagen;Benzin;1991;895
2022;Sportwagen;Benzin;1992;1081
2022;Sportwagen;Benzin;1993;758
2022;Sportwagen;Benzin;1994;743
2022;Sportwagen;Benzin;1995;650
2022;Sportwagen;Benzin;1996;1025
2022;Sportwagen;Benzin;1997;2555
2022;Sportwagen;Benzin;1998;3682
2022;Sportwagen;Benzin;1999;5472
2022;Sportwagen;Benzin;2000;5347
2022;Sportwagen;Benzin;2001;3913
2022;Sportwagen;Benzin;2002;4063
2022;Sportwagen;Benzin;2003;4184
2022;Sportwagen;Benzin;2004;4004
2022;Sportwagen;Benzin;2005;3629
2022;Sportwagen;Benzin;2006;3428
2022;Sportwagen;Benzin;2007;3931
2022;Sportwagen;Benzin;2008;3383
2022;Sportwagen;Benzin;2009;2635
2022;Sportwagen;Benzin;2010;2835
2022;Sportwagen;Benzin;2011;2974
2022;Sportwagen;Benzin;2012;2792
2022;Sportwagen;Benzin;2013;2719
2022;Sportwagen;Benzin;2014;2549
2022;Sportwagen;Benzin;2015;3232
2022;Sportwagen;Benzin;2016;3623
2022;Sportwagen;Benzin;2017;3842
2022;Sportwagen;Benzin;2018;5063
2022;Sportwagen;Benzin;2019;6285
2022;Sportwagen;Benzin;2020;3960
2022;Sportwagen;Benzin;2021;5513
2022;Sportwagen;Benzin;2022;4170
2022;Sportwagen;Diesel;1999;1
2022;Sportwagen;Diesel;2002;36
2022;Sportwagen;Diesel;2003;133
2022;Sportwagen;Diesel;2004;94
2022;Sportwagen;Diesel;2005;127
2022;Sportwagen;Diesel;2006;242
2022;Sportwagen;Diesel;2007;226
2022;Sportwagen;Diesel;2008;159
2022;Sportwagen;Diesel;2009;400
2022;Sportwagen;Diesel;2010;523
2022;Sportwagen;Diesel;2011;581
2022;Sportwagen;Diesel;2012;504
2022;Sportwagen;Diesel;2013;418
2022;Sportwagen;Diesel;2014;351
2022;Sportwagen;Diesel;2015;279
2022;Sportwagen;Diesel;2016;183
2022;Sportwagen;Diesel;2017;273
2022;Sportwagen;Diesel;2018;451
2022;Sportwagen;Diesel;2019;392
2022;Sportwagen;Diesel;2020;335
2022;Sportwagen;Diesel;2021;331
2022;Sportwagen;Diesel;2022;36
2022;Sportwagen;Elektro (BEV);1991;1
2022;Sportwagen;Elektro (BEV);2014;1
2022;Sportwagen;Hybrid;2002;1
2022;Sportwagen;Hybrid;2010;83
2022;Sportwagen;Hybrid;2011;44
2022;Sportwagen;Hybrid;2012;33
2022;Sportwagen;Hybrid;2013;4
2022;Sportwagen;Hybrid;2014;15
2022;Sportwagen;Hybrid;2015;23
2022;Sportwagen;Hybrid;2016;21
2022;Sportwagen;Hybrid;2017;22
2022;Sportwagen;Hybrid;2018;221
2022;Sportwagen;Hybrid;2019;525
2022;Sportwagen;Hybrid;2020;545
2022;Sportwagen;Hybrid;2021;1144
2022;Sportwagen;Hybrid;2022;516
2022;Sportwagen;Sonstige;1992;1
2022;Sportwagen;Sonstige;2013;1
2022;Sportwagen;Flüssiggas (LPG) (einschl. bivalent);1990;3
2022;Sportwagen;Flüssiggas (LPG) (einschl. bivalent);1991;7
2022;Sportwagen;Flüssiggas (LPG) (einschl. bivalent);1992;4
2022;Sportwagen;Flüssiggas (LPG) (einschl. bivalent);1993;7
2022;Sportwagen;Flüssiggas (LPG) (einschl. bivalent);1994;7
2022;Sportwagen;Flüssiggas (LPG) (einschl. bivalent);1995;5
2022;Sportwagen;Flüssiggas (LPG) (einschl. bivalent);1996;11
2022;Sportwagen;Flüssiggas (LPG) (einschl. bivalent);1997;41
2022;Sportwagen;Flüssiggas (LPG) (einschl. bivalent);1998;97
2022;Sportwagen;Flüssiggas (LPG) (einschl. bivalent);1999;185
2022;Sportwagen;Flüssiggas (LPG) (einschl. bivalent);2000;146
2022;Sportwagen;Flüssiggas (LPG) (einschl. bivalent);2001;118
2022;Sportwagen;Flüssiggas (LPG) (einschl. bivalent);2002;114
2022;Sportwagen;Flüssiggas (LPG) (einschl. bivalent);2003;112
2022;Sportwagen;Flüssiggas (LPG) (einschl. bivalent);2004;111
2022;Sportwagen;Flüssiggas (LPG) (einschl. bivalent);2005;79
2022;Sportwagen;Flüssiggas (LPG) (einschl. bivalent);2006;72
2022;Sportwagen;Flüssiggas (LPG) (einschl. bivalent);2007;52
2022;Sportwagen;Flüssiggas (LPG) (einschl. bivalent);2008;31
2022;Sportwagen;Flüssiggas (LPG) (einschl. bivalent);2009;16
2022;Sportwagen;Flüssiggas (LPG) (einschl. bivalent);2010;10
2022;Sportwagen;Flüssiggas (LPG) (einschl. bivalent);2011;11
2022;Sportwagen;Flüssiggas (LPG) (einschl. bivalent);2012;11
2022;Sportwagen;Flüssiggas (LPG) (einschl. bivalent);2013;31
2022;Sportwagen;Flüssiggas (LPG) (einschl. bivalent);2014;44
2022;Sportwagen;Flüssiggas (LPG) (einschl. bivalent);2015;28
2022;Sportwagen;Flüssiggas (LPG) (einschl. bivalent);2016;44
2022;Sportwagen;Flüssiggas (LPG) (einschl. bivalent);2017;39
2022;Sportwagen;Flüssiggas (LPG) (einschl. bivalent);2018;10
2022;Sportwagen;Flüssiggas (LPG) (einschl. bivalent);2020;1
2022;Sportwagen;Erdgas (CNG) (einschl. bivalent);1998;1
2022;Sportwagen;Erdgas (CNG) (einschl. bivalent);2000;1
2022;Mini-Vans;Benzin;1990;1
2022;Mini-Vans;Benzin;1991;1
2022;Mini-Vans;Benzin;1992;8
2022;Mini-Vans;Benzin;1993;4
2022;Mini-Vans;Benzin;1994;9
2022;Mini-Vans;Benzin;1995;25
2022;Mini-Vans;Benzin;1996;22
2022;Mini-Vans;Benzin;1997;138
2022;Mini-Vans;Benzin;1998;264
2022;Mini-Vans;Benzin;1999;864
2022;Mini-Vans;Benzin;2000;1909
2022;Mini-Vans;Benzin;2001;2575
2022;Mini-Vans;Benzin;2002;3371
2022;Mini-Vans;Benzin;2003;7828
2022;Mini-Vans;Benzin;2004;10361
2022;Mini-Vans;Benzin;2005;15862
2022;Mini-Vans;Benzin;2006;13968
2022;Mini-Vans;Benzin;2007;10247
2022;Mini-Vans;Benzin;2008;7812
2022;Mini-Vans;Benzin;2009;8743
2022;Mini-Vans;Benzin;2010;6549
2022;Mini-Vans;Benzin;2011;7537
2022;Mini-Vans;Benzin;2012;6657
2022;Mini-Vans;Benzin;2013;6811
2022;Mini-Vans;Benzin;2014;5381
2022;Mini-Vans;Benzin;2015;4321
2022;Mini-Vans;Benzin;2016;4015
2022;Mini-Vans;Benzin;2017;4795
2022;Mini-Vans;Benzin;2018;4434
2022;Mini-Vans;Benzin;2019;4265
2022;Mini-Vans;Benzin;2020;4281
2022;Mini-Vans;Benzin;2021;2512
2022;Mini-Vans;Benzin;2022;980
2022;Mini-Vans;Diesel;1998;5
2022;Mini-Vans;Diesel;1999;24
2022;Mini-Vans;Diesel;2000;70
2022;Mini-Vans;Diesel;2001;176
2022;Mini-Vans;Diesel;2002;557
2022;Mini-Vans;Diesel;2003;899
2022;Mini-Vans;Diesel;2004;2622
2022;Mini-Vans;Diesel;2005;3903
2022;Mini-Vans;Diesel;2006;4814
2022;Mini-Vans;Diesel;2007;4699
2022;Mini-Vans;Diesel;2008;2971
2022;Mini-Vans;Diesel;2009;2482
2022;Mini-Vans;Diesel;2010;3012
2022;Mini-Vans;Diesel;2011;4025
2022;Mini-Vans;Diesel;2012;3973
2022;Mini-Vans;Diesel;2013;3182
2022;Mini-Vans;Diesel;2014;2530
2022;Mini-Vans;Diesel;2015;2188
2022;Mini-Vans;Diesel;2016;1762
2022;Mini-Vans;Diesel;2017;2727
2022;Mini-Vans;Diesel;2018;2702
2022;Mini-Vans;Diesel;2019;2223
2022;Mini-Vans;Diesel;2020;1773
2022;Mini-Vans;Diesel;2021;888
2022;Mini-Vans;Diesel;2022;507
2022;Mini-Vans;Elektro (BEV);2014;3
2022;Mini-Vans;Elektro (BEV);2015;29
2022;Mini-Vans;Elektro (BEV);2016;59
2022;Mini-Vans;Elektro (BEV);2017;69
2022;Mini-Vans;Elektro (BEV);2018;34
2022;Mini-Vans;Elektro (BEV);2019;42
2022;Mini-Vans;Elektro (BEV);2020;82
2022;Mini-Vans;Elektro (BEV);2021;245
2022;Mini-Vans;Elektro (BEV);2022;145
2022;Mini-Vans;Hybrid;2002;1
2022;Mini-Vans;Hybrid;2011;5
2022;Mini-Vans;Hybrid;2012;59
2022;Mini-Vans;Hybrid;2013;17
2022;Mini-Vans;Hybrid;2014;12
2022;Mini-Vans;Hybrid;2015;23
2022;Mini-Vans;Hybrid;2016;2
2022;Mini-Vans;Hybrid;2017;30
2022;Mini-Vans;Hybrid;2018;58
2022;Mini-Vans;Hybrid;2019;9
2022;Mini-Vans;Hybrid;2020;505
2022;Mini-Vans;Hybrid;2021;984
2022;Mini-Vans;Hybrid;2022;267
2022;Mini-Vans;Sonstige;2007;1
2022;Mini-Vans;Sonstige;2009;7
2022;Mini-Vans;Sonstige;2010;17
2022;Mini-Vans;Sonstige;2011;9
2022;Mini-Vans;Sonstige;2012;6
2022;Mini-Vans;Flüssiggas (LPG) (einschl. bivalent);1997;1
2022;Mini-Vans;Flüssiggas (LPG) (einschl. bivalent);1998;2
2022;Mini-Vans;Flüssiggas (LPG) (einschl. bivalent);1999;13
2022;Mini-Vans;Flüssiggas (LPG) (einschl. bivalent);2000;27
2022;Mini-Vans;Flüssiggas (LPG) (einschl. bivalent);2001;52
2022;Mini-Vans;Flüssiggas (LPG) (einschl. bivalent);2002;73
2022;Mini-Vans;Flüssiggas (LPG) (einschl. bivalent);2003;156
2022;Mini-Vans;Flüssiggas (LPG) (einschl. bivalent);2004;209
2022;Mini-Vans;Flüssiggas (LPG) (einschl. bivalent);2005;369
2022;Mini-Vans;Flüssiggas (LPG) (einschl. bivalent);2006;401
2022;Mini-Vans;Flüssiggas (LPG) (einschl. bivalent);2007;364
2022;Mini-Vans;Flüssiggas (LPG) (einschl. bivalent);2008;395
2022;Mini-Vans;Flüssiggas (LPG) (einschl. bivalent);2009;229
2022;Mini-Vans;Flüssiggas (LPG) (einschl. bivalent);2010;78
2022;Mini-Vans;Flüssiggas (LPG) (einschl. bivalent);2011;68
2022;Mini-Vans;Flüssiggas (LPG) (einschl. bivalent);2012;92
2022;Mini-Vans;Flüssiggas (LPG) (einschl. bivalent);2013;42
2022;Mini-Vans;Flüssiggas (LPG) (einschl. bivalent);2014;60
2022;Mini-Vans;Flüssiggas (LPG) (einschl. bivalent);2015;82
2022;Mini-Vans;Flüssiggas (LPG) (einschl. bivalent);2016;9
2022;Mini-Vans;Flüssiggas (LPG) (einschl. bivalent);2017;31
2022;Mini-Vans;Flüssiggas (LPG) (einschl. bivalent);2018;28
2022;Mini-Vans;Flüssiggas (LPG) (einschl. bivalent);2019;61
2022;Mini-Vans;Flüssiggas (LPG) (einschl. bivalent);2020;2
2022;Mini-Vans;Flüssiggas (LPG) (einschl. bivalent);2021;1
2022;Mini-Vans;Erdgas (CNG) (einschl. bivalent);2000;5
2022;Mini-Vans;Erdgas (CNG) (einschl. bivalent);2001;9
2022;Mini-Vans;Erdgas (CNG) (einschl. bivalent);2002;5
2022;Mini-Vans;Erdgas (CNG) (einschl. bivalent);2003;7
2022;Mini-Vans;Erdgas (CNG) (einschl. bivalent);2004;8
2022;Mini-Vans;Erdgas (CNG) (einschl. bivalent);2005;15
2022;Mini-Vans;Erdgas (CNG) (einschl. bivalent);2006;51
2022;Mini-Vans;Erdgas (CNG) (einschl. bivalent);2007;13
2022;Mini-Vans;Erdgas (CNG) (einschl. bivalent);2008;54
2022;Mini-Vans;Erdgas (CNG) (einschl. bivalent);2009;53
2022;Mini-Vans;Erdgas (CNG) (einschl. bivalent);2010;32
2022;Mini-Vans;Erdgas (CNG) (einschl. bivalent);2011;4
2022;Mini-Vans;Erdgas (CNG) (einschl. bivalent);2014;18
2022;Mini-Vans;Erdgas (CNG) (einschl. bivalent);2015;17
2022;Mini-Vans;Erdgas (CNG) (einschl. bivalent);2016;14
2022;Mini-Vans;Erdgas (CNG) (einschl. bivalent);2017;5
2022;Großraum-Vans;Benzin;1990;7
2022;Großraum-Vans;Benzin;1991;12
2022;Großraum-Vans;Benzin;1992;25
2022;Großraum-Vans;Benzin;1993;35
2022;Großraum-Vans;Benzin;1994;73
2022;Großraum-Vans;Benzin;1995;169
2022;Großraum-Vans;Benzin;1996;290
2022;Großraum-Vans;Benzin;1997;682
2022;Großraum-Vans;Benzin;1998;810
2022;Großraum-Vans;Benzin;1999;2390
2022;Großraum-Vans;Benzin;2000;3074
2022;Großraum-Vans;Benzin;2001;3883
2022;Großraum-Vans;Benzin;2002;4082
2022;Großraum-Vans;Benzin;2003;6017
2022;Großraum-Vans;Benzin;2004;5435
2022;Großraum-Vans;Benzin;2005;7164
2022;Großraum-Vans;Benzin;2006;6719
2022;Großraum-Vans;Benzin;2007;4720
2022;Großraum-Vans;Benzin;2008;3989
2022;Großraum-Vans;Benzin;2009;5022
2022;Großraum-Vans;Benzin;2010;3612
2022;Großraum-Vans;Benzin;2011;4220
2022;Großraum-Vans;Benzin;2012;3221
2022;Großraum-Vans;Benzin;2013;2436
2022;Großraum-Vans;Benzin;2014;2011
2022;Großraum-Vans;Benzin;2015;1422
2022;Großraum-Vans;Benzin;2016;1886
2022;Großraum-Vans;Benzin;2017;3171
2022;Großraum-Vans;Benzin;2018;4087
2022;Großraum-Vans;Benzin;2019;2933
2022;Großraum-Vans;Benzin;2020;1573
2022;Großraum-Vans;Benzin;2021;4396
2022;Großraum-Vans;Benzin;2022;2406
2022;Großraum-Vans;Diesel;1992;2
2022;Großraum-Vans;Diesel;1993;8
2022;Großraum-Vans;Diesel;1994;6
2022;Großraum-Vans;Diesel;1995;13
2022;Großraum-Vans;Diesel;1996;45
2022;Großraum-Vans;Diesel;1997;109
2022;Großraum-Vans;Diesel;1998;196
2022;Großraum-Vans;Diesel;1999;290
2022;Großraum-Vans;Diesel;2000;674
2022;Großraum-Vans;Diesel;2001;1420
2022;Großraum-Vans;Diesel;2002;2181
2022;Großraum-Vans;Diesel;2003;5935
2022;Großraum-Vans;Diesel;2004;9158
2022;Großraum-Vans;Diesel;2005;9842
2022;Großraum-Vans;Diesel;2006;13451
2022;Großraum-Vans;Diesel;2007;11968
2022;Großraum-Vans;Diesel;2008;8718
2022;Großraum-Vans;Diesel;2009;6936
2022;Großraum-Vans;Diesel;2010;6004
2022;Großraum-Vans;Diesel;2011;9020
2022;Großraum-Vans;Diesel;2012;8637
2022;Großraum-Vans;Diesel;2013;6448
2022;Großraum-Vans;Diesel;2014;6346
2022;Großraum-Vans;Diesel;2015;5751
2022;Großraum-Vans;Diesel;2016;6609
2022;Großraum-Vans;Diesel;2017;9194
2022;Großraum-Vans;Diesel;2018;11313
2022;Großraum-Vans;Diesel;2019;10942
2022;Großraum-Vans;Diesel;2020;4118
2022;Großraum-Vans;Diesel;2021;6158
2022;Großraum-Vans;Diesel;2022;2196
2022;Großraum-Vans;Elektro (BEV);2019;1
2022;Großraum-Vans;Elektro (BEV);2020;208
2022;Großraum-Vans;Elektro (BEV);2021;569
2022;Großraum-Vans;Elektro (BEV);2022;115
2022;Großraum-Vans;Hybrid;2011;1
2022;Großraum-Vans;Hybrid;2012;67
2022;Großraum-Vans;Hybrid;2013;112
2022;Großraum-Vans;Hybrid;2014;66
2022;Großraum-Vans;Hybrid;2015;141
2022;Großraum-Vans;Hybrid;2016;116
2022;Großraum-Vans;Hybrid;2017;107
2022;Großraum-Vans;Hybrid;2018;140
2022;Großraum-Vans;Hybrid;2019;155
2022;Großraum-Vans;Hybrid;2020;132
2022;Großraum-Vans;Hybrid;2021;237
2022;Großraum-Vans;Hybrid;2022;141
2022;Großraum-Vans;Sonstige;1997;1
2022;Großraum-Vans;Sonstige;2001;1
2022;Großraum-Vans;Sonstige;2006;2
2022;Großraum-Vans;Sonstige;2009;2
2022;Großraum-Vans;Sonstige;2010;12
2022;Großraum-Vans;Sonstige;2011;11
2022;Großraum-Vans;Sonstige;2012;3
2022;Großraum-Vans;Flüssiggas (LPG) (einschl. bivalent);1990;1
2022;Großraum-Vans;Flüssiggas (LPG) (einschl. bivalent);1991;1
2022;Großraum-Vans;Flüssiggas (LPG) (einschl. bivalent);1992;1
2022;Großraum-Vans;Flüssiggas (LPG) (einschl. bivalent);1993;1
2022;Großraum-Vans;Flüssiggas (LPG) (einschl. bivalent);1994;1
2022;Großraum-Vans;Flüssiggas (LPG) (einschl. bivalent);1995;3
2022;Großraum-Vans;Flüssiggas (LPG) (einschl. bivalent);1996;15
2022;Großraum-Vans;Flüssiggas (LPG) (einschl. bivalent);1997;31
2022;Großraum-Vans;Flüssiggas (LPG) (einschl. bivalent);1998;58
2022;Großraum-Vans;Flüssiggas (LPG) (einschl. bivalent);1999;104
2022;Großraum-Vans;Flüssiggas (LPG) (einschl. bivalent);2000;132
2022;Großraum-Vans;Flüssiggas (LPG) (einschl. bivalent);2001;195
2022;Großraum-Vans;Flüssiggas (LPG) (einschl. bivalent);2002;216
2022;Großraum-Vans;Flüssiggas (LPG) (einschl. bivalent);2003;274
2022;Großraum-Vans;Flüssiggas (LPG) (einschl. bivalent);2004;293
2022;Großraum-Vans;Flüssiggas (LPG) (einschl. bivalent);2005;337
2022;Großraum-Vans;Flüssiggas (LPG) (einschl. bivalent);2006;277
2022;Großraum-Vans;Flüssiggas (LPG) (einschl. bivalent);2007;220
2022;Großraum-Vans;Flüssiggas (LPG) (einschl. bivalent);2008;251
2022;Großraum-Vans;Flüssiggas (LPG) (einschl. bivalent);2009;160
2022;Großraum-Vans;Flüssiggas (LPG) (einschl. bivalent);2010;76
2022;Großraum-Vans;Flüssiggas (LPG) (einschl. bivalent);2011;55
2022;Großraum-Vans;Flüssiggas (LPG) (einschl. bivalent);2012;46
2022;Großraum-Vans;Flüssiggas (LPG) (einschl. bivalent);2013;26
2022;Großraum-Vans;Flüssiggas (LPG) (einschl. bivalent);2014;23
2022;Großraum-Vans;Flüssiggas (LPG) (einschl. bivalent);2015;6
2022;Großraum-Vans;Flüssiggas (LPG) (einschl. bivalent);2016;12
2022;Großraum-Vans;Flüssiggas (LPG) (einschl. bivalent);2017;7
2022;Großraum-Vans;Flüssiggas (LPG) (einschl. bivalent);2018;9
2022;Großraum-Vans;Flüssiggas (LPG) (einschl. bivalent);2022;200
2022;Großraum-Vans;Erdgas (CNG) (einschl. bivalent);2001;2
2022;Großraum-Vans;Erdgas (CNG) (einschl. bivalent);2002;27
2022;Großraum-Vans;Erdgas (CNG) (einschl. bivalent);2003;37
2022;Großraum-Vans;Erdgas (CNG) (einschl. bivalent);2004;112
2022;Großraum-Vans;Erdgas (CNG) (einschl. bivalent);2005;164
2022;Großraum-Vans;Erdgas (CNG) (einschl. bivalent);2006;302
2022;Großraum-Vans;Erdgas (CNG) (einschl. bivalent);2007;415
2022;Großraum-Vans;Erdgas (CNG) (einschl. bivalent);2008;250
2022;Großraum-Vans;Erdgas (CNG) (einschl. bivalent);2009;179
2022;Großraum-Vans;Erdgas (CNG) (einschl. bivalent);2010;98
2022;Großraum-Vans;Erdgas (CNG) (einschl. bivalent);2011;120
2022;Großraum-Vans;Erdgas (CNG) (einschl. bivalent);2012;119
2022;Großraum-Vans;Erdgas (CNG) (einschl. bivalent);2013;77
2022;Großraum-Vans;Erdgas (CNG) (einschl. bivalent);2014;48
2022;Großraum-Vans;Erdgas (CNG) (einschl. bivalent);2015;23
2022;Großraum-Vans;Erdgas (CNG) (einschl. bivalent);2016;9
2022;Großraum-Vans;Erdgas (CNG) (einschl. bivalent);2017;10
2022;Großraum-Vans;Erdgas (CNG) (einschl. bivalent);2018;6
2022;Großraum-Vans;Erdgas (CNG) (einschl. bivalent);2019;1
2022;Großraum-Vans;Erdgas (CNG) (einschl. bivalent);2020;5
2022;Utilities;Benzin;1990;136
2022;Utilities;Benzin;1991;188
2022;Utilities;Benzin;1992;250
2022;Utilities;Benzin;1993;192
2022;Utilities;Benzin;1994;297
2022;Utilities;Benzin;1995;446
2022;Utilities;Benzin;1996;417
2022;Utilities;Benzin;1997;450
2022;Utilities;Benzin;1998;595
2022;Utilities;Benzin;1999;1036
2022;Utilities;Benzin;2000;1271
2022;Utilities;Benzin;2001;1499
2022;Utilities;Benzin;2002;1848
2022;Utilities;Benzin;2003;1980
2022;Utilities;Benzin;2004;1704
2022;Utilities;Benzin;2005;2406
2022;Utilities;Benzin;2006;1859
2022;Utilities;Benzin;2007;1263
2022;Utilities;Benzin;2008;1738
2022;Utilities;Benzin;2009;3077
2022;Utilities;Benzin;2010;1428
2022;Utilities;Benzin;2011;1544
2022;Utilities;Benzin;2012;1026
2022;Utilities;Benzin;2013;931
2022;Utilities;Benzin;2014;929
2022;Utilities;Benzin;2015;1038
2022;Utilities;Benzin;2016;1282
2022;Utilities;Benzin;2017;2644
2022;Utilities;Benzin;2018;3303
2022;Utilities;Benzin;2019;3075
2022;Utilities;Benzin;2020;2438
2022;Utilities;Benzin;2021;1527
2022;Utilities;Benzin;2022;2137
2022;Utilities;Diesel;1990;174
2022;Utilities;Diesel;1991;178
2022;Utilities;Diesel;1992;281
2022;Utilities;Diesel;1993;211
2022;Utilities;Diesel;1994;322
2022;Utilities;Diesel;1995;566
2022;Utilities;Diesel;1996;948
2022;Utilities;Diesel;1997;1106
2022;Utilities;Diesel;1998;1318
2022;Utilities;Diesel;1999;1716
2022;Utilities;Diesel;2000;1918
2022;Utilities;Diesel;2001;2207
2022;Utilities;Diesel;2002;2642
2022;Utilities;Diesel;2003;3319
2022;Utilities;Diesel;2004;4505
2022;Utilities;Diesel;2005;5405
2022;Utilities;Diesel;2006;6500
2022;Utilities;Diesel;2007;6521
2022;Utilities;Diesel;2008;6819
2022;Utilities;Diesel;2009;6713
2022;Utilities;Diesel;2010;6647
2022;Utilities;Diesel;2011;7306
2022;Utilities;Diesel;2012;6674
2022;Utilities;Diesel;2013;6460
2022;Utilities;Diesel;2014;6426
2022;Utilities;Diesel;2015;7431
2022;Utilities;Diesel;2016;9028
2022;Utilities;Diesel;2017;11938
2022;Utilities;Diesel;2018;12983
2022;Utilities;Diesel;2019;13055
2022;Utilities;Diesel;2020;8003
2022;Utilities;Diesel;2021;14290
2022;Utilities;Diesel;2022;8933
2022;Utilities;Elektro (BEV);2003;1
2022;Utilities;Elektro (BEV);2004;1
2022;Utilities;Elektro (BEV);2006;1
2022;Utilities;Elektro (BEV);2010;6
2022;Utilities;Elektro (BEV);2011;5
2022;Utilities;Elektro (BEV);2012;2
2022;Utilities;Elektro (BEV);2013;1
2022;Utilities;Elektro (BEV);2014;3
2022;Utilities;Elektro (BEV);2015;6
2022;Utilities;Elektro (BEV);2016;6
2022;Utilities;Elektro (BEV);2017;7
2022;Utilities;Elektro (BEV);2018;22
2022;Utilities;Elektro (BEV);2019;85
2022;Utilities;Elektro (BEV);2020;167
2022;Utilities;Elektro (BEV);2021;416
2022;Utilities;Elektro (BEV);2022;245
2022;Utilities;Hybrid;2019;13
2022;Utilities;Hybrid;2020;183
2022;Utilities;Hybrid;2021;582
2022;Utilities;Hybrid;2022;592
2022;Utilities;Sonstige;2000;1
2022;Utilities;Sonstige;2012;1
2022;Utilities;Flüssiggas (LPG) (einschl. bivalent);1990;12
2022;Utilities;Flüssiggas (LPG) (einschl. bivalent);1991;13
2022;Utilities;Flüssiggas (LPG) (einschl. bivalent);1992;27
2022;Utilities;Flüssiggas (LPG) (einschl. bivalent);1993;24
2022;Utilities;Flüssiggas (LPG) (einschl. bivalent);1994;41
2022;Utilities;Flüssiggas (LPG) (einschl. bivalent);1995;89
2022;Utilities;Flüssiggas (LPG) (einschl. bivalent);1996;82
2022;Utilities;Flüssiggas (LPG) (einschl. bivalent);1997;70
2022;Utilities;Flüssiggas (LPG) (einschl. bivalent);1998;52
2022;Utilities;Flüssiggas (LPG) (einschl. bivalent);1999;43
2022;Utilities;Flüssiggas (LPG) (einschl. bivalent);2000;28
2022;Utilities;Flüssiggas (LPG) (einschl. bivalent);2001;38
2022;Utilities;Flüssiggas (LPG) (einschl. bivalent);2002;51
2022;Utilities;Flüssiggas (LPG) (einschl. bivalent);2003;58
2022;Utilities;Flüssiggas (LPG) (einschl. bivalent);2004;53
2022;Utilities;Flüssiggas (LPG) (einschl. bivalent);2005;118
2022;Utilities;Flüssiggas (LPG) (einschl. bivalent);2006;103
2022;Utilities;Flüssiggas (LPG) (einschl. bivalent);2007;79
2022;Utilities;Flüssiggas (LPG) (einschl. bivalent);2008;217
2022;Utilities;Flüssiggas (LPG) (einschl. bivalent);2009;135
2022;Utilities;Flüssiggas (LPG) (einschl. bivalent);2010;63
2022;Utilities;Flüssiggas (LPG) (einschl. bivalent);2011;47
2022;Utilities;Flüssiggas (LPG) (einschl. bivalent);2012;48
2022;Utilities;Flüssiggas (LPG) (einschl. bivalent);2013;23
2022;Utilities;Flüssiggas (LPG) (einschl. bivalent);2014;54
2022;Utilities;Flüssiggas (LPG) (einschl. bivalent);2015;69
2022;Utilities;Flüssiggas (LPG) (einschl. bivalent);2016;3
2022;Utilities;Flüssiggas (LPG) (einschl. bivalent);2017;49
2022;Utilities;Flüssiggas (LPG) (einschl. bivalent);2018;75
2022;Utilities;Flüssiggas (LPG) (einschl. bivalent);2019;108
2022;Utilities;Flüssiggas (LPG) (einschl. bivalent);2020;1
2022;Utilities;Erdgas (CNG) (einschl. bivalent);1996;2
2022;Utilities;Erdgas (CNG) (einschl. bivalent);1997;1
2022;Utilities;Erdgas (CNG) (einschl. bivalent);1998;3
2022;Utilities;Erdgas (CNG) (einschl. bivalent);1999;2
2022;Utilities;Erdgas (CNG) (einschl. bivalent);2000;1
2022;Utilities;Erdgas (CNG) (einschl. bivalent);2001;4
2022;Utilities;Erdgas (CNG) (einschl. bivalent);2002;4
2022;Utilities;Erdgas (CNG) (einschl. bivalent);2003;4
2022;Utilities;Erdgas (CNG) (einschl. bivalent);2004;4
2022;Utilities;Erdgas (CNG) (einschl. bivalent);2005;69
2022;Utilities;Erdgas (CNG) (einschl. bivalent);2006;343
2022;Utilities;Erdgas (CNG) (einschl. bivalent);2007;277
2022;Utilities;Erdgas (CNG) (einschl. bivalent);2008;243
2022;Utilities;Erdgas (CNG) (einschl. bivalent);2009;202
2022;Utilities;Erdgas (CNG) (einschl. bivalent);2010;81
2022;Utilities;Erdgas (CNG) (einschl. bivalent);2011;130
2022;Utilities;Erdgas (CNG) (einschl. bivalent);2012;84
2022;Utilities;Erdgas (CNG) (einschl. bivalent);2013;55
2022;Utilities;Erdgas (CNG) (einschl. bivalent);2014;29
2022;Utilities;Erdgas (CNG) (einschl. bivalent);2015;23
2022;Utilities;Erdgas (CNG) (einschl. bivalent);2016;18
2022;Utilities;Erdgas (CNG) (einschl. bivalent);2017;43
2022;Utilities;Erdgas (CNG) (einschl. bivalent);2018;68
2022;Utilities;Erdgas (CNG) (einschl. bivalent);2019;66
2022;Utilities;Erdgas (CNG) (einschl. bivalent);2020;21
2022;Utilities;Erdgas (CNG) (einschl. bivalent);2021;11
2022;Utilities;Erdgas (CNG) (einschl. bivalent);2022;1
2022;Wohnmobile;Benzin;1990;58
2022;Wohnmobile;Benzin;1991;72
2022;Wohnmobile;Benzin;1992;83
2022;Wohnmobile;Benzin;1993;48
2022;Wohnmobile;Benzin;1994;42
2022;Wohnmobile;Benzin;1995;60
2022;Wohnmobile;Benzin;1996;31
2022;Wohnmobile;Benzin;1997;25
2022;Wohnmobile;Benzin;1998;39
2022;Wohnmobile;Benzin;1999;12
2022;Wohnmobile;Benzin;2000;12
2022;Wohnmobile;Benzin;2001;7
2022;Wohnmobile;Benzin;2002;7
2022;Wohnmobile;Benzin;2003;5
2022;Wohnmobile;Benzin;2004;6
2022;Wohnmobile;Benzin;2005;8
2022;Wohnmobile;Benzin;2006;5
2022;Wohnmobile;Benzin;2007;4
2022;Wohnmobile;Benzin;2008;5
2022;Wohnmobile;Benzin;2009;5
2022;Wohnmobile;Benzin;2010;5
2022;Wohnmobile;Benzin;2011;2
2022;Wohnmobile;Benzin;2012;6
2022;Wohnmobile;Benzin;2013;2
2022;Wohnmobile;Benzin;2014;4
2022;Wohnmobile;Benzin;2015;3
2022;Wohnmobile;Benzin;2016;8
2022;Wohnmobile;Benzin;2017;19
2022;Wohnmobile;Benzin;2018;17
2022;Wohnmobile;Benzin;2019;12
2022;Wohnmobile;Benzin;2020;14
2022;Wohnmobile;Benzin;2021;25
2022;Wohnmobile;Benzin;2022;46
2022;Wohnmobile;Diesel;1990;1007
2022;Wohnmobile;Diesel;1991;1205
2022;Wohnmobile;Diesel;1992;1387
2022;Wohnmobile;Diesel;1993;1219
2022;Wohnmobile;Diesel;1994;1085
2022;Wohnmobile;Diesel;1995;1167
2022;Wohnmobile;Diesel;1996;1287
2022;Wohnmobile;Diesel;1997;1295
2022;Wohnmobile;Diesel;1998;1301
2022;Wohnmobile;Diesel;1999;1569
2022;Wohnmobile;Diesel;2000;1721
2022;Wohnmobile;Diesel;2001;1849
2022;Wohnmobile;Diesel;2002;1647
2022;Wohnmobile;Diesel;2003;1651
2022;Wohnmobile;Diesel;2004;1705
2022;Wohnmobile;Diesel;2005;1718
2022;Wohnmobile;Diesel;2006;1866
2022;Wohnmobile;Diesel;2007;1823
2022;Wohnmobile;Diesel;2008;1890
2022;Wohnmobile;Diesel;2009;1589
2022;Wohnmobile;Diesel;2010;1608
2022;Wohnmobile;Diesel;2011;1826
2022;Wohnmobile;Diesel;2012;1858
2022;Wohnmobile;Diesel;2013;1942
2022;Wohnmobile;Diesel;2014;1977
2022;Wohnmobile;Diesel;2015;2265
2022;Wohnmobile;Diesel;2016;2747
2022;Wohnmobile;Diesel;2017;3171
2022;Wohnmobile;Diesel;2018;3665
2022;Wohnmobile;Diesel;2019;4464
2022;Wohnmobile;Diesel;2020;6504
2022;Wohnmobile;Diesel;2021;10141
2022;Wohnmobile;Diesel;2022;11880
2022;Wohnmobile;Elektro (BEV);2015;1
2022;Wohnmobile;Elektro (BEV);2022;1
2022;Wohnmobile;Hybrid;2019;1
2022;Wohnmobile;Hybrid;2021;2
2022;Wohnmobile;Hybrid;2022;12
2022;Wohnmobile;Sonstige;1992;1
2022;Wohnmobile;Sonstige;1996;1
2022;Wohnmobile;Sonstige;2009;1
2022;Wohnmobile;Sonstige;2012;1
2022;Wohnmobile;Sonstige;2013;1
2022;Wohnmobile;Sonstige;2019;2
2022;Wohnmobile;Sonstige;2021;1
2022;Wohnmobile;Sonstige;2022;3
2022;Wohnmobile;Flüssiggas (LPG) (einschl. bivalent);1990;16
2022;Wohnmobile;Flüssiggas (LPG) (einschl. bivalent);1991;14
2022;Wohnmobile;Flüssiggas (LPG) (einschl. bivalent);1992;22
2022;Wohnmobile;Flüssiggas (LPG) (einschl. bivalent);1993;18
2022;Wohnmobile;Flüssiggas (LPG) (einschl. bivalent);1994;22
2022;Wohnmobile;Flüssiggas (LPG) (einschl. bivalent);1995;29
2022;Wohnmobile;Flüssiggas (LPG) (einschl. bivalent);1996;15
2022;Wohnmobile;Flüssiggas (LPG) (einschl. bivalent);1997;19
2022;Wohnmobile;Flüssiggas (LPG) (einschl. bivalent);1998;8
2022;Wohnmobile;Flüssiggas (LPG) (einschl. bivalent);1999;13
2022;Wohnmobile;Flüssiggas (LPG) (einschl. bivalent);2000;7
2022;Wohnmobile;Flüssiggas (LPG) (einschl. bivalent);2001;4
2022;Wohnmobile;Flüssiggas (LPG) (einschl. bivalent);2002;2
2022;Wohnmobile;Flüssiggas (LPG) (einschl. bivalent);2003;3
2022;Wohnmobile;Flüssiggas (LPG) (einschl. bivalent);2005;8
2022;Wohnmobile;Flüssiggas (LPG) (einschl. bivalent);2007;4
2022;Wohnmobile;Flüssiggas (LPG) (einschl. bivalent);2008;3
2022;Wohnmobile;Flüssiggas (LPG) (einschl. bivalent);2009;1
2022;Wohnmobile;Flüssiggas (LPG) (einschl. bivalent);2010;3
2022;Wohnmobile;Flüssiggas (LPG) (einschl. bivalent);2011;1
2022;Wohnmobile;Flüssiggas (LPG) (einschl. bivalent);2012;2
2022;Wohnmobile;Flüssiggas (LPG) (einschl. bivalent);2013;1
2022;Wohnmobile;Flüssiggas (LPG) (einschl. bivalent);2016;1
2022;Wohnmobile;Flüssiggas (LPG) (einschl. bivalent);2020;1
2022;Wohnmobile;Flüssiggas (LPG) (einschl. bivalent);2021;2
2022;Wohnmobile;Erdgas (CNG) (einschl. bivalent);1997;1
2022;Wohnmobile;Erdgas (CNG) (einschl. bivalent);1999;2
2022;Wohnmobile;Erdgas (CNG) (einschl. bivalent);2001;1
2022;Wohnmobile;Erdgas (CNG) (einschl. bivalent);2003;1
2022;Wohnmobile;Erdgas (CNG) (einschl. bivalent);2004;1
2022;Wohnmobile;Erdgas (CNG) (einschl. bivalent);2005;4
2022;Wohnmobile;Erdgas (CNG) (einschl. bivalent);2006;4
2022;Wohnmobile;Erdgas (CNG) (einschl. bivalent);2007;1
2022;Wohnmobile;Erdgas (CNG) (einschl. bivalent);2011;1
2022;Wohnmobile;Erdgas (CNG) (einschl. bivalent);2012;1
2022;Wohnmobile;Erdgas (CNG) (einschl. bivalent);2013;1
2022;Wohnmobile;Erdgas (CNG) (einschl. bivalent);2014;1
2022;Wohnmobile;Erdgas (CNG) (einschl. bivalent);2020;1
2022;Wohnmobile;Erdgas (CNG) (einschl. bivalent);2021;2
2022;Sonstige;Benzin;1904;1
2022;Sonstige;Benzin;1908;2
2022;Sonstige;Benzin;1911;2
2022;Sonstige;Benzin;1912;2
2022;Sonstige;Benzin;1913;3
2022;Sonstige;Benzin;1914;4
2022;Sonstige;Benzin;1915;4
2022;Sonstige;Benzin;1916;4
2022;Sonstige;Benzin;1917;3
2022;Sonstige;Benzin;1919;1
2022;Sonstige;Benzin;1920;2
2022;Sonstige;Benzin;1922;7
2022;Sonstige;Benzin;1923;3
2022;Sonstige;Benzin;1924;9
2022;Sonstige;Benzin;1925;6
2022;Sonstige;Benzin;1926;9
2022;Sonstige;Benzin;1927;20
2022;Sonstige;Benzin;1928;31
2022;Sonstige;Benzin;1929;66
2022;Sonstige;Benzin;1930;67
2022;Sonstige;Benzin;1931;62
2022;Sonstige;Benzin;1932;43
2022;Sonstige;Benzin;1933;27
2022;Sonstige;Benzin;1934;43
2022;Sonstige;Benzin;1935;36
2022;Sonstige;Benzin;1936;56
2022;Sonstige;Benzin;1937;73
2022;Sonstige;Benzin;1938;64
2022;Sonstige;Benzin;1939;48
2022;Sonstige;Benzin;1940;17
2022;Sonstige;Benzin;1941;18
2022;Sonstige;Benzin;1942;21
2022;Sonstige;Benzin;1943;23
2022;Sonstige;Benzin;1944;19
2022;Sonstige;Benzin;1945;8
2022;Sonstige;Benzin;1946;8
2022;Sonstige;Benzin;1947;27
2022;Sonstige;Benzin;1948;33
2022;Sonstige;Benzin;1949;55
2022;Sonstige;Benzin;1950;83
2022;Sonstige;Benzin;1951;95
2022;Sonstige;Benzin;1952;115
2022;Sonstige;Benzin;1953;119
2022;Sonstige;Benzin;1954;153
2022;Sonstige;Benzin;1955;208
2022;Sonstige;Benzin;1956;255
2022;Sonstige;Benzin;1957;322
2022;Sonstige;Benzin;1958;346
2022;Sonstige;Benzin;1959;447
2022;Sonstige;Benzin;1960;466
2022;Sonstige;Benzin;1961;404
2022;Sonstige;Benzin;1962;517
2022;Sonstige;Benzin;1963;455
2022;Sonstige;Benzin;1964;673
2022;Sonstige;Benzin;1965;861
2022;Sonstige;Benzin;1966;941
2022;Sonstige;Benzin;1967;1091
2022;Sonstige;Benzin;1968;1117
2022;Sonstige;Benzin;1969;1147
2022;Sonstige;Benzin;1970;1239
2022;Sonstige;Benzin;1971;1430
2022;Sonstige;Benzin;1972;1601
2022;Sonstige;Benzin;1973;1533
2022;Sonstige;Benzin;1974;1037
2022;Sonstige;Benzin;1975;959
2022;Sonstige;Benzin;1976;1083
2022;Sonstige;Benzin;1977;1241
2022;Sonstige;Benzin;1978;1533
2022;Sonstige;Benzin;1979;1728
2022;Sonstige;Benzin;1980;1382
2022;Sonstige;Benzin;1981;1522
2022;Sonstige;Benzin;1982;1701
2022;Sonstige;Benzin;1983;2307
2022;Sonstige;Benzin;1984;2205
2022;Sonstige;Benzin;1985;2351
2022;Sonstige;Benzin;1986;3208
2022;Sonstige;Benzin;1987;4430
2022;Sonstige;Benzin;1988;5359
2022;Sonstige;Benzin;1989;7633
2022;Sonstige;Benzin;1990;1687
2022;Sonstige;Benzin;1991;1608
2022;Sonstige;Benzin;1992;1329
2022;Sonstige;Benzin;1993;1166
2022;Sonstige;Benzin;1994;1189
2022;Sonstige;Benzin;1995;1944
2022;Sonstige;Benzin;1996;2174
2022;Sonstige;Benzin;1997;2195
2022;Sonstige;Benzin;1998;1683
2022;Sonstige;Benzin;1999;1594
2022;Sonstige;Benzin;2000;1799
2022;Sonstige;Benzin;2001;2435
2022;Sonstige;Benzin;2002;2413
2022;Sonstige;Benzin;2003;2713
2022;Sonstige;Benzin;2004;2453
2022;Sonstige;Benzin;2005;2563
2022;Sonstige;Benzin;2006;1108
2022;Sonstige;Benzin;2007;700
2022;Sonstige;Benzin;2008;717
2022;Sonstige;Benzin;2009;877
2022;Sonstige;Benzin;2010;580
2022;Sonstige;Benzin;2011;628
2022;Sonstige;Benzin;2012;839
2022;Sonstige;Benzin;2013;993
2022;Sonstige;Benzin;2014;1023
2022;Sonstige;Benzin;2015;1181
2022;Sonstige;Benzin;2016;1266
2022;Sonstige;Benzin;2017;1349
2022;Sonstige;Benzin;2018;1431
2022;Sonstige;Benzin;2019;1529
2022;Sonstige;Benzin;2020;1348
2022;Sonstige;Benzin;2021;1729
2022;Sonstige;Benzin;2022;1912
2022;Sonstige;Diesel;1914;1
2022;Sonstige;Diesel;1920;1
2022;Sonstige;Diesel;1922;1
2022;Sonstige;Diesel;1950;6
2022;Sonstige;Diesel;1951;12
2022;Sonstige;Diesel;1952;11
2022;Sonstige;Diesel;1953;10
2022;Sonstige;Diesel;1954;13
2022;Sonstige;Diesel;1955;1
2022;Sonstige;Diesel;1956;8
2022;Sonstige;Diesel;1957;4
2022;Sonstige;Diesel;1958;9
2022;Sonstige;Diesel;1959;4
2022;Sonstige;Diesel;1960;14
2022;Sonstige;Diesel;1961;15
2022;Sonstige;Diesel;1962;15
2022;Sonstige;Diesel;1963;11
2022;Sonstige;Diesel;1964;10
2022;Sonstige;Diesel;1965;35
2022;Sonstige;Diesel;1966;37
2022;Sonstige;Diesel;1967;35
2022;Sonstige;Diesel;1968;34
2022;Sonstige;Diesel;1969;24
2022;Sonstige;Diesel;1970;37
2022;Sonstige;Diesel;1971;71
2022;Sonstige;Diesel;1972;60
2022;Sonstige;Diesel;1973;78
2022;Sonstige;Diesel;1974;42
2022;Sonstige;Diesel;1975;79
2022;Sonstige;Diesel;1976;86
2022;Sonstige;Diesel;1977;94
2022;Sonstige;Diesel;1978;146
2022;Sonstige;Diesel;1979;185
2022;Sonstige;Diesel;1980;243
2022;Sonstige;Diesel;1981;309
2022;Sonstige;Diesel;1982;436
2022;Sonstige;Diesel;1983;460
2022;Sonstige;Diesel;1984;476
2022;Sonstige;Diesel;1985;649
2022;Sonstige;Diesel;1986;960
2022;Sonstige;Diesel;1987;1073
2022;Sonstige;Diesel;1988;1153
2022;Sonstige;Diesel;1989;1338
2022;Sonstige;Diesel;1990;45
2022;Sonstige;Diesel;1991;40
2022;Sonstige;Diesel;1992;39
2022;Sonstige;Diesel;1993;32
2022;Sonstige;Diesel;1994;61
2022;Sonstige;Diesel;1995;122
2022;Sonstige;Diesel;1996;115
2022;Sonstige;Diesel;1997;112
2022;Sonstige;Diesel;1998;125
2022;Sonstige;Diesel;1999;195
2022;Sonstige;Diesel;2000;484
2022;Sonstige;Diesel;2001;1039
2022;Sonstige;Diesel;2002;881
2022;Sonstige;Diesel;2003;835
2022;Sonstige;Diesel;2004;798
2022;Sonstige;Diesel;2005;430
2022;Sonstige;Diesel;2006;183
2022;Sonstige;Diesel;2007;150
2022;Sonstige;Diesel;2008;104
2022;Sonstige;Diesel;2009;128
2022;Sonstige;Diesel;2010;92
2022;Sonstige;Diesel;2011;204
2022;Sonstige;Diesel;2012;258
2022;Sonstige;Diesel;2013;122
2022;Sonstige;Diesel;2014;117
2022;Sonstige;Diesel;2015;114
2022;Sonstige;Diesel;2016;116
2022;Sonstige;Diesel;2017;76
2022;Sonstige;Diesel;2018;64
2022;Sonstige;Diesel;2019;187
2022;Sonstige;Diesel;2020;83
2022;Sonstige;Diesel;2021;146
2022;Sonstige;Diesel;2022;58
2022;Sonstige;Elektro (BEV);1966;1
2022;Sonstige;Elektro (BEV);1969;1
2022;Sonstige;Elektro (BEV);1973;2
2022;Sonstige;Elektro (BEV);1974;1
2022;Sonstige;Elektro (BEV);1975;1
2022;Sonstige;Elektro (BEV);1976;1
2022;Sonstige;Elektro (BEV);1985;2
2022;Sonstige;Elektro (BEV);1987;1
2022;Sonstige;Elektro (BEV);1988;1
2022;Sonstige;Elektro (BEV);1989;2
2022;Sonstige;Elektro (BEV);1990;2
2022;Sonstige;Elektro (BEV);1991;6
2022;Sonstige;Elektro (BEV);1992;7
2022;Sonstige;Elektro (BEV);1993;4
2022;Sonstige;Elektro (BEV);1994;1
2022;Sonstige;Elektro (BEV);1995;5
2022;Sonstige;Elektro (BEV);1996;4
2022;Sonstige;Elektro (BEV);1997;3
2022;Sonstige;Elektro (BEV);1998;2
2022;Sonstige;Elektro (BEV);1999;5
2022;Sonstige;Elektro (BEV);2000;5
2022;Sonstige;Elektro (BEV);2001;3
2022;Sonstige;Elektro (BEV);2002;4
2022;Sonstige;Elektro (BEV);2004;2
2022;Sonstige;Elektro (BEV);2007;1
2022;Sonstige;Elektro (BEV);2009;3
2022;Sonstige;Elektro (BEV);2010;12
2022;Sonstige;Elektro (BEV);2011;15
2022;Sonstige;Elektro (BEV);2012;17
2022;Sonstige;Elektro (BEV);2013;9
2022;Sonstige;Elektro (BEV);2014;14
2022;Sonstige;Elektro (BEV);2015;25
2022;Sonstige;Elektro (BEV);2016;26
2022;Sonstige;Elektro (BEV);2017;16
2022;Sonstige;Elektro (BEV);2018;19
2022;Sonstige;Elektro (BEV);2019;71
2022;Sonstige;Elektro (BEV);2020;225
2022;Sonstige;Elektro (BEV);2021;823
2022;Sonstige;Elektro (BEV);2022;360
2022;Sonstige;Hybrid;1917;1
2022;Sonstige;Hybrid;1962;1
2022;Sonstige;Hybrid;1966;1
2022;Sonstige;Hybrid;1985;1
2022;Sonstige;Hybrid;1988;1
2022;Sonstige;Hybrid;1989;3
2022;Sonstige;Hybrid;1994;1
2022;Sonstige;Hybrid;2004;1
2022;Sonstige;Hybrid;2005;3
2022;Sonstige;Hybrid;2006;1
2022;Sonstige;Hybrid;2007;5
2022;Sonstige;Hybrid;2008;11
2022;Sonstige;Hybrid;2009;4
2022;Sonstige;Hybrid;2010;6
2022;Sonstige;Hybrid;2011;4
2022;Sonstige;Hybrid;2012;19
2022;Sonstige;Hybrid;2013;25
2022;Sonstige;Hybrid;2014;24
2022;Sonstige;Hybrid;2015;32
2022;Sonstige;Hybrid;2016;15
2022;Sonstige;Hybrid;2017;14
2022;Sonstige;Hybrid;2018;41
2022;Sonstige;Hybrid;2019;147
2022;Sonstige;Hybrid;2020;228
2022;Sonstige;Hybrid;2021;337
2022;Sonstige;Hybrid;2022;269
2022;Sonstige;Sonstige;1959;2
2022;Sonstige;Sonstige;1961;1
2022;Sonstige;Sonstige;1965;1
2022;Sonstige;Sonstige;1966;2
2022;Sonstige;Sonstige;1969;1
2022;Sonstige;Sonstige;1971;1
2022;Sonstige;Sonstige;1972;1
2022;Sonstige;Sonstige;1974;1
2022;Sonstige;Sonstige;1976;1
2022;Sonstige;Sonstige;1978;2
2022;Sonstige;Sonstige;1979;1
2022;Sonstige;Sonstige;1981;1
2022;Sonstige;Sonstige;1983;1
2022;Sonstige;Sonstige;1984;1
2022;Sonstige;Sonstige;1988;1
2022;Sonstige;Sonstige;1989;1
2022;Sonstige;Sonstige;1995;1
2022;Sonstige;Sonstige;1999;1
2022;Sonstige;Sonstige;2002;1
2022;Sonstige;Sonstige;2008;1
2022;Sonstige;Sonstige;2011;1
2022;Sonstige;Sonstige;2012;2
2022;Sonstige;Sonstige;2013;2
2022;Sonstige;Sonstige;2015;1
2022;Sonstige;Sonstige;2016;8
2022;Sonstige;Sonstige;2017;25
2022;Sonstige;Sonstige;2018;13
2022;Sonstige;Sonstige;2019;34
2022;Sonstige;Sonstige;2020;34
2022;Sonstige;Sonstige;2021;2
2022;Sonstige;Sonstige;2022;58
2022;Sonstige;Flüssiggas (LPG) (einschl. bivalent);1937;1
2022;Sonstige;Flüssiggas (LPG) (einschl. bivalent);1957;1
2022;Sonstige;Flüssiggas (LPG) (einschl. bivalent);1960;1
2022;Sonstige;Flüssiggas (LPG) (einschl. bivalent);1963;1
2022;Sonstige;Flüssiggas (LPG) (einschl. bivalent);1965;5
2022;Sonstige;Flüssiggas (LPG) (einschl. bivalent);1966;1
2022;Sonstige;Flüssiggas (LPG) (einschl. bivalent);1967;2
2022;Sonstige;Flüssiggas (LPG) (einschl. bivalent);1968;2
2022;Sonstige;Flüssiggas (LPG) (einschl. bivalent);1969;1
2022;Sonstige;Flüssiggas (LPG) (einschl. bivalent);1970;4
2022;Sonstige;Flüssiggas (LPG) (einschl. bivalent);1971;4
2022;Sonstige;Flüssiggas (LPG) (einschl. bivalent);1972;9
2022;Sonstige;Flüssiggas (LPG) (einschl. bivalent);1973;3
2022;Sonstige;Flüssiggas (LPG) (einschl. bivalent);1974;6
2022;Sonstige;Flüssiggas (LPG) (einschl. bivalent);1975;3
2022;Sonstige;Flüssiggas (LPG) (einschl. bivalent);1976;7
2022;Sonstige;Flüssiggas (LPG) (einschl. bivalent);1977;6
2022;Sonstige;Flüssiggas (LPG) (einschl. bivalent);1978;7
2022;Sonstige;Flüssiggas (LPG) (einschl. bivalent);1979;10
2022;Sonstige;Flüssiggas (LPG) (einschl. bivalent);1980;13
2022;Sonstige;Flüssiggas (LPG) (einschl. bivalent);1981;8
2022;Sonstige;Flüssiggas (LPG) (einschl. bivalent);1982;12
2022;Sonstige;Flüssiggas (LPG) (einschl. bivalent);1983;20
2022;Sonstige;Flüssiggas (LPG) (einschl. bivalent);1984;19
2022;Sonstige;Flüssiggas (LPG) (einschl. bivalent);1985;14
2022;Sonstige;Flüssiggas (LPG) (einschl. bivalent);1986;25
2022;Sonstige;Flüssiggas (LPG) (einschl. bivalent);1987;42
2022;Sonstige;Flüssiggas (LPG) (einschl. bivalent);1988;46
2022;Sonstige;Flüssiggas (LPG) (einschl. bivalent);1989;88
2022;Sonstige;Flüssiggas (LPG) (einschl. bivalent);1990;48
2022;Sonstige;Flüssiggas (LPG) (einschl. bivalent);1991;42
2022;Sonstige;Flüssiggas (LPG) (einschl. bivalent);1992;34
2022;Sonstige;Flüssiggas (LPG) (einschl. bivalent);1993;27
2022;Sonstige;Flüssiggas (LPG) (einschl. bivalent);1994;40
2022;Sonstige;Flüssiggas (LPG) (einschl. bivalent);1995;72
2022;Sonstige;Flüssiggas (LPG) (einschl. bivalent);1996;68
2022;Sonstige;Flüssiggas (LPG) (einschl. bivalent);1997;86
2022;Sonstige;Flüssiggas (LPG) (einschl. bivalent);1998;101
2022;Sonstige;Flüssiggas (LPG) (einschl. bivalent);1999;104
2022;Sonstige;Flüssiggas (LPG) (einschl. bivalent);2000;107
2022;Sonstige;Flüssiggas (LPG) (einschl. bivalent);2001;141
2022;Sonstige;Flüssiggas (LPG) (einschl. bivalent);2002;158
2022;Sonstige;Flüssiggas (LPG) (einschl. bivalent);2003;110
2022;Sonstige;Flüssiggas (LPG) (einschl. bivalent);2004;147
2022;Sonstige;Flüssiggas (LPG) (einschl. bivalent);2005;188
2022;Sonstige;Flüssiggas (LPG) (einschl. bivalent);2006;134
2022;Sonstige;Flüssiggas (LPG) (einschl. bivalent);2007;105
2022;Sonstige;Flüssiggas (LPG) (einschl. bivalent);2008;136
2022;Sonstige;Flüssiggas (LPG) (einschl. bivalent);2009;70
2022;Sonstige;Flüssiggas (LPG) (einschl. bivalent);2010;66
2022;Sonstige;Flüssiggas (LPG) (einschl. bivalent);2011;59
2022;Sonstige;Flüssiggas (LPG) (einschl. bivalent);2012;39
2022;Sonstige;Flüssiggas (LPG) (einschl. bivalent);2013;38
2022;Sonstige;Flüssiggas (LPG) (einschl. bivalent);2014;64
2022;Sonstige;Flüssiggas (LPG) (einschl. bivalent);2015;62
2022;Sonstige;Flüssiggas (LPG) (einschl. bivalent);2016;53
2022;Sonstige;Flüssiggas (LPG) (einschl. bivalent);2017;77
2022;Sonstige;Flüssiggas (LPG) (einschl. bivalent);2018;83
2022;Sonstige;Flüssiggas (LPG) (einschl. bivalent);2019;82
2022;Sonstige;Flüssiggas (LPG) (einschl. bivalent);2020;38
2022;Sonstige;Flüssiggas (LPG) (einschl. bivalent);2021;41
2022;Sonstige;Flüssiggas (LPG) (einschl. bivalent);2022;32
2022;Sonstige;Erdgas (CNG) (einschl. bivalent);1973;1
2022;Sonstige;Erdgas (CNG) (einschl. bivalent);1998;1
2022;Sonstige;Erdgas (CNG) (einschl. bivalent);2000;2
2022;Sonstige;Erdgas (CNG) (einschl. bivalent);2001;2
2022;Sonstige;Erdgas (CNG) (einschl. bivalent);2002;2
2022;Sonstige;Erdgas (CNG) (einschl. bivalent);2003;6
2022;Sonstige;Erdgas (CNG) (einschl. bivalent);2004;1
2022;Sonstige;Erdgas (CNG) (einschl. bivalent);2006;1
2022;Sonstige;Erdgas (CNG) (einschl. bivalent);2012;4
2022;Sonstige;Erdgas (CNG) (einschl. bivalent);2013;5
2022;Sonstige;Erdgas (CNG) (einschl. bivalent);2014;1
2022;Sonstige;Erdgas (CNG) (einschl. bivalent);2017;1
2023;Minis;Benzin;1990;75
2023;Minis;Benzin;1991;147
2023;Minis;Benzin;1992;188
2023;Minis;Benzin;1993;265
2023;Minis;Benzin;1994;290
2023;Minis;Benzin;1995;459
2023;Minis;Benzin;1996;824
2023;Minis;Benzin;1997;1293
2023;Minis;Benzin;1998;3335
2023;Minis;Benzin;1999;7932
2023;Minis;Benzin;2000;10114
2023;Minis;Benzin;2001;12779
2023;Minis;Benzin;2002;13967
2023;Minis;Benzin;2003;13371
2023;Minis;Benzin;2004;13053
2023;Minis;Benzin;2005;14882
2023;Minis;Benzin;2006;17030
2023;Minis;Benzin;2007;15273
2023;Minis;Benzin;2008;17036
2023;Minis;Benzin;2009;29860
2023;Minis;Benzin;2010;16582
2023;Minis;Benzin;2011;13047
2023;Minis;Benzin;2012;15199
2023;Minis;Benzin;2013;14295
2023;Minis;Benzin;2014;14685
2023;Minis;Benzin;2015;15114
2023;Minis;Benzin;2016;14714
2023;Minis;Benzin;2017;14593
2023;Minis;Benzin;2018;19957
2023;Minis;Benzin;2019;27262
2023;Minis;Benzin;2020;12609
2023;Minis;Benzin;2021;5308
2023;Minis;Benzin;2022;5265
2023;Minis;Benzin;2023;6770
2023;Minis;Diesel;1993;1
2023;Minis;Diesel;1994;1
2023;Minis;Diesel;1995;1
2023;Minis;Diesel;1996;2
2023;Minis;Diesel;1997;1
2023;Minis;Diesel;1998;31
2023;Minis;Diesel;1999;249
2023;Minis;Diesel;2000;874
2023;Minis;Diesel;2001;1088
2023;Minis;Diesel;2002;1033
2023;Minis;Diesel;2003;773
2023;Minis;Diesel;2004;671
2023;Minis;Diesel;2005;587
2023;Minis;Diesel;2006;867
2023;Minis;Diesel;2007;714
2023;Minis;Diesel;2008;924
2023;Minis;Diesel;2009;699
2023;Minis;Diesel;2010;556
2023;Minis;Diesel;2011;498
2023;Minis;Diesel;2012;294
2023;Minis;Diesel;2013;403
2023;Minis;Diesel;2014;233
2023;Minis;Diesel;2015;226
2023;Minis;Diesel;2016;200
2023;Minis;Diesel;2017;87
2023;Minis;Diesel;2018;51
2023;Minis;Diesel;2019;49
2023;Minis;Diesel;2020;24
2023;Minis;Diesel;2021;35
2023;Minis;Diesel;2022;22
2023;Minis;Diesel;2023;1
2023;Minis;Elektro (BEV);1998;1
2023;Minis;Elektro (BEV);1999;4
2023;Minis;Elektro (BEV);2000;1
2023;Minis;Elektro (BEV);2001;3
2023;Minis;Elektro (BEV);2002;2
2023;Minis;Elektro (BEV);2004;1
2023;Minis;Elektro (BEV);2009;3
2023;Minis;Elektro (BEV);2010;14
2023;Minis;Elektro (BEV);2011;105
2023;Minis;Elektro (BEV);2012;97
2023;Minis;Elektro (BEV);2013;138
2023;Minis;Elektro (BEV);2014;143
2023;Minis;Elektro (BEV);2015;62
2023;Minis;Elektro (BEV);2016;50
2023;Minis;Elektro (BEV);2017;278
2023;Minis;Elektro (BEV);2018;579
2023;Minis;Elektro (BEV);2019;1322
2023;Minis;Elektro (BEV);2020;6110
2023;Minis;Elektro (BEV);2021;7484
2023;Minis;Elektro (BEV);2022;12664
2023;Minis;Elektro (BEV);2023;1701
2023;Minis;Hybrid;2006;1
2023;Minis;Hybrid;2020;1114
2023;Minis;Hybrid;2021;2479
2023;Minis;Hybrid;2022;3978
2023;Minis;Hybrid;2023;20725
2023;Minis;Sonstige;2007;1
2023;Minis;Sonstige;2009;1
2023;Minis;Flüssiggas (LPG) (einschl. bivalent);1993;1
2023;Minis;Flüssiggas (LPG) (einschl. bivalent);1996;2
2023;Minis;Flüssiggas (LPG) (einschl. bivalent);1997;1
2023;Minis;Flüssiggas (LPG) (einschl. bivalent);1998;3
2023;Minis;Flüssiggas (LPG) (einschl. bivalent);1999;11
2023;Minis;Flüssiggas (LPG) (einschl. bivalent);2000;17
2023;Minis;Flüssiggas (LPG) (einschl. bivalent);2001;29
2023;Minis;Flüssiggas (LPG) (einschl. bivalent);2002;37
2023;Minis;Flüssiggas (LPG) (einschl. bivalent);2003;53
2023;Minis;Flüssiggas (LPG) (einschl. bivalent);2004;77
2023;Minis;Flüssiggas (LPG) (einschl. bivalent);2005;100
2023;Minis;Flüssiggas (LPG) (einschl. bivalent);2006;136
2023;Minis;Flüssiggas (LPG) (einschl. bivalent);2007;157
2023;Minis;Flüssiggas (LPG) (einschl. bivalent);2008;240
2023;Minis;Flüssiggas (LPG) (einschl. bivalent);2009;225
2023;Minis;Flüssiggas (LPG) (einschl. bivalent);2010;129
2023;Minis;Flüssiggas (LPG) (einschl. bivalent);2011;76
2023;Minis;Flüssiggas (LPG) (einschl. bivalent);2012;123
2023;Minis;Flüssiggas (LPG) (einschl. bivalent);2013;49
2023;Minis;Flüssiggas (LPG) (einschl. bivalent);2014;96
2023;Minis;Flüssiggas (LPG) (einschl. bivalent);2015;124
2023;Minis;Flüssiggas (LPG) (einschl. bivalent);2016;75
2023;Minis;Flüssiggas (LPG) (einschl. bivalent);2017;56
2023;Minis;Flüssiggas (LPG) (einschl. bivalent);2018;36
2023;Minis;Flüssiggas (LPG) (einschl. bivalent);2019;17
2023;Minis;Flüssiggas (LPG) (einschl. bivalent);2020;20
2023;Minis;Flüssiggas (LPG) (einschl. bivalent);2021;5
2023;Minis;Flüssiggas (LPG) (einschl. bivalent);2022;4
2023;Minis;Erdgas (CNG) (einschl. bivalent);1998;1
2023;Minis;Erdgas (CNG) (einschl. bivalent);2000;1
2023;Minis;Erdgas (CNG) (einschl. bivalent);2001;2
2023;Minis;Erdgas (CNG) (einschl. bivalent);2003;3
2023;Minis;Erdgas (CNG) (einschl. bivalent);2004;3
2023;Minis;Erdgas (CNG) (einschl. bivalent);2005;5
2023;Minis;Erdgas (CNG) (einschl. bivalent);2006;4
2023;Minis;Erdgas (CNG) (einschl. bivalent);2007;40
2023;Minis;Erdgas (CNG) (einschl. bivalent);2008;59
2023;Minis;Erdgas (CNG) (einschl. bivalent);2009;33
2023;Minis;Erdgas (CNG) (einschl. bivalent);2010;18
2023;Minis;Erdgas (CNG) (einschl. bivalent);2011;23
2023;Minis;Erdgas (CNG) (einschl. bivalent);2012;9
2023;Minis;Erdgas (CNG) (einschl. bivalent);2013;304
2023;Minis;Erdgas (CNG) (einschl. bivalent);2014;229
2023;Minis;Erdgas (CNG) (einschl. bivalent);2015;122
2023;Minis;Erdgas (CNG) (einschl. bivalent);2016;81
2023;Minis;Erdgas (CNG) (einschl. bivalent);2017;57
2023;Minis;Erdgas (CNG) (einschl. bivalent);2018;232
2023;Minis;Erdgas (CNG) (einschl. bivalent);2019;211
2023;Minis;Erdgas (CNG) (einschl. bivalent);2020;78
2023;Minis;Erdgas (CNG) (einschl. bivalent);2021;22
2023;Minis;Erdgas (CNG) (einschl. bivalent);2022;8
2023;Minis;Erdgas (CNG) (einschl. bivalent);2023;23
2023;Kleinwagen;Benzin;1990;584
2023;Kleinwagen;Benzin;1991;1189
2023;Kleinwagen;Benzin;1992;1263
2023;Kleinwagen;Benzin;1993;1526
2023;Kleinwagen;Benzin;1994;1857
2023;Kleinwagen;Benzin;1995;4029
2023;Kleinwagen;Benzin;1996;7202
2023;Kleinwagen;Benzin;1997;8601
2023;Kleinwagen;Benzin;1998;10848
2023;Kleinwagen;Benzin;1999;14987
2023;Kleinwagen;Benzin;2000;22426
2023;Kleinwagen;Benzin;2001;31934
2023;Kleinwagen;Benzin;2002;45318
2023;Kleinwagen;Benzin;2003;54036
2023;Kleinwagen;Benzin;2004;54456
2023;Kleinwagen;Benzin;2005;54143
2023;Kleinwagen;Benzin;2006;60814
2023;Kleinwagen;Benzin;2007;51630
2023;Kleinwagen;Benzin;2008;49752
2023;Kleinwagen;Benzin;2009;70731
2023;Kleinwagen;Benzin;2010;40227
2023;Kleinwagen;Benzin;2011;37706
2023;Kleinwagen;Benzin;2012;31998
2023;Kleinwagen;Benzin;2013;26651
2023;Kleinwagen;Benzin;2014;26411
2023;Kleinwagen;Benzin;2015;25445
2023;Kleinwagen;Benzin;2016;26069
2023;Kleinwagen;Benzin;2017;26961
2023;Kleinwagen;Benzin;2018;33470
2023;Kleinwagen;Benzin;2019;52874
2023;Kleinwagen;Benzin;2020;51807
2023;Kleinwagen;Benzin;2021;24553
2023;Kleinwagen;Benzin;2022;39201
2023;Kleinwagen;Benzin;2023;26386
2023;Kleinwagen;Diesel;1990;1
2023;Kleinwagen;Diesel;1991;9
2023;Kleinwagen;Diesel;1992;11
2023;Kleinwagen;Diesel;1993;10
2023;Kleinwagen;Diesel;1994;10
2023;Kleinwagen;Diesel;1995;1
2023;Kleinwagen;Diesel;1996;9
2023;Kleinwagen;Diesel;1997;25
2023;Kleinwagen;Diesel;1998;58
2023;Kleinwagen;Diesel;1999;101
2023;Kleinwagen;Diesel;2000;528
2023;Kleinwagen;Diesel;2001;1116
2023;Kleinwagen;Diesel;2002;2213
2023;Kleinwagen;Diesel;2003;3107
2023;Kleinwagen;Diesel;2004;4696
2023;Kleinwagen;Diesel;2005;4534
2023;Kleinwagen;Diesel;2006;5646
2023;Kleinwagen;Diesel;2007;5991
2023;Kleinwagen;Diesel;2008;5579
2023;Kleinwagen;Diesel;2009;5246
2023;Kleinwagen;Diesel;2010;5616
2023;Kleinwagen;Diesel;2011;7022
2023;Kleinwagen;Diesel;2012;6122
2023;Kleinwagen;Diesel;2013;5006
2023;Kleinwagen;Diesel;2014;4214
2023;Kleinwagen;Diesel;2015;4683
2023;Kleinwagen;Diesel;2016;3879
2023;Kleinwagen;Diesel;2017;2914
2023;Kleinwagen;Diesel;2018;3978
2023;Kleinwagen;Diesel;2019;3890
2023;Kleinwagen;Diesel;2020;2773
2023;Kleinwagen;Diesel;2021;740
2023;Kleinwagen;Diesel;2022;797
2023;Kleinwagen;Diesel;2023;510
2023;Kleinwagen;Elektro (BEV);1996;1
2023;Kleinwagen;Elektro (BEV);1998;3
2023;Kleinwagen;Elektro (BEV);2001;2
2023;Kleinwagen;Elektro (BEV);2002;6
2023;Kleinwagen;Elektro (BEV);2005;1
2023;Kleinwagen;Elektro (BEV);2008;1
2023;Kleinwagen;Elektro (BEV);2009;1
2023;Kleinwagen;Elektro (BEV);2012;2
2023;Kleinwagen;Elektro (BEV);2013;167
2023;Kleinwagen;Elektro (BEV);2014;252
2023;Kleinwagen;Elektro (BEV);2015;242
2023;Kleinwagen;Elektro (BEV);2016;280
2023;Kleinwagen;Elektro (BEV);2017;473
2023;Kleinwagen;Elektro (BEV);2018;1153
2023;Kleinwagen;Elektro (BEV);2019;3141
2023;Kleinwagen;Elektro (BEV);2020;10626
2023;Kleinwagen;Elektro (BEV);2021;12225
2023;Kleinwagen;Elektro (BEV);2022;5008
2023;Kleinwagen;Elektro (BEV);2023;2698
2023;Kleinwagen;Hybrid;2004;1
2023;Kleinwagen;Hybrid;2005;1
2023;Kleinwagen;Hybrid;2007;1
2023;Kleinwagen;Hybrid;2009;1
2023;Kleinwagen;Hybrid;2011;42
2023;Kleinwagen;Hybrid;2012;346
2023;Kleinwagen;Hybrid;2013;471
2023;Kleinwagen;Hybrid;2014;474
2023;Kleinwagen;Hybrid;2015;422
2023;Kleinwagen;Hybrid;2016;572
2023;Kleinwagen;Hybrid;2017;845
2023;Kleinwagen;Hybrid;2018;1174
2023;Kleinwagen;Hybrid;2019;1409
2023;Kleinwagen;Hybrid;2020;5877
2023;Kleinwagen;Hybrid;2021;5548
2023;Kleinwagen;Hybrid;2022;9523
2023;Kleinwagen;Hybrid;2023;12342
2023;Kleinwagen;Sonstige;1999;1
2023;Kleinwagen;Sonstige;2004;1
2023;Kleinwagen;Sonstige;2005;2
2023;Kleinwagen;Sonstige;2006;1
2023;Kleinwagen;Sonstige;2007;2
2023;Kleinwagen;Sonstige;2008;2
2023;Kleinwagen;Sonstige;2009;4
2023;Kleinwagen;Sonstige;2011;1
2023;Kleinwagen;Sonstige;2012;1
2023;Kleinwagen;Sonstige;2021;1
2023;Kleinwagen;Sonstige;2022;1
2023;Kleinwagen;Flüssiggas (LPG) (einschl. bivalent);1990;1
2023;Kleinwagen;Flüssiggas (LPG) (einschl. bivalent);1991;1
2023;Kleinwagen;Flüssiggas (LPG) (einschl. bivalent);1992;4
2023;Kleinwagen;Flüssiggas (LPG) (einschl. bivalent);1993;4
2023;Kleinwagen;Flüssiggas (LPG) (einschl. bivalent);1994;5
2023;Kleinwagen;Flüssiggas (LPG) (einschl. bivalent);1995;9
2023;Kleinwagen;Flüssiggas (LPG) (einschl. bivalent);1996;6
2023;Kleinwagen;Flüssiggas (LPG) (einschl. bivalent);1997;11
2023;Kleinwagen;Flüssiggas (LPG) (einschl. bivalent);1998;28
2023;Kleinwagen;Flüssiggas (LPG) (einschl. bivalent);1999;25
2023;Kleinwagen;Flüssiggas (LPG) (einschl. bivalent);2000;68
2023;Kleinwagen;Flüssiggas (LPG) (einschl. bivalent);2001;132
2023;Kleinwagen;Flüssiggas (LPG) (einschl. bivalent);2002;195
2023;Kleinwagen;Flüssiggas (LPG) (einschl. bivalent);2003;304
2023;Kleinwagen;Flüssiggas (LPG) (einschl. bivalent);2004;367
2023;Kleinwagen;Flüssiggas (LPG) (einschl. bivalent);2005;458
2023;Kleinwagen;Flüssiggas (LPG) (einschl. bivalent);2006;699
2023;Kleinwagen;Flüssiggas (LPG) (einschl. bivalent);2007;809
2023;Kleinwagen;Flüssiggas (LPG) (einschl. bivalent);2008;1054
2023;Kleinwagen;Flüssiggas (LPG) (einschl. bivalent);2009;804
2023;Kleinwagen;Flüssiggas (LPG) (einschl. bivalent);2010;418
2023;Kleinwagen;Flüssiggas (LPG) (einschl. bivalent);2011;281
2023;Kleinwagen;Flüssiggas (LPG) (einschl. bivalent);2012;241
2023;Kleinwagen;Flüssiggas (LPG) (einschl. bivalent);2013;146
2023;Kleinwagen;Flüssiggas (LPG) (einschl. bivalent);2014;81
2023;Kleinwagen;Flüssiggas (LPG) (einschl. bivalent);2015;40
2023;Kleinwagen;Flüssiggas (LPG) (einschl. bivalent);2016;49
2023;Kleinwagen;Flüssiggas (LPG) (einschl. bivalent);2017;44
2023;Kleinwagen;Flüssiggas (LPG) (einschl. bivalent);2018;28
2023;Kleinwagen;Flüssiggas (LPG) (einschl. bivalent);2019;18
2023;Kleinwagen;Flüssiggas (LPG) (einschl. bivalent);2020;18
2023;Kleinwagen;Flüssiggas (LPG) (einschl. bivalent);2021;15
2023;Kleinwagen;Flüssiggas (LPG) (einschl. bivalent);2022;18
2023;Kleinwagen;Flüssiggas (LPG) (einschl. bivalent);2023;12
2023;Kleinwagen;Erdgas (CNG) (einschl. bivalent);1996;2
2023;Kleinwagen;Erdgas (CNG) (einschl. bivalent);1998;2
2023;Kleinwagen;Erdgas (CNG) (einschl. bivalent);1999;1
2023;Kleinwagen;Erdgas (CNG) (einschl. bivalent);2000;1
2023;Kleinwagen;Erdgas (CNG) (einschl. bivalent);2001;5
2023;Kleinwagen;Erdgas (CNG) (einschl. bivalent);2002;3
2023;Kleinwagen;Erdgas (CNG) (einschl. bivalent);2003;7
2023;Kleinwagen;Erdgas (CNG) (einschl. bivalent);2004;23
2023;Kleinwagen;Erdgas (CNG) (einschl. bivalent);2005;58
2023;Kleinwagen;Erdgas (CNG) (einschl. bivalent);2006;43
2023;Kleinwagen;Erdgas (CNG) (einschl. bivalent);2007;21
2023;Kleinwagen;Erdgas (CNG) (einschl. bivalent);2008;29
2023;Kleinwagen;Erdgas (CNG) (einschl. bivalent);2009;35
2023;Kleinwagen;Erdgas (CNG) (einschl. bivalent);2010;33
2023;Kleinwagen;Erdgas (CNG) (einschl. bivalent);2011;31
2023;Kleinwagen;Erdgas (CNG) (einschl. bivalent);2012;24
2023;Kleinwagen;Erdgas (CNG) (einschl. bivalent);2013;3
2023;Kleinwagen;Erdgas (CNG) (einschl. bivalent);2014;2
2023;Kleinwagen;Erdgas (CNG) (einschl. bivalent);2015;7
2023;Kleinwagen;Erdgas (CNG) (einschl. bivalent);2016;1
2023;Kleinwagen;Erdgas (CNG) (einschl. bivalent);2018;82
2023;Kleinwagen;Erdgas (CNG) (einschl. bivalent);2019;146
2023;Kleinwagen;Erdgas (CNG) (einschl. bivalent);2020;331
2023;Kleinwagen;Erdgas (CNG) (einschl. bivalent);2021;230
2023;Kleinwagen;Erdgas (CNG) (einschl. bivalent);2022;134
2023;Kleinwagen;Erdgas (CNG) (einschl. bivalent);2023;118
2023;Kompaktklasse;Benzin;1990;2659
2023;Kompaktklasse;Benzin;1991;3454
2023;Kompaktklasse;Benzin;1992;2888
2023;Kompaktklasse;Benzin;1993;3147
2023;Kompaktklasse;Benzin;1994;4536
2023;Kompaktklasse;Benzin;1995;6259
2023;Kompaktklasse;Benzin;1996;9083
2023;Kompaktklasse;Benzin;1997;11694
2023;Kompaktklasse;Benzin;1998;26909
2023;Kompaktklasse;Benzin;1999;36833
2023;Kompaktklasse;Benzin;2000;36425
2023;Kompaktklasse;Benzin;2001;35473
2023;Kompaktklasse;Benzin;2002;40855
2023;Kompaktklasse;Benzin;2003;37918
2023;Kompaktklasse;Benzin;2004;46817
2023;Kompaktklasse;Benzin;2005;48753
2023;Kompaktklasse;Benzin;2006;48687
2023;Kompaktklasse;Benzin;2007;36535
2023;Kompaktklasse;Benzin;2008;42253
2023;Kompaktklasse;Benzin;2009;58813
2023;Kompaktklasse;Benzin;2010;39339
2023;Kompaktklasse;Benzin;2011;34654
2023;Kompaktklasse;Benzin;2012;29845
2023;Kompaktklasse;Benzin;2013;30281
2023;Kompaktklasse;Benzin;2014;29436
2023;Kompaktklasse;Benzin;2015;28157
2023;Kompaktklasse;Benzin;2016;29995
2023;Kompaktklasse;Benzin;2017;33088
2023;Kompaktklasse;Benzin;2018;45818
2023;Kompaktklasse;Benzin;2019;67573
2023;Kompaktklasse;Benzin;2020;51671
2023;Kompaktklasse;Benzin;2021;29612
2023;Kompaktklasse;Benzin;2022;39548
2023;Kompaktklasse;Benzin;2023;25570
2023;Kompaktklasse;Diesel;1990;78
2023;Kompaktklasse;Diesel;1991;126
2023;Kompaktklasse;Diesel;1992;65
2023;Kompaktklasse;Diesel;1993;55
2023;Kompaktklasse;Diesel;1994;75
2023;Kompaktklasse;Diesel;1995;115
2023;Kompaktklasse;Diesel;1996;230
2023;Kompaktklasse;Diesel;1997;332
2023;Kompaktklasse;Diesel;1998;1210
2023;Kompaktklasse;Diesel;1999;2766
2023;Kompaktklasse;Diesel;2000;4619
2023;Kompaktklasse;Diesel;2001;5624
2023;Kompaktklasse;Diesel;2002;8335
2023;Kompaktklasse;Diesel;2003;9534
2023;Kompaktklasse;Diesel;2004;12678
2023;Kompaktklasse;Diesel;2005;15706
2023;Kompaktklasse;Diesel;2006;19936
2023;Kompaktklasse;Diesel;2007;22314
2023;Kompaktklasse;Diesel;2008;22370
2023;Kompaktklasse;Diesel;2009;18910
2023;Kompaktklasse;Diesel;2010;20211
2023;Kompaktklasse;Diesel;2011;24022
2023;Kompaktklasse;Diesel;2012;22237
2023;Kompaktklasse;Diesel;2013;20987
2023;Kompaktklasse;Diesel;2014;23171
2023;Kompaktklasse;Diesel;2015;25358
2023;Kompaktklasse;Diesel;2016;23597
2023;Kompaktklasse;Diesel;2017;21229
2023;Kompaktklasse;Diesel;2018;26997
2023;Kompaktklasse;Diesel;2019;43358
2023;Kompaktklasse;Diesel;2020;33463
2023;Kompaktklasse;Diesel;2021;11836
2023;Kompaktklasse;Diesel;2022;19433
2023;Kompaktklasse;Diesel;2023;7935
2023;Kompaktklasse;Elektro (BEV);1999;1
2023;Kompaktklasse;Elektro (BEV);2000;1
2023;Kompaktklasse;Elektro (BEV);2011;4
2023;Kompaktklasse;Elektro (BEV);2012;35
2023;Kompaktklasse;Elektro (BEV);2013;29
2023;Kompaktklasse;Elektro (BEV);2014;48
2023;Kompaktklasse;Elektro (BEV);2015;73
2023;Kompaktklasse;Elektro (BEV);2016;103
2023;Kompaktklasse;Elektro (BEV);2017;241
2023;Kompaktklasse;Elektro (BEV);2018;713
2023;Kompaktklasse;Elektro (BEV);2019;1598
2023;Kompaktklasse;Elektro (BEV);2020;9531
2023;Kompaktklasse;Elektro (BEV);2021;5514
2023;Kompaktklasse;Elektro (BEV);2022;4852
2023;Kompaktklasse;Elektro (BEV);2023;1137
2023;Kompaktklasse;Hybrid;1999;1
2023;Kompaktklasse;Hybrid;2001;2
2023;Kompaktklasse;Hybrid;2003;13
2023;Kompaktklasse;Hybrid;2004;117
2023;Kompaktklasse;Hybrid;2005;194
2023;Kompaktklasse;Hybrid;2006;271
2023;Kompaktklasse;Hybrid;2007;353
2023;Kompaktklasse;Hybrid;2008;265
2023;Kompaktklasse;Hybrid;2009;422
2023;Kompaktklasse;Hybrid;2010;389
2023;Kompaktklasse;Hybrid;2011;454
2023;Kompaktklasse;Hybrid;2012;485
2023;Kompaktklasse;Hybrid;2013;678
2023;Kompaktklasse;Hybrid;2014;670
2023;Kompaktklasse;Hybrid;2015;843
2023;Kompaktklasse;Hybrid;2016;1186
2023;Kompaktklasse;Hybrid;2017;1392
2023;Kompaktklasse;Hybrid;2018;2091
2023;Kompaktklasse;Hybrid;2019;3865
2023;Kompaktklasse;Hybrid;2020;17391
2023;Kompaktklasse;Hybrid;2021;29512
2023;Kompaktklasse;Hybrid;2022;21841
2023;Kompaktklasse;Hybrid;2023;14391
2023;Kompaktklasse;Sonstige;1990;1
2023;Kompaktklasse;Sonstige;1998;1
2023;Kompaktklasse;Sonstige;2006;2
2023;Kompaktklasse;Sonstige;2007;1
2023;Kompaktklasse;Sonstige;2008;4
2023;Kompaktklasse;Sonstige;2009;62
2023;Kompaktklasse;Sonstige;2010;35
2023;Kompaktklasse;Sonstige;2011;91
2023;Kompaktklasse;Sonstige;2012;148
2023;Kompaktklasse;Sonstige;2013;16
2023;Kompaktklasse;Sonstige;2014;4
2023;Kompaktklasse;Sonstige;2015;2
2023;Kompaktklasse;Sonstige;2017;1
2023;Kompaktklasse;Sonstige;2019;3
2023;Kompaktklasse;Sonstige;2022;1
2023;Kompaktklasse;Flüssiggas (LPG) (einschl. bivalent);1990;5
2023;Kompaktklasse;Flüssiggas (LPG) (einschl. bivalent);1991;8
2023;Kompaktklasse;Flüssiggas (LPG) (einschl. bivalent);1992;9
2023;Kompaktklasse;Flüssiggas (LPG) (einschl. bivalent);1993;7
2023;Kompaktklasse;Flüssiggas (LPG) (einschl. bivalent);1994;21
2023;Kompaktklasse;Flüssiggas (LPG) (einschl. bivalent);1995;40
2023;Kompaktklasse;Flüssiggas (LPG) (einschl. bivalent);1996;50
2023;Kompaktklasse;Flüssiggas (LPG) (einschl. bivalent);1997;103
2023;Kompaktklasse;Flüssiggas (LPG) (einschl. bivalent);1998;203
2023;Kompaktklasse;Flüssiggas (LPG) (einschl. bivalent);1999;378
2023;Kompaktklasse;Flüssiggas (LPG) (einschl. bivalent);2000;371
2023;Kompaktklasse;Flüssiggas (LPG) (einschl. bivalent);2001;349
2023;Kompaktklasse;Flüssiggas (LPG) (einschl. bivalent);2002;474
2023;Kompaktklasse;Flüssiggas (LPG) (einschl. bivalent);2003;510
2023;Kompaktklasse;Flüssiggas (LPG) (einschl. bivalent);2004;679
2023;Kompaktklasse;Flüssiggas (LPG) (einschl. bivalent);2005;862
2023;Kompaktklasse;Flüssiggas (LPG) (einschl. bivalent);2006;959
2023;Kompaktklasse;Flüssiggas (LPG) (einschl. bivalent);2007;899
2023;Kompaktklasse;Flüssiggas (LPG) (einschl. bivalent);2008;1322
2023;Kompaktklasse;Flüssiggas (LPG) (einschl. bivalent);2009;948
2023;Kompaktklasse;Flüssiggas (LPG) (einschl. bivalent);2010;657
2023;Kompaktklasse;Flüssiggas (LPG) (einschl. bivalent);2011;333
2023;Kompaktklasse;Flüssiggas (LPG) (einschl. bivalent);2012;560
2023;Kompaktklasse;Flüssiggas (LPG) (einschl. bivalent);2013;271
2023;Kompaktklasse;Flüssiggas (LPG) (einschl. bivalent);2014;233
2023;Kompaktklasse;Flüssiggas (LPG) (einschl. bivalent);2015;141
2023;Kompaktklasse;Flüssiggas (LPG) (einschl. bivalent);2016;108
2023;Kompaktklasse;Flüssiggas (LPG) (einschl. bivalent);2017;117
2023;Kompaktklasse;Flüssiggas (LPG) (einschl. bivalent);2018;144
2023;Kompaktklasse;Flüssiggas (LPG) (einschl. bivalent);2019;183
2023;Kompaktklasse;Flüssiggas (LPG) (einschl. bivalent);2020;235
2023;Kompaktklasse;Flüssiggas (LPG) (einschl. bivalent);2021;328
2023;Kompaktklasse;Flüssiggas (LPG) (einschl. bivalent);2022;428
2023;Kompaktklasse;Flüssiggas (LPG) (einschl. bivalent);2023;625
2023;Kompaktklasse;Erdgas (CNG) (einschl. bivalent);1995;1
2023;Kompaktklasse;Erdgas (CNG) (einschl. bivalent);1997;2
2023;Kompaktklasse;Erdgas (CNG) (einschl. bivalent);1998;2
2023;Kompaktklasse;Erdgas (CNG) (einschl. bivalent);1999;4
2023;Kompaktklasse;Erdgas (CNG) (einschl. bivalent);2000;3
2023;Kompaktklasse;Erdgas (CNG) (einschl. bivalent);2001;3
2023;Kompaktklasse;Erdgas (CNG) (einschl. bivalent);2002;11
2023;Kompaktklasse;Erdgas (CNG) (einschl. bivalent);2003;95
2023;Kompaktklasse;Erdgas (CNG) (einschl. bivalent);2004;109
2023;Kompaktklasse;Erdgas (CNG) (einschl. bivalent);2005;69
2023;Kompaktklasse;Erdgas (CNG) (einschl. bivalent);2006;38
2023;Kompaktklasse;Erdgas (CNG) (einschl. bivalent);2007;13
2023;Kompaktklasse;Erdgas (CNG) (einschl. bivalent);2008;18
2023;Kompaktklasse;Erdgas (CNG) (einschl. bivalent);2009;6
2023;Kompaktklasse;Erdgas (CNG) (einschl. bivalent);2010;4
2023;Kompaktklasse;Erdgas (CNG) (einschl. bivalent);2011;1
2023;Kompaktklasse;Erdgas (CNG) (einschl. bivalent);2014;128
2023;Kompaktklasse;Erdgas (CNG) (einschl. bivalent);2015;77
2023;Kompaktklasse;Erdgas (CNG) (einschl. bivalent);2016;65
2023;Kompaktklasse;Erdgas (CNG) (einschl. bivalent);2017;85
2023;Kompaktklasse;Erdgas (CNG) (einschl. bivalent);2018;336
2023;Kompaktklasse;Erdgas (CNG) (einschl. bivalent);2019;403
2023;Kompaktklasse;Erdgas (CNG) (einschl. bivalent);2020;425
2023;Kompaktklasse;Erdgas (CNG) (einschl. bivalent);2021;61
2023;Kompaktklasse;Erdgas (CNG) (einschl. bivalent);2022;184
2023;Kompaktklasse;Erdgas (CNG) (einschl. bivalent);2023;35
2023;Mittelklasse;Benzin;1990;2960
2023;Mittelklasse;Benzin;1991;4166
2023;Mittelklasse;Benzin;1992;4871
2023;Mittelklasse;Benzin;1993;4197
2023;Mittelklasse;Benzin;1994;6162
2023;Mittelklasse;Benzin;1995;8028
2023;Mittelklasse;Benzin;1996;10266
2023;Mittelklasse;Benzin;1997;13391
2023;Mittelklasse;Benzin;1998;17463
2023;Mittelklasse;Benzin;1999;17981
2023;Mittelklasse;Benzin;2000;18275
2023;Mittelklasse;Benzin;2001;24759
2023;Mittelklasse;Benzin;2002;27181
2023;Mittelklasse;Benzin;2003;26745
2023;Mittelklasse;Benzin;2004;22942
2023;Mittelklasse;Benzin;2005;20006
2023;Mittelklasse;Benzin;2006;19669
2023;Mittelklasse;Benzin;2007;13791
2023;Mittelklasse;Benzin;2008;16264
2023;Mittelklasse;Benzin;2009;16633
2023;Mittelklasse;Benzin;2010;11867
2023;Mittelklasse;Benzin;2011;10887
2023;Mittelklasse;Benzin;2012;8160
2023;Mittelklasse;Benzin;2013;6442
2023;Mittelklasse;Benzin;2014;6317
2023;Mittelklasse;Benzin;2015;6946
2023;Mittelklasse;Benzin;2016;8588
2023;Mittelklasse;Benzin;2017;11319
2023;Mittelklasse;Benzin;2018;13671
2023;Mittelklasse;Benzin;2019;16142
2023;Mittelklasse;Benzin;2020;13902
2023;Mittelklasse;Benzin;2021;8752
2023;Mittelklasse;Benzin;2022;13744
2023;Mittelklasse;Benzin;2023;7399
2023;Mittelklasse;Diesel;1990;156
2023;Mittelklasse;Diesel;1991;246
2023;Mittelklasse;Diesel;1992;281
2023;Mittelklasse;Diesel;1993;200
2023;Mittelklasse;Diesel;1994;274
2023;Mittelklasse;Diesel;1995;295
2023;Mittelklasse;Diesel;1996;497
2023;Mittelklasse;Diesel;1997;712
2023;Mittelklasse;Diesel;1998;1282
2023;Mittelklasse;Diesel;1999;2235
2023;Mittelklasse;Diesel;2000;3987
2023;Mittelklasse;Diesel;2001;6339
2023;Mittelklasse;Diesel;2002;9711
2023;Mittelklasse;Diesel;2003;12336
2023;Mittelklasse;Diesel;2004;16410
2023;Mittelklasse;Diesel;2005;16544
2023;Mittelklasse;Diesel;2006;22266
2023;Mittelklasse;Diesel;2007;22918
2023;Mittelklasse;Diesel;2008;23794
2023;Mittelklasse;Diesel;2009;19569
2023;Mittelklasse;Diesel;2010;21220
2023;Mittelklasse;Diesel;2011;24597
2023;Mittelklasse;Diesel;2012;22692
2023;Mittelklasse;Diesel;2013;19565
2023;Mittelklasse;Diesel;2014;19624
2023;Mittelklasse;Diesel;2015;22631
2023;Mittelklasse;Diesel;2016;22031
2023;Mittelklasse;Diesel;2017;21033
2023;Mittelklasse;Diesel;2018;29543
2023;Mittelklasse;Diesel;2019;54637
2023;Mittelklasse;Diesel;2020;38271
2023;Mittelklasse;Diesel;2021;12606
2023;Mittelklasse;Diesel;2022;7770
2023;Mittelklasse;Diesel;2023;3452
2023;Mittelklasse;Elektro (BEV);2019;996
2023;Mittelklasse;Elektro (BEV);2020;1390
2023;Mittelklasse;Elektro (BEV);2021;2121
2023;Mittelklasse;Elektro (BEV);2022;9143
2023;Mittelklasse;Elektro (BEV);2023;729
2023;Mittelklasse;Hybrid;1991;1
2023;Mittelklasse;Hybrid;1997;1
2023;Mittelklasse;Hybrid;2004;1
2023;Mittelklasse;Hybrid;2006;1
2023;Mittelklasse;Hybrid;2011;2
2023;Mittelklasse;Hybrid;2012;85
2023;Mittelklasse;Hybrid;2013;118
2023;Mittelklasse;Hybrid;2014;91
2023;Mittelklasse;Hybrid;2015;215
2023;Mittelklasse;Hybrid;2016;239
2023;Mittelklasse;Hybrid;2017;687
2023;Mittelklasse;Hybrid;2018;2425
2023;Mittelklasse;Hybrid;2019;8978
2023;Mittelklasse;Hybrid;2020;28179
2023;Mittelklasse;Hybrid;2021;20313
2023;Mittelklasse;Hybrid;2022;31048
2023;Mittelklasse;Hybrid;2023;13516
2023;Mittelklasse;Sonstige;1992;1
2023;Mittelklasse;Sonstige;2000;1
2023;Mittelklasse;Sonstige;2002;1
2023;Mittelklasse;Sonstige;2003;3
2023;Mittelklasse;Sonstige;2004;1
2023;Mittelklasse;Sonstige;2005;1
2023;Mittelklasse;Sonstige;2007;1
2023;Mittelklasse;Sonstige;2009;21
2023;Mittelklasse;Sonstige;2010;80
2023;Mittelklasse;Sonstige;2011;85
2023;Mittelklasse;Sonstige;2012;30
2023;Mittelklasse;Sonstige;2013;14
2023;Mittelklasse;Sonstige;2014;9
2023;Mittelklasse;Sonstige;2015;3
2023;Mittelklasse;Sonstige;2020;2
2023;Mittelklasse;Flüssiggas (LPG) (einschl. bivalent);1990;18
2023;Mittelklasse;Flüssiggas (LPG) (einschl. bivalent);1991;34
2023;Mittelklasse;Flüssiggas (LPG) (einschl. bivalent);1992;49
2023;Mittelklasse;Flüssiggas (LPG) (einschl. bivalent);1993;54
2023;Mittelklasse;Flüssiggas (LPG) (einschl. bivalent);1994;103
2023;Mittelklasse;Flüssiggas (LPG) (einschl. bivalent);1995;127
2023;Mittelklasse;Flüssiggas (LPG) (einschl. bivalent);1996;180
2023;Mittelklasse;Flüssiggas (LPG) (einschl. bivalent);1997;315
2023;Mittelklasse;Flüssiggas (LPG) (einschl. bivalent);1998;451
2023;Mittelklasse;Flüssiggas (LPG) (einschl. bivalent);1999;492
2023;Mittelklasse;Flüssiggas (LPG) (einschl. bivalent);2000;517
2023;Mittelklasse;Flüssiggas (LPG) (einschl. bivalent);2001;903
2023;Mittelklasse;Flüssiggas (LPG) (einschl. bivalent);2002;951
2023;Mittelklasse;Flüssiggas (LPG) (einschl. bivalent);2003;942
2023;Mittelklasse;Flüssiggas (LPG) (einschl. bivalent);2004;864
2023;Mittelklasse;Flüssiggas (LPG) (einschl. bivalent);2005;737
2023;Mittelklasse;Flüssiggas (LPG) (einschl. bivalent);2006;679
2023;Mittelklasse;Flüssiggas (LPG) (einschl. bivalent);2007;480
2023;Mittelklasse;Flüssiggas (LPG) (einschl. bivalent);2008;406
2023;Mittelklasse;Flüssiggas (LPG) (einschl. bivalent);2009;220
2023;Mittelklasse;Flüssiggas (LPG) (einschl. bivalent);2010;116
2023;Mittelklasse;Flüssiggas (LPG) (einschl. bivalent);2011;59
2023;Mittelklasse;Flüssiggas (LPG) (einschl. bivalent);2012;62
2023;Mittelklasse;Flüssiggas (LPG) (einschl. bivalent);2013;24
2023;Mittelklasse;Flüssiggas (LPG) (einschl. bivalent);2014;16
2023;Mittelklasse;Flüssiggas (LPG) (einschl. bivalent);2015;8
2023;Mittelklasse;Flüssiggas (LPG) (einschl. bivalent);2016;13
2023;Mittelklasse;Flüssiggas (LPG) (einschl. bivalent);2017;14
2023;Mittelklasse;Flüssiggas (LPG) (einschl. bivalent);2018;5
2023;Mittelklasse;Flüssiggas (LPG) (einschl. bivalent);2019;1
2023;Mittelklasse;Flüssiggas (LPG) (einschl. bivalent);2020;1
2023;Mittelklasse;Erdgas (CNG) (einschl. bivalent);1993;2
2023;Mittelklasse;Erdgas (CNG) (einschl. bivalent);1995;1
2023;Mittelklasse;Erdgas (CNG) (einschl. bivalent);1996;7
2023;Mittelklasse;Erdgas (CNG) (einschl. bivalent);1998;1
2023;Mittelklasse;Erdgas (CNG) (einschl. bivalent);1999;1
2023;Mittelklasse;Erdgas (CNG) (einschl. bivalent);2000;2
2023;Mittelklasse;Erdgas (CNG) (einschl. bivalent);2001;4
2023;Mittelklasse;Erdgas (CNG) (einschl. bivalent);2002;4
2023;Mittelklasse;Erdgas (CNG) (einschl. bivalent);2003;9
2023;Mittelklasse;Erdgas (CNG) (einschl. bivalent);2004;11
2023;Mittelklasse;Erdgas (CNG) (einschl. bivalent);2005;16
2023;Mittelklasse;Erdgas (CNG) (einschl. bivalent);2006;10
2023;Mittelklasse;Erdgas (CNG) (einschl. bivalent);2007;2
2023;Mittelklasse;Erdgas (CNG) (einschl. bivalent);2008;3
2023;Mittelklasse;Erdgas (CNG) (einschl. bivalent);2009;129
2023;Mittelklasse;Erdgas (CNG) (einschl. bivalent);2010;83
2023;Mittelklasse;Erdgas (CNG) (einschl. bivalent);2011;48
2023;Mittelklasse;Erdgas (CNG) (einschl. bivalent);2012;62
2023;Mittelklasse;Erdgas (CNG) (einschl. bivalent);2013;44
2023;Mittelklasse;Erdgas (CNG) (einschl. bivalent);2014;23
2023;Mittelklasse;Erdgas (CNG) (einschl. bivalent);2015;2
2023;Mittelklasse;Erdgas (CNG) (einschl. bivalent);2017;45
2023;Mittelklasse;Erdgas (CNG) (einschl. bivalent);2018;108
2023;Mittelklasse;Erdgas (CNG) (einschl. bivalent);2019;57
2023;Mittelklasse;Erdgas (CNG) (einschl. bivalent);2020;75
2023;Mittelklasse;Erdgas (CNG) (einschl. bivalent);2021;26
2023;Mittelklasse;Erdgas (CNG) (einschl. bivalent);2022;17
2023;Mittelklasse;Erdgas (CNG) (einschl. bivalent);2023;2
2023;Obere Mittelklasse;Benzin;1990;1087
2023;Obere Mittelklasse;Benzin;1991;1357
2023;Obere Mittelklasse;Benzin;1992;1622
2023;Obere Mittelklasse;Benzin;1993;1824
2023;Obere Mittelklasse;Benzin;1994;1895
2023;Obere Mittelklasse;Benzin;1995;2361
2023;Obere Mittelklasse;Benzin;1996;3472
2023;Obere Mittelklasse;Benzin;1997;4321
2023;Obere Mittelklasse;Benzin;1998;5685
2023;Obere Mittelklasse;Benzin;1999;5403
2023;Obere Mittelklasse;Benzin;2000;5597
2023;Obere Mittelklasse;Benzin;2001;4531
2023;Obere Mittelklasse;Benzin;2002;4542
2023;Obere Mittelklasse;Benzin;2003;5017
2023;Obere Mittelklasse;Benzin;2004;5040
2023;Obere Mittelklasse;Benzin;2005;4262
2023;Obere Mittelklasse;Benzin;2006;3535
2023;Obere Mittelklasse;Benzin;2007;2912
2023;Obere Mittelklasse;Benzin;2008;2397
2023;Obere Mittelklasse;Benzin;2009;1714
2023;Obere Mittelklasse;Benzin;2010;2091
2023;Obere Mittelklasse;Benzin;2011;1567
2023;Obere Mittelklasse;Benzin;2012;1292
2023;Obere Mittelklasse;Benzin;2013;1059
2023;Obere Mittelklasse;Benzin;2014;831
2023;Obere Mittelklasse;Benzin;2015;752
2023;Obere Mittelklasse;Benzin;2016;951
2023;Obere Mittelklasse;Benzin;2017;1951
2023;Obere Mittelklasse;Benzin;2018;2828
2023;Obere Mittelklasse;Benzin;2019;2376
2023;Obere Mittelklasse;Benzin;2020;1474
2023;Obere Mittelklasse;Benzin;2021;300
2023;Obere Mittelklasse;Benzin;2022;528
2023;Obere Mittelklasse;Benzin;2023;547
2023;Obere Mittelklasse;Diesel;1990;189
2023;Obere Mittelklasse;Diesel;1991;316
2023;Obere Mittelklasse;Diesel;1992;341
2023;Obere Mittelklasse;Diesel;1993;278
2023;Obere Mittelklasse;Diesel;1994;276
2023;Obere Mittelklasse;Diesel;1995;283
2023;Obere Mittelklasse;Diesel;1996;353
2023;Obere Mittelklasse;Diesel;1997;331
2023;Obere Mittelklasse;Diesel;1998;524
2023;Obere Mittelklasse;Diesel;1999;1073
2023;Obere Mittelklasse;Diesel;2000;2142
2023;Obere Mittelklasse;Diesel;2001;2363
2023;Obere Mittelklasse;Diesel;2002;4057
2023;Obere Mittelklasse;Diesel;2003;6304
2023;Obere Mittelklasse;Diesel;2004;8597
2023;Obere Mittelklasse;Diesel;2005;9109
2023;Obere Mittelklasse;Diesel;2006;10573
2023;Obere Mittelklasse;Diesel;2007;10292
2023;Obere Mittelklasse;Diesel;2008;8723
2023;Obere Mittelklasse;Diesel;2009;6963
2023;Obere Mittelklasse;Diesel;2010;8998
2023;Obere Mittelklasse;Diesel;2011;10221
2023;Obere Mittelklasse;Diesel;2012;9318
2023;Obere Mittelklasse;Diesel;2013;8277
2023;Obere Mittelklasse;Diesel;2014;8103
2023;Obere Mittelklasse;Diesel;2015;7814
2023;Obere Mittelklasse;Diesel;2016;8203
2023;Obere Mittelklasse;Diesel;2017;8854
2023;Obere Mittelklasse;Diesel;2018;10772
2023;Obere Mittelklasse;Diesel;2019;11829
2023;Obere Mittelklasse;Diesel;2020;6599
2023;Obere Mittelklasse;Diesel;2021;1955
2023;Obere Mittelklasse;Diesel;2022;1387
2023;Obere Mittelklasse;Diesel;2023;259
2023;Obere Mittelklasse;Elektro (BEV);2020;5
2023;Obere Mittelklasse;Elektro (BEV);2021;85
2023;Obere Mittelklasse;Elektro (BEV);2022;1449
2023;Obere Mittelklasse;Elektro (BEV);2023;680
2023;Obere Mittelklasse;Hybrid;2006;19
2023;Obere Mittelklasse;Hybrid;2007;26
2023;Obere Mittelklasse;Hybrid;2008;26
2023;Obere Mittelklasse;Hybrid;2009;14
2023;Obere Mittelklasse;Hybrid;2010;6
2023;Obere Mittelklasse;Hybrid;2011;6
2023;Obere Mittelklasse;Hybrid;2012;92
2023;Obere Mittelklasse;Hybrid;2013;103
2023;Obere Mittelklasse;Hybrid;2014;69
2023;Obere Mittelklasse;Hybrid;2015;26
2023;Obere Mittelklasse;Hybrid;2016;23
2023;Obere Mittelklasse;Hybrid;2017;115
2023;Obere Mittelklasse;Hybrid;2018;2040
2023;Obere Mittelklasse;Hybrid;2019;15583
2023;Obere Mittelklasse;Hybrid;2020;19118
2023;Obere Mittelklasse;Hybrid;2021;8875
2023;Obere Mittelklasse;Hybrid;2022;17941
2023;Obere Mittelklasse;Hybrid;2023;10544
2023;Obere Mittelklasse;Sonstige;1992;1
2023;Obere Mittelklasse;Sonstige;1993;1
2023;Obere Mittelklasse;Sonstige;2005;2
2023;Obere Mittelklasse;Sonstige;2007;1
2023;Obere Mittelklasse;Sonstige;2009;11
2023;Obere Mittelklasse;Sonstige;2010;23
2023;Obere Mittelklasse;Sonstige;2011;8
2023;Obere Mittelklasse;Sonstige;2012;2
2023;Obere Mittelklasse;Sonstige;2015;1
2023;Obere Mittelklasse;Sonstige;2021;64
2023;Obere Mittelklasse;Sonstige;2022;13
2023;Obere Mittelklasse;Sonstige;2023;1
2023;Obere Mittelklasse;Flüssiggas (LPG) (einschl. bivalent);1990;29
2023;Obere Mittelklasse;Flüssiggas (LPG) (einschl. bivalent);1991;60
2023;Obere Mittelklasse;Flüssiggas (LPG) (einschl. bivalent);1992;50
2023;Obere Mittelklasse;Flüssiggas (LPG) (einschl. bivalent);1993;86
2023;Obere Mittelklasse;Flüssiggas (LPG) (einschl. bivalent);1994;109
2023;Obere Mittelklasse;Flüssiggas (LPG) (einschl. bivalent);1995;175
2023;Obere Mittelklasse;Flüssiggas (LPG) (einschl. bivalent);1996;234
2023;Obere Mittelklasse;Flüssiggas (LPG) (einschl. bivalent);1997;310
2023;Obere Mittelklasse;Flüssiggas (LPG) (einschl. bivalent);1998;421
2023;Obere Mittelklasse;Flüssiggas (LPG) (einschl. bivalent);1999;510
2023;Obere Mittelklasse;Flüssiggas (LPG) (einschl. bivalent);2000;525
2023;Obere Mittelklasse;Flüssiggas (LPG) (einschl. bivalent);2001;494
2023;Obere Mittelklasse;Flüssiggas (LPG) (einschl. bivalent);2002;569
2023;Obere Mittelklasse;Flüssiggas (LPG) (einschl. bivalent);2003;620
2023;Obere Mittelklasse;Flüssiggas (LPG) (einschl. bivalent);2004;660
2023;Obere Mittelklasse;Flüssiggas (LPG) (einschl. bivalent);2005;550
2023;Obere Mittelklasse;Flüssiggas (LPG) (einschl. bivalent);2006;413
2023;Obere Mittelklasse;Flüssiggas (LPG) (einschl. bivalent);2007;215
2023;Obere Mittelklasse;Flüssiggas (LPG) (einschl. bivalent);2008;125
2023;Obere Mittelklasse;Flüssiggas (LPG) (einschl. bivalent);2009;63
2023;Obere Mittelklasse;Flüssiggas (LPG) (einschl. bivalent);2010;49
2023;Obere Mittelklasse;Flüssiggas (LPG) (einschl. bivalent);2011;16
2023;Obere Mittelklasse;Flüssiggas (LPG) (einschl. bivalent);2012;11
2023;Obere Mittelklasse;Flüssiggas (LPG) (einschl. bivalent);2013;5
2023;Obere Mittelklasse;Flüssiggas (LPG) (einschl. bivalent);2014;2
2023;Obere Mittelklasse;Flüssiggas (LPG) (einschl. bivalent);2016;1
2023;Obere Mittelklasse;Flüssiggas (LPG) (einschl. bivalent);2017;1
2023;Obere Mittelklasse;Flüssiggas (LPG) (einschl. bivalent);2018;1
2023;Obere Mittelklasse;Flüssiggas (LPG) (einschl. bivalent);2019;1
2023;Obere Mittelklasse;Flüssiggas (LPG) (einschl. bivalent);2020;2
2023;Obere Mittelklasse;Flüssiggas (LPG) (einschl. bivalent);2021;2
2023;Obere Mittelklasse;Erdgas (CNG) (einschl. bivalent);1992;1
2023;Obere Mittelklasse;Erdgas (CNG) (einschl. bivalent);1995;1
2023;Obere Mittelklasse;Erdgas (CNG) (einschl. bivalent);1997;2
2023;Obere Mittelklasse;Erdgas (CNG) (einschl. bivalent);1998;2
2023;Obere Mittelklasse;Erdgas (CNG) (einschl. bivalent);1999;2
2023;Obere Mittelklasse;Erdgas (CNG) (einschl. bivalent);2000;2
2023;Obere Mittelklasse;Erdgas (CNG) (einschl. bivalent);2001;8
2023;Obere Mittelklasse;Erdgas (CNG) (einschl. bivalent);2002;35
2023;Obere Mittelklasse;Erdgas (CNG) (einschl. bivalent);2003;10
2023;Obere Mittelklasse;Erdgas (CNG) (einschl. bivalent);2004;33
2023;Obere Mittelklasse;Erdgas (CNG) (einschl. bivalent);2005;57
2023;Obere Mittelklasse;Erdgas (CNG) (einschl. bivalent);2006;47
2023;Obere Mittelklasse;Erdgas (CNG) (einschl. bivalent);2007;30
2023;Obere Mittelklasse;Erdgas (CNG) (einschl. bivalent);2008;13
2023;Obere Mittelklasse;Erdgas (CNG) (einschl. bivalent);2009;3
2023;Obere Mittelklasse;Erdgas (CNG) (einschl. bivalent);2010;7
2023;Obere Mittelklasse;Erdgas (CNG) (einschl. bivalent);2011;9
2023;Obere Mittelklasse;Erdgas (CNG) (einschl. bivalent);2012;24
2023;Obere Mittelklasse;Erdgas (CNG) (einschl. bivalent);2013;5
2023;Obere Mittelklasse;Erdgas (CNG) (einschl. bivalent);2014;8
2023;Obere Mittelklasse;Erdgas (CNG) (einschl. bivalent);2015;3
2023;Obere Mittelklasse;Erdgas (CNG) (einschl. bivalent);2016;1
2023;Obere Mittelklasse;Erdgas (CNG) (einschl. bivalent);2017;3
2023;Obere Mittelklasse;Erdgas (CNG) (einschl. bivalent);2018;2
2023;Oberklasse;Benzin;1990;59
2023;Oberklasse;Benzin;1991;180
2023;Oberklasse;Benzin;1992;219
2023;Oberklasse;Benzin;1993;194
2023;Oberklasse;Benzin;1994;196
2023;Oberklasse;Benzin;1995;326
2023;Oberklasse;Benzin;1996;311
2023;Oberklasse;Benzin;1997;324
2023;Oberklasse;Benzin;1998;383
2023;Oberklasse;Benzin;1999;824
2023;Oberklasse;Benzin;2000;659
2023;Oberklasse;Benzin;2001;456
2023;Oberklasse;Benzin;2002;408
2023;Oberklasse;Benzin;2003;692
2023;Oberklasse;Benzin;2004;997
2023;Oberklasse;Benzin;2005;1321
2023;Oberklasse;Benzin;2006;1393
2023;Oberklasse;Benzin;2007;1204
2023;Oberklasse;Benzin;2008;997
2023;Oberklasse;Benzin;2009;747
2023;Oberklasse;Benzin;2010;693
2023;Oberklasse;Benzin;2011;1136
2023;Oberklasse;Benzin;2012;841
2023;Oberklasse;Benzin;2013;801
2023;Oberklasse;Benzin;2014;976
2023;Oberklasse;Benzin;2015;995
2023;Oberklasse;Benzin;2016;918
2023;Oberklasse;Benzin;2017;996
2023;Oberklasse;Benzin;2018;1014
2023;Oberklasse;Benzin;2019;1259
2023;Oberklasse;Benzin;2020;1302
2023;Oberklasse;Benzin;2021;490
2023;Oberklasse;Benzin;2022;995
2023;Oberklasse;Benzin;2023;734
2023;Oberklasse;Diesel;1991;1
2023;Oberklasse;Diesel;1993;15
2023;Oberklasse;Diesel;1994;14
2023;Oberklasse;Diesel;1995;19
2023;Oberklasse;Diesel;1996;22
2023;Oberklasse;Diesel;1997;20
2023;Oberklasse;Diesel;1998;22
2023;Oberklasse;Diesel;1999;11
2023;Oberklasse;Diesel;2000;114
2023;Oberklasse;Diesel;2001;213
2023;Oberklasse;Diesel;2002;151
2023;Oberklasse;Diesel;2003;146
2023;Oberklasse;Diesel;2004;331
2023;Oberklasse;Diesel;2005;556
2023;Oberklasse;Diesel;2006;1228
2023;Oberklasse;Diesel;2007;1374
2023;Oberklasse;Diesel;2008;1179
2023;Oberklasse;Diesel;2009;1018
2023;Oberklasse;Diesel;2010;1023
2023;Oberklasse;Diesel;2011;1905
2023;Oberklasse;Diesel;2012;1653
2023;Oberklasse;Diesel;2013;1567
2023;Oberklasse;Diesel;2014;1774
2023;Oberklasse;Diesel;2015;1774
2023;Oberklasse;Diesel;2016;1459
2023;Oberklasse;Diesel;2017;1339
2023;Oberklasse;Diesel;2018;1407
2023;Oberklasse;Diesel;2019;1710
2023;Oberklasse;Diesel;2020;1105
2023;Oberklasse;Diesel;2021;498
2023;Oberklasse;Diesel;2022;633
2023;Oberklasse;Diesel;2023;449
2023;Oberklasse;Elektro (BEV);2004;1
2023;Oberklasse;Elektro (BEV);2013;39
2023;Oberklasse;Elektro (BEV);2014;95
2023;Oberklasse;Elektro (BEV);2015;152
2023;Oberklasse;Elektro (BEV);2016;114
2023;Oberklasse;Elektro (BEV);2017;165
2023;Oberklasse;Elektro (BEV);2018;183
2023;Oberklasse;Elektro (BEV);2019;215
2023;Oberklasse;Elektro (BEV);2020;725
2023;Oberklasse;Elektro (BEV);2021;1389
2023;Oberklasse;Elektro (BEV);2022;3061
2023;Oberklasse;Elektro (BEV);2023;1514
2023;Oberklasse;Hybrid;2007;8
2023;Oberklasse;Hybrid;2008;8
2023;Oberklasse;Hybrid;2009;36
2023;Oberklasse;Hybrid;2010;72
2023;Oberklasse;Hybrid;2011;38
2023;Oberklasse;Hybrid;2012;20
2023;Oberklasse;Hybrid;2013;21
2023;Oberklasse;Hybrid;2014;33
2023;Oberklasse;Hybrid;2015;26
2023;Oberklasse;Hybrid;2016;22
2023;Oberklasse;Hybrid;2017;135
2023;Oberklasse;Hybrid;2018;1042
2023;Oberklasse;Hybrid;2019;1694
2023;Oberklasse;Hybrid;2020;2198
2023;Oberklasse;Hybrid;2021;2099
2023;Oberklasse;Hybrid;2022;4022
2023;Oberklasse;Hybrid;2023;2710
2023;Oberklasse;Sonstige;2008;1
2023;Oberklasse;Sonstige;2010;8
2023;Oberklasse;Sonstige;2011;17
2023;Oberklasse;Sonstige;2012;19
2023;Oberklasse;Sonstige;2013;6
2023;Oberklasse;Flüssiggas (LPG) (einschl. bivalent);1990;1
2023;Oberklasse;Flüssiggas (LPG) (einschl. bivalent);1991;7
2023;Oberklasse;Flüssiggas (LPG) (einschl. bivalent);1992;21
2023;Oberklasse;Flüssiggas (LPG) (einschl. bivalent);1993;12
2023;Oberklasse;Flüssiggas (LPG) (einschl. bivalent);1994;11
2023;Oberklasse;Flüssiggas (LPG) (einschl. bivalent);1995;30
2023;Oberklasse;Flüssiggas (LPG) (einschl. bivalent);1996;20
2023;Oberklasse;Flüssiggas (LPG) (einschl. bivalent);1997;26
2023;Oberklasse;Flüssiggas (LPG) (einschl. bivalent);1998;29
2023;Oberklasse;Flüssiggas (LPG) (einschl. bivalent);1999;160
2023;Oberklasse;Flüssiggas (LPG) (einschl. bivalent);2000;76
2023;Oberklasse;Flüssiggas (LPG) (einschl. bivalent);2001;88
2023;Oberklasse;Flüssiggas (LPG) (einschl. bivalent);2002;75
2023;Oberklasse;Flüssiggas (LPG) (einschl. bivalent);2003;162
2023;Oberklasse;Flüssiggas (LPG) (einschl. bivalent);2004;169
2023;Oberklasse;Flüssiggas (LPG) (einschl. bivalent);2005;182
2023;Oberklasse;Flüssiggas (LPG) (einschl. bivalent);2006;134
2023;Oberklasse;Flüssiggas (LPG) (einschl. bivalent);2007;87
2023;Oberklasse;Flüssiggas (LPG) (einschl. bivalent);2008;53
2023;Oberklasse;Flüssiggas (LPG) (einschl. bivalent);2009;30
2023;Oberklasse;Flüssiggas (LPG) (einschl. bivalent);2010;17
2023;Oberklasse;Flüssiggas (LPG) (einschl. bivalent);2011;9
2023;Oberklasse;Flüssiggas (LPG) (einschl. bivalent);2012;2
2023;Oberklasse;Flüssiggas (LPG) (einschl. bivalent);2013;2
2023;Oberklasse;Flüssiggas (LPG) (einschl. bivalent);2014;1
2023;Oberklasse;Erdgas (CNG) (einschl. bivalent);2005;1
2023;SUVs;Benzin;1990;94
2023;SUVs;Benzin;1991;165
2023;SUVs;Benzin;1992;140
2023;SUVs;Benzin;1993;174
2023;SUVs;Benzin;1994;132
2023;SUVs;Benzin;1995;253
2023;SUVs;Benzin;1996;318
2023;SUVs;Benzin;1997;410
2023;SUVs;Benzin;1998;550
2023;SUVs;Benzin;1999;630
2023;SUVs;Benzin;2000;596
2023;SUVs;Benzin;2001;668
2023;SUVs;Benzin;2002;673
2023;SUVs;Benzin;2003;759
2023;SUVs;Benzin;2004;1087
2023;SUVs;Benzin;2005;1457
2023;SUVs;Benzin;2006;2107
2023;SUVs;Benzin;2007;2435
2023;SUVs;Benzin;2008;2551
2023;SUVs;Benzin;2009;3315
2023;SUVs;Benzin;2010;4638
2023;SUVs;Benzin;2011;5155
2023;SUVs;Benzin;2012;5680
2023;SUVs;Benzin;2013;6938
2023;SUVs;Benzin;2014;9848
2023;SUVs;Benzin;2015;11847
2023;SUVs;Benzin;2016;15397
2023;SUVs;Benzin;2017;22133
2023;SUVs;Benzin;2018;41140
2023;SUVs;Benzin;2019;69397
2023;SUVs;Benzin;2020;45887
2023;SUVs;Benzin;2021;34328
2023;SUVs;Benzin;2022;79385
2023;SUVs;Benzin;2023;50094
2023;SUVs;Diesel;1991;2
2023;SUVs;Diesel;1992;1
2023;SUVs;Diesel;1993;3
2023;SUVs;Diesel;1994;5
2023;SUVs;Diesel;1995;2
2023;SUVs;Diesel;1996;4
2023;SUVs;Diesel;1997;8
2023;SUVs;Diesel;1998;4
2023;SUVs;Diesel;1999;14
2023;SUVs;Diesel;2000;13
2023;SUVs;Diesel;2001;23
2023;SUVs;Diesel;2002;108
2023;SUVs;Diesel;2003;118
2023;SUVs;Diesel;2004;170
2023;SUVs;Diesel;2005;588
2023;SUVs;Diesel;2006;1657
2023;SUVs;Diesel;2007;2707
2023;SUVs;Diesel;2008;3478
2023;SUVs;Diesel;2009;4444
2023;SUVs;Diesel;2010;7494
2023;SUVs;Diesel;2011;10224
2023;SUVs;Diesel;2012;11583
2023;SUVs;Diesel;2013;10924
2023;SUVs;Diesel;2014;11547
2023;SUVs;Diesel;2015;12086
2023;SUVs;Diesel;2016;13199
2023;SUVs;Diesel;2017;11957
2023;SUVs;Diesel;2018;15508
2023;SUVs;Diesel;2019;27209
2023;SUVs;Diesel;2020;21284
2023;SUVs;Diesel;2021;10068
2023;SUVs;Diesel;2022;15206
2023;SUVs;Diesel;2023;7866
2023;SUVs;Elektro (BEV);2016;37
2023;SUVs;Elektro (BEV);2017;107
2023;SUVs;Elektro (BEV);2018;146
2023;SUVs;Elektro (BEV);2019;654
2023;SUVs;Elektro (BEV);2020;6375
2023;SUVs;Elektro (BEV);2021;16128
2023;SUVs;Elektro (BEV);2022;30247
2023;SUVs;Elektro (BEV);2023;8781
2023;SUVs;Hybrid;2001;1
2023;SUVs;Hybrid;2002;1
2023;SUVs;Hybrid;2005;16
2023;SUVs;Hybrid;2006;65
2023;SUVs;Hybrid;2007;67
2023;SUVs;Hybrid;2008;49
2023;SUVs;Hybrid;2009;62
2023;SUVs;Hybrid;2010;58
2023;SUVs;Hybrid;2011;36
2023;SUVs;Hybrid;2012;48
2023;SUVs;Hybrid;2013;32
2023;SUVs;Hybrid;2014;82
2023;SUVs;Hybrid;2015;101
2023;SUVs;Hybrid;2016;732
2023;SUVs;Hybrid;2017;1835
2023;SUVs;Hybrid;2018;2521
2023;SUVs;Hybrid;2019;6014
2023;SUVs;Hybrid;2020;15312
2023;SUVs;Hybrid;2021;20459
2023;SUVs;Hybrid;2022;34429
2023;SUVs;Hybrid;2023;27610
2023;SUVs;Sonstige;2006;1
2023;SUVs;Sonstige;2007;1
2023;SUVs;Sonstige;2011;5
2023;SUVs;Sonstige;2012;9
2023;SUVs;Sonstige;2013;4
2023;SUVs;Sonstige;2015;7
2023;SUVs;Sonstige;2016;4
2023;SUVs;Sonstige;2017;5
2023;SUVs;Sonstige;2018;7
2023;SUVs;Sonstige;2019;32
2023;SUVs;Sonstige;2020;41
2023;SUVs;Sonstige;2021;18
2023;SUVs;Sonstige;2022;23
2023;SUVs;Sonstige;2023;4
2023;SUVs;Flüssiggas (LPG) (einschl. bivalent);1992;1
2023;SUVs;Flüssiggas (LPG) (einschl. bivalent);1993;5
2023;SUVs;Flüssiggas (LPG) (einschl. bivalent);1994;1
2023;SUVs;Flüssiggas (LPG) (einschl. bivalent);1995;3
2023;SUVs;Flüssiggas (LPG) (einschl. bivalent);1996;11
2023;SUVs;Flüssiggas (LPG) (einschl. bivalent);1997;15
2023;SUVs;Flüssiggas (LPG) (einschl. bivalent);1998;35
2023;SUVs;Flüssiggas (LPG) (einschl. bivalent);1999;41
2023;SUVs;Flüssiggas (LPG) (einschl. bivalent);2000;38
2023;SUVs;Flüssiggas (LPG) (einschl. bivalent);2001;74
2023;SUVs;Flüssiggas (LPG) (einschl. bivalent);2002;53
2023;SUVs;Flüssiggas (LPG) (einschl. bivalent);2003;71
2023;SUVs;Flüssiggas (LPG) (einschl. bivalent);2004;94
2023;SUVs;Flüssiggas (LPG) (einschl. bivalent);2005;177
2023;SUVs;Flüssiggas (LPG) (einschl. bivalent);2006;316
2023;SUVs;Flüssiggas (LPG) (einschl. bivalent);2007;343
2023;SUVs;Flüssiggas (LPG) (einschl. bivalent);2008;481
2023;SUVs;Flüssiggas (LPG) (einschl. bivalent);2009;340
2023;SUVs;Flüssiggas (LPG) (einschl. bivalent);2010;269
2023;SUVs;Flüssiggas (LPG) (einschl. bivalent);2011;185
2023;SUVs;Flüssiggas (LPG) (einschl. bivalent);2012;386
2023;SUVs;Flüssiggas (LPG) (einschl. bivalent);2013;171
2023;SUVs;Flüssiggas (LPG) (einschl. bivalent);2014;173
2023;SUVs;Flüssiggas (LPG) (einschl. bivalent);2015;107
2023;SUVs;Flüssiggas (LPG) (einschl. bivalent);2016;80
2023;SUVs;Flüssiggas (LPG) (einschl. bivalent);2017;112
2023;SUVs;Flüssiggas (LPG) (einschl. bivalent);2018;122
2023;SUVs;Flüssiggas (LPG) (einschl. bivalent);2019;204
2023;SUVs;Flüssiggas (LPG) (einschl. bivalent);2020;272
2023;SUVs;Flüssiggas (LPG) (einschl. bivalent);2021;167
2023;SUVs;Flüssiggas (LPG) (einschl. bivalent);2022;99
2023;SUVs;Flüssiggas (LPG) (einschl. bivalent);2023;112
2023;SUVs;Erdgas (CNG) (einschl. bivalent);2001;3
2023;SUVs;Erdgas (CNG) (einschl. bivalent);2003;1
2023;SUVs;Erdgas (CNG) (einschl. bivalent);2007;1
2023;SUVs;Erdgas (CNG) (einschl. bivalent);2008;2
2023;SUVs;Erdgas (CNG) (einschl. bivalent);2009;1
2023;SUVs;Erdgas (CNG) (einschl. bivalent);2012;1
2023;SUVs;Erdgas (CNG) (einschl. bivalent);2013;1
2023;SUVs;Erdgas (CNG) (einschl. bivalent);2018;1
2023;SUVs;Erdgas (CNG) (einschl. bivalent);2019;149
2023;SUVs;Erdgas (CNG) (einschl. bivalent);2020;679
2023;SUVs;Erdgas (CNG) (einschl. bivalent);2021;529
2023;SUVs;Erdgas (CNG) (einschl. bivalent);2022;64
2023;SUVs;Erdgas (CNG) (einschl. bivalent);2023;87
2023;Geländewagen;Benzin;1990;69
2023;Geländewagen;Benzin;1991;88
2023;Geländewagen;Benzin;1992;119
2023;Geländewagen;Benzin;1993;183
2023;Geländewagen;Benzin;1994;229
2023;Geländewagen;Benzin;1995;257
2023;Geländewagen;Benzin;1996;265
2023;Geländewagen;Benzin;1997;322
2023;Geländewagen;Benzin;1998;708
2023;Geländewagen;Benzin;1999;1324
2023;Geländewagen;Benzin;2000;1255
2023;Geländewagen;Benzin;2001;1369
2023;Geländewagen;Benzin;2002;1542
2023;Geländewagen;Benzin;2003;1977
2023;Geländewagen;Benzin;2004;2527
2023;Geländewagen;Benzin;2005;2629
2023;Geländewagen;Benzin;2006;2668
2023;Geländewagen;Benzin;2007;2066
2023;Geländewagen;Benzin;2008;2721
2023;Geländewagen;Benzin;2009;3180
2023;Geländewagen;Benzin;2010;2421
2023;Geländewagen;Benzin;2011;2422
2023;Geländewagen;Benzin;2012;2974
2023;Geländewagen;Benzin;2013;2492
2023;Geländewagen;Benzin;2014;2915
2023;Geländewagen;Benzin;2015;3100
2023;Geländewagen;Benzin;2016;4041
2023;Geländewagen;Benzin;2017;5963
2023;Geländewagen;Benzin;2018;9905
2023;Geländewagen;Benzin;2019;19301
2023;Geländewagen;Benzin;2020;16009
2023;Geländewagen;Benzin;2021;8096
2023;Geländewagen;Benzin;2022;15109
2023;Geländewagen;Benzin;2023;13934
2023;Geländewagen;Diesel;1990;42
2023;Geländewagen;Diesel;1991;55
2023;Geländewagen;Diesel;1992;79
2023;Geländewagen;Diesel;1993;57
2023;Geländewagen;Diesel;1994;56
2023;Geländewagen;Diesel;1995;78
2023;Geländewagen;Diesel;1996;95
2023;Geländewagen;Diesel;1997;134
2023;Geländewagen;Diesel;1998;172
2023;Geländewagen;Diesel;1999;305
2023;Geländewagen;Diesel;2000;510
2023;Geländewagen;Diesel;2001;997
2023;Geländewagen;Diesel;2002;1941
2023;Geländewagen;Diesel;2003;3046
2023;Geländewagen;Diesel;2004;4869
2023;Geländewagen;Diesel;2005;5904
2023;Geländewagen;Diesel;2006;9141
2023;Geländewagen;Diesel;2007;9485
2023;Geländewagen;Diesel;2008;10241
2023;Geländewagen;Diesel;2009;9322
2023;Geländewagen;Diesel;2010;8951
2023;Geländewagen;Diesel;2011;10619
2023;Geländewagen;Diesel;2012;13274
2023;Geländewagen;Diesel;2013;12049
2023;Geländewagen;Diesel;2014;12323
2023;Geländewagen;Diesel;2015;14000
2023;Geländewagen;Diesel;2016;15462
2023;Geländewagen;Diesel;2017;14940
2023;Geländewagen;Diesel;2018;20626
2023;Geländewagen;Diesel;2019;44865
2023;Geländewagen;Diesel;2020;33098
2023;Geländewagen;Diesel;2021;11128
2023;Geländewagen;Diesel;2022;16769
2023;Geländewagen;Diesel;2023;10943
2023;Geländewagen;Elektro (BEV);2009;1
2023;Geländewagen;Elektro (BEV);2018;12
2023;Geländewagen;Elektro (BEV);2019;610
2023;Geländewagen;Elektro (BEV);2020;1962
2023;Geländewagen;Elektro (BEV);2021;2235
2023;Geländewagen;Elektro (BEV);2022;3326
2023;Geländewagen;Elektro (BEV);2023;1726
2023;Geländewagen;Hybrid;2006;1
2023;Geländewagen;Hybrid;2008;2
2023;Geländewagen;Hybrid;2009;3
2023;Geländewagen;Hybrid;2010;35
2023;Geländewagen;Hybrid;2011;50
2023;Geländewagen;Hybrid;2012;37
2023;Geländewagen;Hybrid;2013;13
2023;Geländewagen;Hybrid;2014;15
2023;Geländewagen;Hybrid;2015;38
2023;Geländewagen;Hybrid;2016;98
2023;Geländewagen;Hybrid;2017;132
2023;Geländewagen;Hybrid;2018;617
2023;Geländewagen;Hybrid;2019;6643
2023;Geländewagen;Hybrid;2020;23071
2023;Geländewagen;Hybrid;2021;17260
2023;Geländewagen;Hybrid;2022;34919
2023;Geländewagen;Hybrid;2023;23770
2023;Geländewagen;Sonstige;2011;2
2023;Geländewagen;Sonstige;2012;2
2023;Geländewagen;Sonstige;2013;5
2023;Geländewagen;Sonstige;2014;1
2023;Geländewagen;Sonstige;2015;1
2023;Geländewagen;Sonstige;2022;3
2023;Geländewagen;Sonstige;2023;11
2023;Geländewagen;Flüssiggas (LPG) (einschl. bivalent);1990;1
2023;Geländewagen;Flüssiggas (LPG) (einschl. bivalent);1991;5
2023;Geländewagen;Flüssiggas (LPG) (einschl. bivalent);1992;10
2023;Geländewagen;Flüssiggas (LPG) (einschl. bivalent);1993;5
2023;Geländewagen;Flüssiggas (LPG) (einschl. bivalent);1994;11
2023;Geländewagen;Flüssiggas (LPG) (einschl. bivalent);1995;20
2023;Geländewagen;Flüssiggas (LPG) (einschl. bivalent);1996;29
2023;Geländewagen;Flüssiggas (LPG) (einschl. bivalent);1997;55
2023;Geländewagen;Flüssiggas (LPG) (einschl. bivalent);1998;85
2023;Geländewagen;Flüssiggas (LPG) (einschl. bivalent);1999;232
2023;Geländewagen;Flüssiggas (LPG) (einschl. bivalent);2000;183
2023;Geländewagen;Flüssiggas (LPG) (einschl. bivalent);2001;246
2023;Geländewagen;Flüssiggas (LPG) (einschl. bivalent);2002;234
2023;Geländewagen;Flüssiggas (LPG) (einschl. bivalent);2003;366
2023;Geländewagen;Flüssiggas (LPG) (einschl. bivalent);2004;448
2023;Geländewagen;Flüssiggas (LPG) (einschl. bivalent);2005;472
2023;Geländewagen;Flüssiggas (LPG) (einschl. bivalent);2006;536
2023;Geländewagen;Flüssiggas (LPG) (einschl. bivalent);2007;417
2023;Geländewagen;Flüssiggas (LPG) (einschl. bivalent);2008;364
2023;Geländewagen;Flüssiggas (LPG) (einschl. bivalent);2009;184
2023;Geländewagen;Flüssiggas (LPG) (einschl. bivalent);2010;100
2023;Geländewagen;Flüssiggas (LPG) (einschl. bivalent);2011;63
2023;Geländewagen;Flüssiggas (LPG) (einschl. bivalent);2012;41
2023;Geländewagen;Flüssiggas (LPG) (einschl. bivalent);2013;31
2023;Geländewagen;Flüssiggas (LPG) (einschl. bivalent);2014;26
2023;Geländewagen;Flüssiggas (LPG) (einschl. bivalent);2015;34
2023;Geländewagen;Flüssiggas (LPG) (einschl. bivalent);2016;25
2023;Geländewagen;Flüssiggas (LPG) (einschl. bivalent);2017;21
2023;Geländewagen;Flüssiggas (LPG) (einschl. bivalent);2018;19
2023;Geländewagen;Flüssiggas (LPG) (einschl. bivalent);2019;20
2023;Geländewagen;Flüssiggas (LPG) (einschl. bivalent);2020;13
2023;Geländewagen;Flüssiggas (LPG) (einschl. bivalent);2021;4
2023;Geländewagen;Erdgas (CNG) (einschl. bivalent);1997;1
2023;Geländewagen;Erdgas (CNG) (einschl. bivalent);2002;1
2023;Geländewagen;Erdgas (CNG) (einschl. bivalent);2003;3
2023;Geländewagen;Erdgas (CNG) (einschl. bivalent);2012;1
2023;Sportwagen;Benzin;1990;558
2023;Sportwagen;Benzin;1991;779
2023;Sportwagen;Benzin;1992;914
2023;Sportwagen;Benzin;1993;758
2023;Sportwagen;Benzin;1994;677
2023;Sportwagen;Benzin;1995;575
2023;Sportwagen;Benzin;1996;963
2023;Sportwagen;Benzin;1997;2403
2023;Sportwagen;Benzin;1998;3567
2023;Sportwagen;Benzin;1999;4837
2023;Sportwagen;Benzin;2000;5068
2023;Sportwagen;Benzin;2001;3715
2023;Sportwagen;Benzin;2002;3802
2023;Sportwagen;Benzin;2003;3928
2023;Sportwagen;Benzin;2004;3974
2023;Sportwagen;Benzin;2005;3445
2023;Sportwagen;Benzin;2006;3253
2023;Sportwagen;Benzin;2007;3722
2023;Sportwagen;Benzin;2008;3239
2023;Sportwagen;Benzin;2009;2553
2023;Sportwagen;Benzin;2010;2711
2023;Sportwagen;Benzin;2011;2815
2023;Sportwagen;Benzin;2012;2653
2023;Sportwagen;Benzin;2013;2391
2023;Sportwagen;Benzin;2014;2247
2023;Sportwagen;Benzin;2015;2666
2023;Sportwagen;Benzin;2016;3105
2023;Sportwagen;Benzin;2017;3314
2023;Sportwagen;Benzin;2018;4016
2023;Sportwagen;Benzin;2019;5024
2023;Sportwagen;Benzin;2020;4620
2023;Sportwagen;Benzin;2021;3153
2023;Sportwagen;Benzin;2022;5850
2023;Sportwagen;Benzin;2023;4646
2023;Sportwagen;Diesel;1996;1
2023;Sportwagen;Diesel;2001;1
2023;Sportwagen;Diesel;2002;23
2023;Sportwagen;Diesel;2003;129
2023;Sportwagen;Diesel;2004;97
2023;Sportwagen;Diesel;2005;128
2023;Sportwagen;Diesel;2006;251
2023;Sportwagen;Diesel;2007;246
2023;Sportwagen;Diesel;2008;163
2023;Sportwagen;Diesel;2009;427
2023;Sportwagen;Diesel;2010;554
2023;Sportwagen;Diesel;2011;602
2023;Sportwagen;Diesel;2012;490
2023;Sportwagen;Diesel;2013;406
2023;Sportwagen;Diesel;2014;377
2023;Sportwagen;Diesel;2015;263
2023;Sportwagen;Diesel;2016;170
2023;Sportwagen;Diesel;2017;175
2023;Sportwagen;Diesel;2018;338
2023;Sportwagen;Diesel;2019;419
2023;Sportwagen;Diesel;2020;271
2023;Sportwagen;Diesel;2021;219
2023;Sportwagen;Diesel;2022;228
2023;Sportwagen;Diesel;2023;69
2023;Sportwagen;Elektro (BEV);2001;1
2023;Sportwagen;Elektro (BEV);2012;2
2023;Sportwagen;Elektro (BEV);2022;1
2023;Sportwagen;Hybrid;2010;91
2023;Sportwagen;Hybrid;2011;41
2023;Sportwagen;Hybrid;2012;32
2023;Sportwagen;Hybrid;2013;3
2023;Sportwagen;Hybrid;2014;17
2023;Sportwagen;Hybrid;2015;22
2023;Sportwagen;Hybrid;2016;17
2023;Sportwagen;Hybrid;2017;16
2023;Sportwagen;Hybrid;2018;130
2023;Sportwagen;Hybrid;2019;501
2023;Sportwagen;Hybrid;2020;480
2023;Sportwagen;Hybrid;2021;664
2023;Sportwagen;Hybrid;2022;1264
2023;Sportwagen;Hybrid;2023;1004
2023;Sportwagen;Sonstige;2001;1
2023;Sportwagen;Sonstige;2003;1
2023;Sportwagen;Sonstige;2009;1
2023;Sportwagen;Flüssiggas (LPG) (einschl. bivalent);1990;2
2023;Sportwagen;Flüssiggas (LPG) (einschl. bivalent);1991;4
2023;Sportwagen;Flüssiggas (LPG) (einschl. bivalent);1992;6
2023;Sportwagen;Flüssiggas (LPG) (einschl. bivalent);1993;5
2023;Sportwagen;Flüssiggas (LPG) (einschl. bivalent);1994;6
2023;Sportwagen;Flüssiggas (LPG) (einschl. bivalent);1995;3
2023;Sportwagen;Flüssiggas (LPG) (einschl. bivalent);1996;14
2023;Sportwagen;Flüssiggas (LPG) (einschl. bivalent);1997;34
2023;Sportwagen;Flüssiggas (LPG) (einschl. bivalent);1998;91
2023;Sportwagen;Flüssiggas (LPG) (einschl. bivalent);1999;145
2023;Sportwagen;Flüssiggas (LPG) (einschl. bivalent);2000;142
2023;Sportwagen;Flüssiggas (LPG) (einschl. bivalent);2001;129
2023;Sportwagen;Flüssiggas (LPG) (einschl. bivalent);2002;120
2023;Sportwagen;Flüssiggas (LPG) (einschl. bivalent);2003;147
2023;Sportwagen;Flüssiggas (LPG) (einschl. bivalent);2004;103
2023;Sportwagen;Flüssiggas (LPG) (einschl. bivalent);2005;63
2023;Sportwagen;Flüssiggas (LPG) (einschl. bivalent);2006;63
2023;Sportwagen;Flüssiggas (LPG) (einschl. bivalent);2007;49
2023;Sportwagen;Flüssiggas (LPG) (einschl. bivalent);2008;24
2023;Sportwagen;Flüssiggas (LPG) (einschl. bivalent);2009;9
2023;Sportwagen;Flüssiggas (LPG) (einschl. bivalent);2010;17
2023;Sportwagen;Flüssiggas (LPG) (einschl. bivalent);2011;9
2023;Sportwagen;Flüssiggas (LPG) (einschl. bivalent);2012;18
2023;Sportwagen;Flüssiggas (LPG) (einschl. bivalent);2013;28
2023;Sportwagen;Flüssiggas (LPG) (einschl. bivalent);2014;41
2023;Sportwagen;Flüssiggas (LPG) (einschl. bivalent);2015;33
2023;Sportwagen;Flüssiggas (LPG) (einschl. bivalent);2016;39
2023;Sportwagen;Flüssiggas (LPG) (einschl. bivalent);2017;45
2023;Sportwagen;Flüssiggas (LPG) (einschl. bivalent);2018;5
2023;Sportwagen;Erdgas (CNG) (einschl. bivalent);2000;1
2023;Mini-Vans;Benzin;1991;2
2023;Mini-Vans;Benzin;1992;5
2023;Mini-Vans;Benzin;1993;6
2023;Mini-Vans;Benzin;1994;12
2023;Mini-Vans;Benzin;1995;21
2023;Mini-Vans;Benzin;1996;28
2023;Mini-Vans;Benzin;1997;102
2023;Mini-Vans;Benzin;1998;226
2023;Mini-Vans;Benzin;1999;646
2023;Mini-Vans;Benzin;2000;1642
2023;Mini-Vans;Benzin;2001;2089
2023;Mini-Vans;Benzin;2002;3157
2023;Mini-Vans;Benzin;2003;6766
2023;Mini-Vans;Benzin;2004;11063
2023;Mini-Vans;Benzin;2005;14829
2023;Mini-Vans;Benzin;2006;15622
2023;Mini-Vans;Benzin;2007;9916
2023;Mini-Vans;Benzin;2008;8980
2023;Mini-Vans;Benzin;2009;8782
2023;Mini-Vans;Benzin;2010;7351
2023;Mini-Vans;Benzin;2011;7947
2023;Mini-Vans;Benzin;2012;7624
2023;Mini-Vans;Benzin;2013;7321
2023;Mini-Vans;Benzin;2014;6116
2023;Mini-Vans;Benzin;2015;4867
2023;Mini-Vans;Benzin;2016;4449
2023;Mini-Vans;Benzin;2017;4334
2023;Mini-Vans;Benzin;2018;3889
2023;Mini-Vans;Benzin;2019;5341
2023;Mini-Vans;Benzin;2020;2342
2023;Mini-Vans;Benzin;2021;2721
2023;Mini-Vans;Benzin;2022;2730
2023;Mini-Vans;Benzin;2023;1042
2023;Mini-Vans;Diesel;1998;6
2023;Mini-Vans;Diesel;1999;13
2023;Mini-Vans;Diesel;2000;65
2023;Mini-Vans;Diesel;2001;117
2023;Mini-Vans;Diesel;2002;456
2023;Mini-Vans;Diesel;2003;694
2023;Mini-Vans;Diesel;2004;2390
2023;Mini-Vans;Diesel;2005;3385
2023;Mini-Vans;Diesel;2006;4647
2023;Mini-Vans;Diesel;2007;4301
2023;Mini-Vans;Diesel;2008;3276
2023;Mini-Vans;Diesel;2009;2460
2023;Mini-Vans;Diesel;2010;3246
2023;Mini-Vans;Diesel;2011;4211
2023;Mini-Vans;Diesel;2012;4350
2023;Mini-Vans;Diesel;2013;3390
2023;Mini-Vans;Diesel;2014;2895
2023;Mini-Vans;Diesel;2015;2411
2023;Mini-Vans;Diesel;2016;1841
2023;Mini-Vans;Diesel;2017;2046
2023;Mini-Vans;Diesel;2018;2152
2023;Mini-Vans;Diesel;2019;2809
2023;Mini-Vans;Diesel;2020;1885
2023;Mini-Vans;Diesel;2021;858
2023;Mini-Vans;Diesel;2022;951
2023;Mini-Vans;Diesel;2023;396
2023;Mini-Vans;Elektro (BEV);2014;3
2023;Mini-Vans;Elektro (BEV);2015;38
2023;Mini-Vans;Elektro (BEV);2016;56
2023;Mini-Vans;Elektro (BEV);2017;54
2023;Mini-Vans;Elektro (BEV);2018;44
2023;Mini-Vans;Elektro (BEV);2019;62
2023;Mini-Vans;Elektro (BEV);2020;205
2023;Mini-Vans;Elektro (BEV);2021;437
2023;Mini-Vans;Elektro (BEV);2022;107
2023;Mini-Vans;Elektro (BEV);2023;11
2023;Mini-Vans;Hybrid;2004;2
2023;Mini-Vans;Hybrid;2011;3
2023;Mini-Vans;Hybrid;2012;47
2023;Mini-Vans;Hybrid;2013;30
2023;Mini-Vans;Hybrid;2014;10
2023;Mini-Vans;Hybrid;2015;19
2023;Mini-Vans;Hybrid;2016;7
2023;Mini-Vans;Hybrid;2017;34
2023;Mini-Vans;Hybrid;2018;74
2023;Mini-Vans;Hybrid;2019;7
2023;Mini-Vans;Hybrid;2020;424
2023;Mini-Vans;Hybrid;2021;1584
2023;Mini-Vans;Hybrid;2022;1139
2023;Mini-Vans;Hybrid;2023;513
2023;Mini-Vans;Sonstige;2004;1
2023;Mini-Vans;Sonstige;2005;2
2023;Mini-Vans;Sonstige;2007;1
2023;Mini-Vans;Sonstige;2009;1
2023;Mini-Vans;Sonstige;2010;17
2023;Mini-Vans;Sonstige;2011;5
2023;Mini-Vans;Sonstige;2012;11
2023;Mini-Vans;Sonstige;2013;2
2023;Mini-Vans;Flüssiggas (LPG) (einschl. bivalent);1993;1
2023;Mini-Vans;Flüssiggas (LPG) (einschl. bivalent);1997;1
2023;Mini-Vans;Flüssiggas (LPG) (einschl. bivalent);1999;8
2023;Mini-Vans;Flüssiggas (LPG) (einschl. bivalent);2000;20
2023;Mini-Vans;Flüssiggas (LPG) (einschl. bivalent);2001;39
2023;Mini-Vans;Flüssiggas (LPG) (einschl. bivalent);2002;80
2023;Mini-Vans;Flüssiggas (LPG) (einschl. bivalent);2003;121
2023;Mini-Vans;Flüssiggas (LPG) (einschl. bivalent);2004;227
2023;Mini-Vans;Flüssiggas (LPG) (einschl. bivalent);2005;339
2023;Mini-Vans;Flüssiggas (LPG) (einschl. bivalent);2006;424
2023;Mini-Vans;Flüssiggas (LPG) (einschl. bivalent);2007;344
2023;Mini-Vans;Flüssiggas (LPG) (einschl. bivalent);2008;448
2023;Mini-Vans;Flüssiggas (LPG) (einschl. bivalent);2009;236
2023;Mini-Vans;Flüssiggas (LPG) (einschl. bivalent);2010;106
2023;Mini-Vans;Flüssiggas (LPG) (einschl. bivalent);2011;72
2023;Mini-Vans;Flüssiggas (LPG) (einschl. bivalent);2012;84
2023;Mini-Vans;Flüssiggas (LPG) (einschl. bivalent);2013;38
2023;Mini-Vans;Flüssiggas (LPG) (einschl. bivalent);2014;82
2023;Mini-Vans;Flüssiggas (LPG) (einschl. bivalent);2015;55
2023;Mini-Vans;Flüssiggas (LPG) (einschl. bivalent);2016;21
2023;Mini-Vans;Flüssiggas (LPG) (einschl. bivalent);2017;37
2023;Mini-Vans;Flüssiggas (LPG) (einschl. bivalent);2018;42
2023;Mini-Vans;Flüssiggas (LPG) (einschl. bivalent);2019;55
2023;Mini-Vans;Flüssiggas (LPG) (einschl. bivalent);2020;14
2023;Mini-Vans;Erdgas (CNG) (einschl. bivalent);2001;10
2023;Mini-Vans;Erdgas (CNG) (einschl. bivalent);2002;4
2023;Mini-Vans;Erdgas (CNG) (einschl. bivalent);2003;8
2023;Mini-Vans;Erdgas (CNG) (einschl. bivalent);2004;8
2023;Mini-Vans;Erdgas (CNG) (einschl. bivalent);2005;20
2023;Mini-Vans;Erdgas (CNG) (einschl. bivalent);2006;65
2023;Mini-Vans;Erdgas (CNG) (einschl. bivalent);2007;24
2023;Mini-Vans;Erdgas (CNG) (einschl. bivalent);2008;59
2023;Mini-Vans;Erdgas (CNG) (einschl. bivalent);2009;58
2023;Mini-Vans;Erdgas (CNG) (einschl. bivalent);2010;33
2023;Mini-Vans;Erdgas (CNG) (einschl. bivalent);2011;7
2023;Mini-Vans;Erdgas (CNG) (einschl. bivalent);2012;3
2023;Mini-Vans;Erdgas (CNG) (einschl. bivalent);2013;1
2023;Mini-Vans;Erdgas (CNG) (einschl. bivalent);2014;16
2023;Mini-Vans;Erdgas (CNG) (einschl. bivalent);2015;20
2023;Mini-Vans;Erdgas (CNG) (einschl. bivalent);2016;9
2023;Mini-Vans;Erdgas (CNG) (einschl. bivalent);2017;8
2023;Großraum-Vans;Benzin;1990;2
2023;Großraum-Vans;Benzin;1991;9
2023;Großraum-Vans;Benzin;1992;29
2023;Großraum-Vans;Benzin;1993;39
2023;Großraum-Vans;Benzin;1994;44
2023;Großraum-Vans;Benzin;1995;138
2023;Großraum-Vans;Benzin;1996;247
2023;Großraum-Vans;Benzin;1997;487
2023;Großraum-Vans;Benzin;1998;734
2023;Großraum-Vans;Benzin;1999;1660
2023;Großraum-Vans;Benzin;2000;2583
2023;Großraum-Vans;Benzin;2001;2954
2023;Großraum-Vans;Benzin;2002;3844
2023;Großraum-Vans;Benzin;2003;5072
2023;Großraum-Vans;Benzin;2004;5782
2023;Großraum-Vans;Benzin;2005;7007
2023;Großraum-Vans;Benzin;2006;7120
2023;Großraum-Vans;Benzin;2007;4565
2023;Großraum-Vans;Benzin;2008;4631
2023;Großraum-Vans;Benzin;2009;5229
2023;Großraum-Vans;Benzin;2010;3991
2023;Großraum-Vans;Benzin;2011;4527
2023;Großraum-Vans;Benzin;2012;3687
2023;Großraum-Vans;Benzin;2013;2705
2023;Großraum-Vans;Benzin;2014;2186
2023;Großraum-Vans;Benzin;2015;1521
2023;Großraum-Vans;Benzin;2016;2101
2023;Großraum-Vans;Benzin;2017;2686
2023;Großraum-Vans;Benzin;2018;3222
2023;Großraum-Vans;Benzin;2019;3803
2023;Großraum-Vans;Benzin;2020;1976
2023;Großraum-Vans;Benzin;2021;1760
2023;Großraum-Vans;Benzin;2022;5096
2023;Großraum-Vans;Benzin;2023;2329
2023;Großraum-Vans;Diesel;1991;1
2023;Großraum-Vans;Diesel;1992;1
2023;Großraum-Vans;Diesel;1993;9
2023;Großraum-Vans;Diesel;1994;3
2023;Großraum-Vans;Diesel;1995;8
2023;Großraum-Vans;Diesel;1996;35
2023;Großraum-Vans;Diesel;1997;73
2023;Großraum-Vans;Diesel;1998;140
2023;Großraum-Vans;Diesel;1999;224
2023;Großraum-Vans;Diesel;2000;527
2023;Großraum-Vans;Diesel;2001;1040
2023;Großraum-Vans;Diesel;2002;1896
2023;Großraum-Vans;Diesel;2003;4889
2023;Großraum-Vans;Diesel;2004;8863
2023;Großraum-Vans;Diesel;2005;8815
2023;Großraum-Vans;Diesel;2006;13431
2023;Großraum-Vans;Diesel;2007;11563
2023;Großraum-Vans;Diesel;2008;9239
2023;Großraum-Vans;Diesel;2009;7137
2023;Großraum-Vans;Diesel;2010;6514
2023;Großraum-Vans;Diesel;2011;9561
2023;Großraum-Vans;Diesel;2012;9617
2023;Großraum-Vans;Diesel;2013;7226
2023;Großraum-Vans;Diesel;2014;7068
2023;Großraum-Vans;Diesel;2015;5932
2023;Großraum-Vans;Diesel;2016;6500
2023;Großraum-Vans;Diesel;2017;6593
2023;Großraum-Vans;Diesel;2018;8274
2023;Großraum-Vans;Diesel;2019;14528
2023;Großraum-Vans;Diesel;2020;8119
2023;Großraum-Vans;Diesel;2021;2993
2023;Großraum-Vans;Diesel;2022;6773
2023;Großraum-Vans;Diesel;2023;2554
2023;Großraum-Vans;Elektro (BEV);2019;1
2023;Großraum-Vans;Elektro (BEV);2020;212
2023;Großraum-Vans;Elektro (BEV);2021;334
2023;Großraum-Vans;Elektro (BEV);2022;362
2023;Großraum-Vans;Elektro (BEV);2023;70
2023;Großraum-Vans;Hybrid;2008;1
2023;Großraum-Vans;Hybrid;2012;63
2023;Großraum-Vans;Hybrid;2013;107
2023;Großraum-Vans;Hybrid;2014;71
2023;Großraum-Vans;Hybrid;2015;126
2023;Großraum-Vans;Hybrid;2016;113
2023;Großraum-Vans;Hybrid;2017;119
2023;Großraum-Vans;Hybrid;2018;167
2023;Großraum-Vans;Hybrid;2019;150
2023;Großraum-Vans;Hybrid;2020;137
2023;Großraum-Vans;Hybrid;2021;261
2023;Großraum-Vans;Hybrid;2022;281
2023;Großraum-Vans;Hybrid;2023;480
2023;Großraum-Vans;Sonstige;2005;1
2023;Großraum-Vans;Sonstige;2006;1
2023;Großraum-Vans;Sonstige;2009;5
2023;Großraum-Vans;Sonstige;2010;10
2023;Großraum-Vans;Sonstige;2011;9
2023;Großraum-Vans;Sonstige;2012;1
2023;Großraum-Vans;Flüssiggas (LPG) (einschl. bivalent);1990;1
2023;Großraum-Vans;Flüssiggas (LPG) (einschl. bivalent);1992;1
2023;Großraum-Vans;Flüssiggas (LPG) (einschl. bivalent);1993;2
2023;Großraum-Vans;Flüssiggas (LPG) (einschl. bivalent);1994;4
2023;Großraum-Vans;Flüssiggas (LPG) (einschl. bivalent);1995;2
2023;Großraum-Vans;Flüssiggas (LPG) (einschl. bivalent);1996;11
2023;Großraum-Vans;Flüssiggas (LPG) (einschl. bivalent);1997;28
2023;Großraum-Vans;Flüssiggas (LPG) (einschl. bivalent);1998;49
2023;Großraum-Vans;Flüssiggas (LPG) (einschl. bivalent);1999;102
2023;Großraum-Vans;Flüssiggas (LPG) (einschl. bivalent);2000;101
2023;Großraum-Vans;Flüssiggas (LPG) (einschl. bivalent);2001;151
2023;Großraum-Vans;Flüssiggas (LPG) (einschl. bivalent);2002;201
2023;Großraum-Vans;Flüssiggas (LPG) (einschl. bivalent);2003;241
2023;Großraum-Vans;Flüssiggas (LPG) (einschl. bivalent);2004;274
2023;Großraum-Vans;Flüssiggas (LPG) (einschl. bivalent);2005;307
2023;Großraum-Vans;Flüssiggas (LPG) (einschl. bivalent);2006;302
2023;Großraum-Vans;Flüssiggas (LPG) (einschl. bivalent);2007;236
2023;Großraum-Vans;Flüssiggas (LPG) (einschl. bivalent);2008;270
2023;Großraum-Vans;Flüssiggas (LPG) (einschl. bivalent);2009;183
2023;Großraum-Vans;Flüssiggas (LPG) (einschl. bivalent);2010;93
2023;Großraum-Vans;Flüssiggas (LPG) (einschl. bivalent);2011;52
2023;Großraum-Vans;Flüssiggas (LPG) (einschl. bivalent);2012;42
2023;Großraum-Vans;Flüssiggas (LPG) (einschl. bivalent);2013;44
2023;Großraum-Vans;Flüssiggas (LPG) (einschl. bivalent);2014;28
2023;Großraum-Vans;Flüssiggas (LPG) (einschl. bivalent);2015;13
2023;Großraum-Vans;Flüssiggas (LPG) (einschl. bivalent);2016;10
2023;Großraum-Vans;Flüssiggas (LPG) (einschl. bivalent);2017;13
2023;Großraum-Vans;Flüssiggas (LPG) (einschl. bivalent);2018;8
2023;Großraum-Vans;Flüssiggas (LPG) (einschl. bivalent);2019;2
2023;Großraum-Vans;Flüssiggas (LPG) (einschl. bivalent);2022;181
2023;Großraum-Vans;Flüssiggas (LPG) (einschl. bivalent);2023;736
2023;Großraum-Vans;Erdgas (CNG) (einschl. bivalent);1994;1
2023;Großraum-Vans;Erdgas (CNG) (einschl. bivalent);2000;1
2023;Großraum-Vans;Erdgas (CNG) (einschl. bivalent);2001;1
2023;Großraum-Vans;Erdgas (CNG) (einschl. bivalent);2002;42
2023;Großraum-Vans;Erdgas (CNG) (einschl. bivalent);2003;25
2023;Großraum-Vans;Erdgas (CNG) (einschl. bivalent);2004;84
2023;Großraum-Vans;Erdgas (CNG) (einschl. bivalent);2005;114
2023;Großraum-Vans;Erdgas (CNG) (einschl. bivalent);2006;263
2023;Großraum-Vans;Erdgas (CNG) (einschl. bivalent);2007;335
2023;Großraum-Vans;Erdgas (CNG) (einschl. bivalent);2008;282
2023;Großraum-Vans;Erdgas (CNG) (einschl. bivalent);2009;191
2023;Großraum-Vans;Erdgas (CNG) (einschl. bivalent);2010;107
2023;Großraum-Vans;Erdgas (CNG) (einschl. bivalent);2011;130
2023;Großraum-Vans;Erdgas (CNG) (einschl. bivalent);2012;202
2023;Großraum-Vans;Erdgas (CNG) (einschl. bivalent);2013;102
2023;Großraum-Vans;Erdgas (CNG) (einschl. bivalent);2014;73
2023;Großraum-Vans;Erdgas (CNG) (einschl. bivalent);2015;25
2023;Großraum-Vans;Erdgas (CNG) (einschl. bivalent);2016;11
2023;Großraum-Vans;Erdgas (CNG) (einschl. bivalent);2017;20
2023;Großraum-Vans;Erdgas (CNG) (einschl. bivalent);2018;5
2023;Großraum-Vans;Erdgas (CNG) (einschl. bivalent);2020;1
2023;Utilities;Benzin;1990;145
2023;Utilities;Benzin;1991;174
2023;Utilities;Benzin;1992;224
2023;Utilities;Benzin;1993;197
2023;Utilities;Benzin;1994;287
2023;Utilities;Benzin;1995;380
2023;Utilities;Benzin;1996;345
2023;Utilities;Benzin;1997;430
2023;Utilities;Benzin;1998;508
2023;Utilities;Benzin;1999;890
2023;Utilities;Benzin;2000;1095
2023;Utilities;Benzin;2001;1316
2023;Utilities;Benzin;2002;1691
2023;Utilities;Benzin;2003;1868
2023;Utilities;Benzin;2004;1743
2023;Utilities;Benzin;2005;2235
2023;Utilities;Benzin;2006;2002
2023;Utilities;Benzin;2007;1292
2023;Utilities;Benzin;2008;1863
2023;Utilities;Benzin;2009;3015
2023;Utilities;Benzin;2010;1713
2023;Utilities;Benzin;2011;1569
2023;Utilities;Benzin;2012;1189
2023;Utilities;Benzin;2013;1017
2023;Utilities;Benzin;2014;1068
2023;Utilities;Benzin;2015;1099
2023;Utilities;Benzin;2016;1426
2023;Utilities;Benzin;2017;2212
2023;Utilities;Benzin;2018;2890
2023;Utilities;Benzin;2019;3882
2023;Utilities;Benzin;2020;2379
2023;Utilities;Benzin;2021;1217
2023;Utilities;Benzin;2022;3628
2023;Utilities;Benzin;2023;3433
2023;Utilities;Diesel;1990;151
2023;Utilities;Diesel;1991;146
2023;Utilities;Diesel;1992;242
2023;Utilities;Diesel;1993;171
2023;Utilities;Diesel;1994;344
2023;Utilities;Diesel;1995;459
2023;Utilities;Diesel;1996;875
2023;Utilities;Diesel;1997;1047
2023;Utilities;Diesel;1998;1326
2023;Utilities;Diesel;1999;1574
2023;Utilities;Diesel;2000;1813
2023;Utilities;Diesel;2001;1964
2023;Utilities;Diesel;2002;2578
2023;Utilities;Diesel;2003;3017
2023;Utilities;Diesel;2004;4374
2023;Utilities;Diesel;2005;5256
2023;Utilities;Diesel;2006;6720
2023;Utilities;Diesel;2007;6454
2023;Utilities;Diesel;2008;6943
2023;Utilities;Diesel;2009;6570
2023;Utilities;Diesel;2010;6895
2023;Utilities;Diesel;2011;7388
2023;Utilities;Diesel;2012;6931
2023;Utilities;Diesel;2013;6996
2023;Utilities;Diesel;2014;7016
2023;Utilities;Diesel;2015;7848
2023;Utilities;Diesel;2016;9026
2023;Utilities;Diesel;2017;9969
2023;Utilities;Diesel;2018;11354
2023;Utilities;Diesel;2019;15929
2023;Utilities;Diesel;2020;11126
2023;Utilities;Diesel;2021;6785
2023;Utilities;Diesel;2022;13927
2023;Utilities;Diesel;2023;9139
2023;Utilities;Elektro (BEV);1998;1
2023;Utilities;Elektro (BEV);1999;1
2023;Utilities;Elektro (BEV);2009;2
2023;Utilities;Elektro (BEV);2010;1
2023;Utilities;Elektro (BEV);2011;1
2023;Utilities;Elektro (BEV);2012;1
2023;Utilities;Elektro (BEV);2013;4
2023;Utilities;Elektro (BEV);2014;3
2023;Utilities;Elektro (BEV);2015;8
2023;Utilities;Elektro (BEV);2016;11
2023;Utilities;Elektro (BEV);2017;7
2023;Utilities;Elektro (BEV);2018;23
2023;Utilities;Elektro (BEV);2019;64
2023;Utilities;Elektro (BEV);2020;115
2023;Utilities;Elektro (BEV);2021;278
2023;Utilities;Elektro (BEV);2022;819
2023;Utilities;Elektro (BEV);2023;590
2023;Utilities;Hybrid;2018;2
2023;Utilities;Hybrid;2019;16
2023;Utilities;Hybrid;2020;172
2023;Utilities;Hybrid;2021;486
2023;Utilities;Hybrid;2022;744
2023;Utilities;Hybrid;2023;749
2023;Utilities;Sonstige;1995;1
2023;Utilities;Sonstige;2005;1
2023;Utilities;Sonstige;2010;1
2023;Utilities;Flüssiggas (LPG) (einschl. bivalent);1990;7
2023;Utilities;Flüssiggas (LPG) (einschl. bivalent);1991;13
2023;Utilities;Flüssiggas (LPG) (einschl. bivalent);1992;23
2023;Utilities;Flüssiggas (LPG) (einschl. bivalent);1993;27
2023;Utilities;Flüssiggas (LPG) (einschl. bivalent);1994;42
2023;Utilities;Flüssiggas (LPG) (einschl. bivalent);1995;77
2023;Utilities;Flüssiggas (LPG) (einschl. bivalent);1996;83
2023;Utilities;Flüssiggas (LPG) (einschl. bivalent);1997;79
2023;Utilities;Flüssiggas (LPG) (einschl. bivalent);1998;68
2023;Utilities;Flüssiggas (LPG) (einschl. bivalent);1999;41
2023;Utilities;Flüssiggas (LPG) (einschl. bivalent);2000;26
2023;Utilities;Flüssiggas (LPG) (einschl. bivalent);2001;42
2023;Utilities;Flüssiggas (LPG) (einschl. bivalent);2002;51
2023;Utilities;Flüssiggas (LPG) (einschl. bivalent);2003;50
2023;Utilities;Flüssiggas (LPG) (einschl. bivalent);2004;73
2023;Utilities;Flüssiggas (LPG) (einschl. bivalent);2005;126
2023;Utilities;Flüssiggas (LPG) (einschl. bivalent);2006;109
2023;Utilities;Flüssiggas (LPG) (einschl. bivalent);2007;68
2023;Utilities;Flüssiggas (LPG) (einschl. bivalent);2008;215
2023;Utilities;Flüssiggas (LPG) (einschl. bivalent);2009;144
2023;Utilities;Flüssiggas (LPG) (einschl. bivalent);2010;53
2023;Utilities;Flüssiggas (LPG) (einschl. bivalent);2011;58
2023;Utilities;Flüssiggas (LPG) (einschl. bivalent);2012;76
2023;Utilities;Flüssiggas (LPG) (einschl. bivalent);2013;30
2023;Utilities;Flüssiggas (LPG) (einschl. bivalent);2014;68
2023;Utilities;Flüssiggas (LPG) (einschl. bivalent);2015;61
2023;Utilities;Flüssiggas (LPG) (einschl. bivalent);2016;4
2023;Utilities;Flüssiggas (LPG) (einschl. bivalent);2017;47
2023;Utilities;Flüssiggas (LPG) (einschl. bivalent);2018;101
2023;Utilities;Flüssiggas (LPG) (einschl. bivalent);2019;84
2023;Utilities;Flüssiggas (LPG) (einschl. bivalent);2020;1
2023;Utilities;Flüssiggas (LPG) (einschl. bivalent);2021;1
2023;Utilities;Erdgas (CNG) (einschl. bivalent);1993;1
2023;Utilities;Erdgas (CNG) (einschl. bivalent);1995;1
2023;Utilities;Erdgas (CNG) (einschl. bivalent);1999;1
2023;Utilities;Erdgas (CNG) (einschl. bivalent);2000;1
2023;Utilities;Erdgas (CNG) (einschl. bivalent);2002;1
2023;Utilities;Erdgas (CNG) (einschl. bivalent);2003;2
2023;Utilities;Erdgas (CNG) (einschl. bivalent);2004;2
2023;Utilities;Erdgas (CNG) (einschl. bivalent);2005;83
2023;Utilities;Erdgas (CNG) (einschl. bivalent);2006;368
2023;Utilities;Erdgas (CNG) (einschl. bivalent);2007;337
2023;Utilities;Erdgas (CNG) (einschl. bivalent);2008;316
2023;Utilities;Erdgas (CNG) (einschl. bivalent);2009;257
2023;Utilities;Erdgas (CNG) (einschl. bivalent);2010;147
2023;Utilities;Erdgas (CNG) (einschl. bivalent);2011;149
2023;Utilities;Erdgas (CNG) (einschl. bivalent);2012;121
2023;Utilities;Erdgas (CNG) (einschl. bivalent);2013;70
2023;Utilities;Erdgas (CNG) (einschl. bivalent);2014;53
2023;Utilities;Erdgas (CNG) (einschl. bivalent);2015;37
2023;Utilities;Erdgas (CNG) (einschl. bivalent);2016;34
2023;Utilities;Erdgas (CNG) (einschl. bivalent);2017;55
2023;Utilities;Erdgas (CNG) (einschl. bivalent);2018;101
2023;Utilities;Erdgas (CNG) (einschl. bivalent);2019;106
2023;Utilities;Erdgas (CNG) (einschl. bivalent);2020;35
2023;Utilities;Erdgas (CNG) (einschl. bivalent);2021;6
2023;Utilities;Erdgas (CNG) (einschl. bivalent);2022;2
2023;Utilities;Erdgas (CNG) (einschl. bivalent);2023;1
2023;Wohnmobile;Benzin;1990;68
2023;Wohnmobile;Benzin;1991;78
2023;Wohnmobile;Benzin;1992;71
2023;Wohnmobile;Benzin;1993;56
2023;Wohnmobile;Benzin;1994;44
2023;Wohnmobile;Benzin;1995;50
2023;Wohnmobile;Benzin;1996;34
2023;Wohnmobile;Benzin;1997;27
2023;Wohnmobile;Benzin;1998;28
2023;Wohnmobile;Benzin;1999;18
2023;Wohnmobile;Benzin;2000;6
2023;Wohnmobile;Benzin;2001;4
2023;Wohnmobile;Benzin;2002;4
2023;Wohnmobile;Benzin;2003;1
2023;Wohnmobile;Benzin;2004;2
2023;Wohnmobile;Benzin;2005;6
2023;Wohnmobile;Benzin;2006;3
2023;Wohnmobile;Benzin;2007;2
2023;Wohnmobile;Benzin;2008;6
2023;Wohnmobile;Benzin;2009;3
2023;Wohnmobile;Benzin;2010;1
2023;Wohnmobile;Benzin;2011;1
2023;Wohnmobile;Benzin;2012;5
2023;Wohnmobile;Benzin;2013;3
2023;Wohnmobile;Benzin;2014;7
2023;Wohnmobile;Benzin;2015;3
2023;Wohnmobile;Benzin;2016;4
2023;Wohnmobile;Benzin;2017;10
2023;Wohnmobile;Benzin;2018;18
2023;Wohnmobile;Benzin;2019;12
2023;Wohnmobile;Benzin;2020;19
2023;Wohnmobile;Benzin;2021;23
2023;Wohnmobile;Benzin;2022;54
2023;Wohnmobile;Benzin;2023;51
2023;Wohnmobile;Diesel;1990;975
2023;Wohnmobile;Diesel;1991;1110
2023;Wohnmobile;Diesel;1992;1260
2023;Wohnmobile;Diesel;1993;1086
2023;Wohnmobile;Diesel;1994;1077
2023;Wohnmobile;Diesel;1995;1038
2023;Wohnmobile;Diesel;1996;1191
2023;Wohnmobile;Diesel;1997;1254
2023;Wohnmobile;Diesel;1998;1221
2023;Wohnmobile;Diesel;1999;1520
2023;Wohnmobile;Diesel;2000;1648
2023;Wohnmobile;Diesel;2001;1772
2023;Wohnmobile;Diesel;2002;1578
2023;Wohnmobile;Diesel;2003;1597
2023;Wohnmobile;Diesel;2004;1677
2023;Wohnmobile;Diesel;2005;1707
2023;Wohnmobile;Diesel;2006;1826
2023;Wohnmobile;Diesel;2007;1783
2023;Wohnmobile;Diesel;2008;1814
2023;Wohnmobile;Diesel;2009;1561
2023;Wohnmobile;Diesel;2010;1539
2023;Wohnmobile;Diesel;2011;1687
2023;Wohnmobile;Diesel;2012;1784
2023;Wohnmobile;Diesel;2013;1830
2023;Wohnmobile;Diesel;2014;1877
2023;Wohnmobile;Diesel;2015;2178
2023;Wohnmobile;Diesel;2016;2631
2023;Wohnmobile;Diesel;2017;2868
2023;Wohnmobile;Diesel;2018;3301
2023;Wohnmobile;Diesel;2019;3921
2023;Wohnmobile;Diesel;2020;5754
2023;Wohnmobile;Diesel;2021;7631
2023;Wohnmobile;Diesel;2022;10024
2023;Wohnmobile;Diesel;2023;13157
2023;Wohnmobile;Elektro (BEV);2019;1
2023;Wohnmobile;Elektro (BEV);2022;8
2023;Wohnmobile;Elektro (BEV);2023;1
2023;Wohnmobile;Hybrid;2014;1
2023;Wohnmobile;Hybrid;2019;1
2023;Wohnmobile;Hybrid;2021;1
2023;Wohnmobile;Hybrid;2022;1
2023;Wohnmobile;Sonstige;1991;1
2023;Wohnmobile;Sonstige;1993;1
2023;Wohnmobile;Sonstige;1999;1
2023;Wohnmobile;Sonstige;2000;1
2023;Wohnmobile;Sonstige;2011;1
2023;Wohnmobile;Sonstige;2012;1
2023;Wohnmobile;Sonstige;2013;2
2023;Wohnmobile;Sonstige;2021;1
2023;Wohnmobile;Sonstige;2022;2
2023;Wohnmobile;Sonstige;2023;1
2023;Wohnmobile;Flüssiggas (LPG) (einschl. bivalent);1990;15
2023;Wohnmobile;Flüssiggas (LPG) (einschl. bivalent);1991;23
2023;Wohnmobile;Flüssiggas (LPG) (einschl. bivalent);1992;20
2023;Wohnmobile;Flüssiggas (LPG) (einschl. bivalent);1993;17
2023;Wohnmobile;Flüssiggas (LPG) (einschl. bivalent);1994;21
2023;Wohnmobile;Flüssiggas (LPG) (einschl. bivalent);1995;28
2023;Wohnmobile;Flüssiggas (LPG) (einschl. bivalent);1996;7
2023;Wohnmobile;Flüssiggas (LPG) (einschl. bivalent);1997;22
2023;Wohnmobile;Flüssiggas (LPG) (einschl. bivalent);1998;7
2023;Wohnmobile;Flüssiggas (LPG) (einschl. bivalent);1999;6
2023;Wohnmobile;Flüssiggas (LPG) (einschl. bivalent);2000;6
2023;Wohnmobile;Flüssiggas (LPG) (einschl. bivalent);2001;8
2023;Wohnmobile;Flüssiggas (LPG) (einschl. bivalent);2002;5
2023;Wohnmobile;Flüssiggas (LPG) (einschl. bivalent);2003;2
2023;Wohnmobile;Flüssiggas (LPG) (einschl. bivalent);2004;3
2023;Wohnmobile;Flüssiggas (LPG) (einschl. bivalent);2005;10
2023;Wohnmobile;Flüssiggas (LPG) (einschl. bivalent);2006;2
2023;Wohnmobile;Flüssiggas (LPG) (einschl. bivalent);2007;2
2023;Wohnmobile;Flüssiggas (LPG) (einschl. bivalent);2008;6
2023;Wohnmobile;Flüssiggas (LPG) (einschl. bivalent);2009;4
2023;Wohnmobile;Flüssiggas (LPG) (einschl. bivalent);2010;1
2023;Wohnmobile;Flüssiggas (LPG) (einschl. bivalent);2011;1
2023;Wohnmobile;Flüssiggas (LPG) (einschl. bivalent);2012;1
2023;Wohnmobile;Flüssiggas (LPG) (einschl. bivalent);2016;1
2023;Wohnmobile;Flüssiggas (LPG) (einschl. bivalent);2017;1
2023;Wohnmobile;Flüssiggas (LPG) (einschl. bivalent);2018;2
2023;Wohnmobile;Flüssiggas (LPG) (einschl. bivalent);2023;1
2023;Wohnmobile;Erdgas (CNG) (einschl. bivalent);2001;1
2023;Wohnmobile;Erdgas (CNG) (einschl. bivalent);2004;1
2023;Wohnmobile;Erdgas (CNG) (einschl. bivalent);2005;1
2023;Wohnmobile;Erdgas (CNG) (einschl. bivalent);2006;5
2023;Wohnmobile;Erdgas (CNG) (einschl. bivalent);2007;1
2023;Wohnmobile;Erdgas (CNG) (einschl. bivalent);2008;1
2023;Wohnmobile;Erdgas (CNG) (einschl. bivalent);2010;1
2023;Wohnmobile;Erdgas (CNG) (einschl. bivalent);2011;1
2023;Wohnmobile;Erdgas (CNG) (einschl. bivalent);2023;1
2023;Sonstige;Benzin;1908;1
2023;Sonstige;Benzin;1911;1
2023;Sonstige;Benzin;1912;3
2023;Sonstige;Benzin;1913;1
2023;Sonstige;Benzin;1914;8
2023;Sonstige;Benzin;1915;5
2023;Sonstige;Benzin;1916;1
2023;Sonstige;Benzin;1918;2
2023;Sonstige;Benzin;1919;4
2023;Sonstige;Benzin;1920;5
2023;Sonstige;Benzin;1921;1
2023;Sonstige;Benzin;1922;3
2023;Sonstige;Benzin;1923;9
2023;Sonstige;Benzin;1924;6
2023;Sonstige;Benzin;1925;8
2023;Sonstige;Benzin;1926;8
2023;Sonstige;Benzin;1927;18
2023;Sonstige;Benzin;1928;35
2023;Sonstige;Benzin;1929;51
2023;Sonstige;Benzin;1930;50
2023;Sonstige;Benzin;1931;62
2023;Sonstige;Benzin;1932;30
2023;Sonstige;Benzin;1933;23
2023;Sonstige;Benzin;1934;39
2023;Sonstige;Benzin;1935;42
2023;Sonstige;Benzin;1936;53
2023;Sonstige;Benzin;1937;61
2023;Sonstige;Benzin;1938;54
2023;Sonstige;Benzin;1939;65
2023;Sonstige;Benzin;1940;16
2023;Sonstige;Benzin;1941;15
2023;Sonstige;Benzin;1942;9
2023;Sonstige;Benzin;1943;20
2023;Sonstige;Benzin;1944;28
2023;Sonstige;Benzin;1945;13
2023;Sonstige;Benzin;1946;6
2023;Sonstige;Benzin;1947;32
2023;Sonstige;Benzin;1948;31
2023;Sonstige;Benzin;1949;42
2023;Sonstige;Benzin;1950;80
2023;Sonstige;Benzin;1951;72
2023;Sonstige;Benzin;1952;119
2023;Sonstige;Benzin;1953;123
2023;Sonstige;Benzin;1954;147
2023;Sonstige;Benzin;1955;203
2023;Sonstige;Benzin;1956;239
2023;Sonstige;Benzin;1957;346
2023;Sonstige;Benzin;1958;325
2023;Sonstige;Benzin;1959;392
2023;Sonstige;Benzin;1960;449
2023;Sonstige;Benzin;1961;398
2023;Sonstige;Benzin;1962;508
2023;Sonstige;Benzin;1963;456
2023;Sonstige;Benzin;1964;618
2023;Sonstige;Benzin;1965;802
2023;Sonstige;Benzin;1966;908
2023;Sonstige;Benzin;1967;1009
2023;Sonstige;Benzin;1968;1103
2023;Sonstige;Benzin;1969;1038
2023;Sonstige;Benzin;1970;1223
2023;Sonstige;Benzin;1971;1370
2023;Sonstige;Benzin;1972;1421
2023;Sonstige;Benzin;1973;1415
2023;Sonstige;Benzin;1974;992
2023;Sonstige;Benzin;1975;928
2023;Sonstige;Benzin;1976;960
2023;Sonstige;Benzin;1977;1110
2023;Sonstige;Benzin;1978;1433
2023;Sonstige;Benzin;1979;1619
2023;Sonstige;Benzin;1980;1283
2023;Sonstige;Benzin;1981;1342
2023;Sonstige;Benzin;1982;1492
2023;Sonstige;Benzin;1983;2169
2023;Sonstige;Benzin;1984;2085
2023;Sonstige;Benzin;1985;2158
2023;Sonstige;Benzin;1986;2984
2023;Sonstige;Benzin;1987;3977
2023;Sonstige;Benzin;1988;5159
2023;Sonstige;Benzin;1989;7154
2023;Sonstige;Benzin;1990;1590
2023;Sonstige;Benzin;1991;1479
2023;Sonstige;Benzin;1992;1197
2023;Sonstige;Benzin;1993;999
2023;Sonstige;Benzin;1994;1165
2023;Sonstige;Benzin;1995;1644
2023;Sonstige;Benzin;1996;1843
2023;Sonstige;Benzin;1997;1588
2023;Sonstige;Benzin;1998;1440
2023;Sonstige;Benzin;1999;1291
2023;Sonstige;Benzin;2000;1685
2023;Sonstige;Benzin;2001;2017
2023;Sonstige;Benzin;2002;2405
2023;Sonstige;Benzin;2003;2390
2023;Sonstige;Benzin;2004;2472
2023;Sonstige;Benzin;2005;2302
2023;Sonstige;Benzin;2006;1140
2023;Sonstige;Benzin;2007;719
2023;Sonstige;Benzin;2008;726
2023;Sonstige;Benzin;2009;818
2023;Sonstige;Benzin;2010;561
2023;Sonstige;Benzin;2011;638
2023;Sonstige;Benzin;2012;816
2023;Sonstige;Benzin;2013;907
2023;Sonstige;Benzin;2014;957
2023;Sonstige;Benzin;2015;1156
2023;Sonstige;Benzin;2016;1134
2023;Sonstige;Benzin;2017;1171
2023;Sonstige;Benzin;2018;1305
2023;Sonstige;Benzin;2019;1248
2023;Sonstige;Benzin;2020;1123
2023;Sonstige;Benzin;2021;1291
2023;Sonstige;Benzin;2022;1663
2023;Sonstige;Benzin;2023;2506
2023;Sonstige;Diesel;1917;1
2023;Sonstige;Diesel;1940;1
2023;Sonstige;Diesel;1944;1
2023;Sonstige;Diesel;1947;1
2023;Sonstige;Diesel;1948;1
2023;Sonstige;Diesel;1949;1
2023;Sonstige;Diesel;1950;2
2023;Sonstige;Diesel;1951;8
2023;Sonstige;Diesel;1952;6
2023;Sonstige;Diesel;1953;12
2023;Sonstige;Diesel;1954;8
2023;Sonstige;Diesel;1955;6
2023;Sonstige;Diesel;1956;10
2023;Sonstige;Diesel;1957;2
2023;Sonstige;Diesel;1958;2
2023;Sonstige;Diesel;1959;11
2023;Sonstige;Diesel;1960;15
2023;Sonstige;Diesel;1961;15
2023;Sonstige;Diesel;1962;13
2023;Sonstige;Diesel;1963;12
2023;Sonstige;Diesel;1964;13
2023;Sonstige;Diesel;1965;31
2023;Sonstige;Diesel;1966;31
2023;Sonstige;Diesel;1967;27
2023;Sonstige;Diesel;1968;20
2023;Sonstige;Diesel;1969;28
2023;Sonstige;Diesel;1970;41
2023;Sonstige;Diesel;1971;53
2023;Sonstige;Diesel;1972;64
2023;Sonstige;Diesel;1973;56
2023;Sonstige;Diesel;1974;56
2023;Sonstige;Diesel;1975;61
2023;Sonstige;Diesel;1976;102
2023;Sonstige;Diesel;1977;68
2023;Sonstige;Diesel;1978;126
2023;Sonstige;Diesel;1979;186
2023;Sonstige;Diesel;1980;232
2023;Sonstige;Diesel;1981;330
2023;Sonstige;Diesel;1982;445
2023;Sonstige;Diesel;1983;416
2023;Sonstige;Diesel;1984;456
2023;Sonstige;Diesel;1985;635
2023;Sonstige;Diesel;1986;855
2023;Sonstige;Diesel;1987;965
2023;Sonstige;Diesel;1988;1097
2023;Sonstige;Diesel;1989;1264
2023;Sonstige;Diesel;1990;51
2023;Sonstige;Diesel;1991;43
2023;Sonstige;Diesel;1992;35
2023;Sonstige;Diesel;1993;34
2023;Sonstige;Diesel;1994;36
2023;Sonstige;Diesel;1995;101
2023;Sonstige;Diesel;1996;80
2023;Sonstige;Diesel;1997;86
2023;Sonstige;Diesel;1998;116
2023;Sonstige;Diesel;1999;173
2023;Sonstige;Diesel;2000;424
2023;Sonstige;Diesel;2001;846
2023;Sonstige;Diesel;2002;845
2023;Sonstige;Diesel;2003;714
2023;Sonstige;Diesel;2004;810
2023;Sonstige;Diesel;2005;415
2023;Sonstige;Diesel;2006;189
2023;Sonstige;Diesel;2007;142
2023;Sonstige;Diesel;2008;103
2023;Sonstige;Diesel;2009;109
2023;Sonstige;Diesel;2010;90
2023;Sonstige;Diesel;2011;213
2023;Sonstige;Diesel;2012;284
2023;Sonstige;Diesel;2013;147
2023;Sonstige;Diesel;2014;136
2023;Sonstige;Diesel;2015;103
2023;Sonstige;Diesel;2016;123
2023;Sonstige;Diesel;2017;76
2023;Sonstige;Diesel;2018;55
2023;Sonstige;Diesel;2019;124
2023;Sonstige;Diesel;2020;102
2023;Sonstige;Diesel;2021;127
2023;Sonstige;Diesel;2022;200
2023;Sonstige;Diesel;2023;97
2023;Sonstige;Elektro (BEV);1931;1
2023;Sonstige;Elektro (BEV);1966;1
2023;Sonstige;Elektro (BEV);1967;1
2023;Sonstige;Elektro (BEV);1970;2
2023;Sonstige;Elektro (BEV);1971;3
2023;Sonstige;Elektro (BEV);1972;4
2023;Sonstige;Elektro (BEV);1973;2
2023;Sonstige;Elektro (BEV);1975;1
2023;Sonstige;Elektro (BEV);1976;1
2023;Sonstige;Elektro (BEV);1977;1
2023;Sonstige;Elektro (BEV);1978;1
2023;Sonstige;Elektro (BEV);1981;1
2023;Sonstige;Elektro (BEV);1984;2
2023;Sonstige;Elektro (BEV);1985;2
2023;Sonstige;Elektro (BEV);1987;1
2023;Sonstige;Elektro (BEV);1988;1
2023;Sonstige;Elektro (BEV);1991;5
2023;Sonstige;Elektro (BEV);1992;6
2023;Sonstige;Elektro (BEV);1993;1
2023;Sonstige;Elektro (BEV);1994;2
2023;Sonstige;Elektro (BEV);1995;2
2023;Sonstige;Elektro (BEV);1996;6
2023;Sonstige;Elektro (BEV);1997;2
2023;Sonstige;Elektro (BEV);1998;6
2023;Sonstige;Elektro (BEV);1999;3
2023;Sonstige;Elektro (BEV);2000;1
2023;Sonstige;Elektro (BEV);2002;1
2023;Sonstige;Elektro (BEV);2006;1
2023;Sonstige;Elektro (BEV);2008;1
2023;Sonstige;Elektro (BEV);2009;3
2023;Sonstige;Elektro (BEV);2010;10
2023;Sonstige;Elektro (BEV);2011;13
2023;Sonstige;Elektro (BEV);2012;17
2023;Sonstige;Elektro (BEV);2013;9
2023;Sonstige;Elektro (BEV);2014;24
2023;Sonstige;Elektro (BEV);2015;24
2023;Sonstige;Elektro (BEV);2016;16
2023;Sonstige;Elektro (BEV);2017;11
2023;Sonstige;Elektro (BEV);2018;1
2023;Sonstige;Elektro (BEV);2019;21
2023;Sonstige;Elektro (BEV);2020;63
2023;Sonstige;Elektro (BEV);2021;299
2023;Sonstige;Elektro (BEV);2022;752
2023;Sonstige;Elektro (BEV);2023;273
2023;Sonstige;Hybrid;1982;1
2023;Sonstige;Hybrid;1986;1
2023;Sonstige;Hybrid;2003;1
2023;Sonstige;Hybrid;2004;4
2023;Sonstige;Hybrid;2006;1
2023;Sonstige;Hybrid;2007;3
2023;Sonstige;Hybrid;2008;11
2023;Sonstige;Hybrid;2009;3
2023;Sonstige;Hybrid;2010;6
2023;Sonstige;Hybrid;2011;4
2023;Sonstige;Hybrid;2012;14
2023;Sonstige;Hybrid;2013;37
2023;Sonstige;Hybrid;2014;34
2023;Sonstige;Hybrid;2015;26
2023;Sonstige;Hybrid;2016;11
2023;Sonstige;Hybrid;2017;16
2023;Sonstige;Hybrid;2018;23
2023;Sonstige;Hybrid;2019;51
2023;Sonstige;Hybrid;2020;82
2023;Sonstige;Hybrid;2021;347
2023;Sonstige;Hybrid;2022;487
2023;Sonstige;Hybrid;2023;260
2023;Sonstige;Sonstige;1901;1
2023;Sonstige;Sonstige;1929;1
2023;Sonstige;Sonstige;1955;1
2023;Sonstige;Sonstige;1960;1
2023;Sonstige;Sonstige;1962;2
2023;Sonstige;Sonstige;1964;2
2023;Sonstige;Sonstige;1966;2
2023;Sonstige;Sonstige;1967;1
2023;Sonstige;Sonstige;1973;2
2023;Sonstige;Sonstige;1974;1
2023;Sonstige;Sonstige;1977;1
2023;Sonstige;Sonstige;1979;2
2023;Sonstige;Sonstige;1981;2
2023;Sonstige;Sonstige;1982;2
2023;Sonstige;Sonstige;1983;1
2023;Sonstige;Sonstige;1984;3
2023;Sonstige;Sonstige;1985;1
2023;Sonstige;Sonstige;2001;1
2023;Sonstige;Sonstige;2003;1
2023;Sonstige;Sonstige;2007;1
2023;Sonstige;Sonstige;2008;1
2023;Sonstige;Sonstige;2015;1
2023;Sonstige;Sonstige;2016;4
2023;Sonstige;Sonstige;2017;10
2023;Sonstige;Sonstige;2018;3
2023;Sonstige;Sonstige;2019;16
2023;Sonstige;Sonstige;2020;41
2023;Sonstige;Sonstige;2021;5
2023;Sonstige;Sonstige;2022;3
2023;Sonstige;Sonstige;2023;81
2023;Sonstige;Flüssiggas (LPG) (einschl. bivalent);1957;1
2023;Sonstige;Flüssiggas (LPG) (einschl. bivalent);1958;1
2023;Sonstige;Flüssiggas (LPG) (einschl. bivalent);1960;1
2023;Sonstige;Flüssiggas (LPG) (einschl. bivalent);1961;2
2023;Sonstige;Flüssiggas (LPG) (einschl. bivalent);1963;1
2023;Sonstige;Flüssiggas (LPG) (einschl. bivalent);1964;2
2023;Sonstige;Flüssiggas (LPG) (einschl. bivalent);1965;3
2023;Sonstige;Flüssiggas (LPG) (einschl. bivalent);1966;7
2023;Sonstige;Flüssiggas (LPG) (einschl. bivalent);1967;4
2023;Sonstige;Flüssiggas (LPG) (einschl. bivalent);1968;2
2023;Sonstige;Flüssiggas (LPG) (einschl. bivalent);1969;1
2023;Sonstige;Flüssiggas (LPG) (einschl. bivalent);1970;4
2023;Sonstige;Flüssiggas (LPG) (einschl. bivalent);1971;5
2023;Sonstige;Flüssiggas (LPG) (einschl. bivalent);1972;2
2023;Sonstige;Flüssiggas (LPG) (einschl. bivalent);1973;1
2023;Sonstige;Flüssiggas (LPG) (einschl. bivalent);1974;4
2023;Sonstige;Flüssiggas (LPG) (einschl. bivalent);1975;6
2023;Sonstige;Flüssiggas (LPG) (einschl. bivalent);1976;5
2023;Sonstige;Flüssiggas (LPG) (einschl. bivalent);1977;2
2023;Sonstige;Flüssiggas (LPG) (einschl. bivalent);1978;9
2023;Sonstige;Flüssiggas (LPG) (einschl. bivalent);1979;12
2023;Sonstige;Flüssiggas (LPG) (einschl. bivalent);1980;10
2023;Sonstige;Flüssiggas (LPG) (einschl. bivalent);1981;12
2023;Sonstige;Flüssiggas (LPG) (einschl. bivalent);1982;11
2023;Sonstige;Flüssiggas (LPG) (einschl. bivalent);1983;21
2023;Sonstige;Flüssiggas (LPG) (einschl. bivalent);1984;19
2023;Sonstige;Flüssiggas (LPG) (einschl. bivalent);1985;17
2023;Sonstige;Flüssiggas (LPG) (einschl. bivalent);1986;27
2023;Sonstige;Flüssiggas (LPG) (einschl. bivalent);1987;45
2023;Sonstige;Flüssiggas (LPG) (einschl. bivalent);1988;46
2023;Sonstige;Flüssiggas (LPG) (einschl. bivalent);1989;80
2023;Sonstige;Flüssiggas (LPG) (einschl. bivalent);1990;36
2023;Sonstige;Flüssiggas (LPG) (einschl. bivalent);1991;38
2023;Sonstige;Flüssiggas (LPG) (einschl. bivalent);1992;25
2023;Sonstige;Flüssiggas (LPG) (einschl. bivalent);1993;31
2023;Sonstige;Flüssiggas (LPG) (einschl. bivalent);1994;34
2023;Sonstige;Flüssiggas (LPG) (einschl. bivalent);1995;54
2023;Sonstige;Flüssiggas (LPG) (einschl. bivalent);1996;45
2023;Sonstige;Flüssiggas (LPG) (einschl. bivalent);1997;92
2023;Sonstige;Flüssiggas (LPG) (einschl. bivalent);1998;101
2023;Sonstige;Flüssiggas (LPG) (einschl. bivalent);1999;95
2023;Sonstige;Flüssiggas (LPG) (einschl. bivalent);2000;84
2023;Sonstige;Flüssiggas (LPG) (einschl. bivalent);2001;117
2023;Sonstige;Flüssiggas (LPG) (einschl. bivalent);2002;119
2023;Sonstige;Flüssiggas (LPG) (einschl. bivalent);2003;98
2023;Sonstige;Flüssiggas (LPG) (einschl. bivalent);2004;119
2023;Sonstige;Flüssiggas (LPG) (einschl. bivalent);2005;153
2023;Sonstige;Flüssiggas (LPG) (einschl. bivalent);2006;127
2023;Sonstige;Flüssiggas (LPG) (einschl. bivalent);2007;114
2023;Sonstige;Flüssiggas (LPG) (einschl. bivalent);2008;118
2023;Sonstige;Flüssiggas (LPG) (einschl. bivalent);2009;67
2023;Sonstige;Flüssiggas (LPG) (einschl. bivalent);2010;75
2023;Sonstige;Flüssiggas (LPG) (einschl. bivalent);2011;49
2023;Sonstige;Flüssiggas (LPG) (einschl. bivalent);2012;47
2023;Sonstige;Flüssiggas (LPG) (einschl. bivalent);2013;47
2023;Sonstige;Flüssiggas (LPG) (einschl. bivalent);2014;52
2023;Sonstige;Flüssiggas (LPG) (einschl. bivalent);2015;62
2023;Sonstige;Flüssiggas (LPG) (einschl. bivalent);2016;77
2023;Sonstige;Flüssiggas (LPG) (einschl. bivalent);2017;57
2023;Sonstige;Flüssiggas (LPG) (einschl. bivalent);2018;70
2023;Sonstige;Flüssiggas (LPG) (einschl. bivalent);2019;93
2023;Sonstige;Flüssiggas (LPG) (einschl. bivalent);2020;58
2023;Sonstige;Flüssiggas (LPG) (einschl. bivalent);2021;52
2023;Sonstige;Flüssiggas (LPG) (einschl. bivalent);2022;23
2023;Sonstige;Flüssiggas (LPG) (einschl. bivalent);2023;46
2023;Sonstige;Erdgas (CNG) (einschl. bivalent);1985;1
2023;Sonstige;Erdgas (CNG) (einschl. bivalent);1987;1
2023;Sonstige;Erdgas (CNG) (einschl. bivalent);1995;1
2023;Sonstige;Erdgas (CNG) (einschl. bivalent);1996;1
2023;Sonstige;Erdgas (CNG) (einschl. bivalent);1998;1
2023;Sonstige;Erdgas (CNG) (einschl. bivalent);1999;1
2023;Sonstige;Erdgas (CNG) (einschl. bivalent);2002;3
2023;Sonstige;Erdgas (CNG) (einschl. bivalent);2003;4
2023;Sonstige;Erdgas (CNG) (einschl. bivalent);2012;8
2023;Sonstige;Erdgas (CNG) (einschl. bivalent);2013;7
2023;Sonstige;Erdgas (CNG) (einschl. bivalent);2014;2
2023;Sonstige;Erdgas (CNG) (einschl. bivalent);2015;1
2024;Minis;Benzin;1990;67
2024;Minis;Benzin;1991;111
2024;Minis;Benzin;1992;146
2024;Minis;Benzin;1993;224
2024;Minis;Benzin;1994;271
2024;Minis;Benzin;1995;445
2024;Minis;Benzin;1996;685
2024;Minis;Benzin;1997;1236
2024;Minis;Benzin;1998;2954
2024;Minis;Benzin;1999;7522
2024;Minis;Benzin;2000;9029
2024;Minis;Benzin;2001;12466
2024;Minis;Benzin;2002;12999
2024;Minis;Benzin;2003;13439
2024;Minis;Benzin;2004;12560
2024;Minis;Benzin;2005;15952
2024;Minis;Benzin;2006;16985
2024;Minis;Benzin;2007;17218
2024;Minis;Benzin;2008;17782
2024;Minis;Benzin;2009;36603
2024;Minis;Benzin;2010;17792
2024;Minis;Benzin;2011;15037
2024;Minis;Benzin;2012;16771
2024;Minis;Benzin;2013;16148
2024;Minis;Benzin;2014;15515
2024;Minis;Benzin;2015;16531
2024;Minis;Benzin;2016;15133
2024;Minis;Benzin;2017;14777
2024;Minis;Benzin;2018;15081
2024;Minis;Benzin;2019;18981
2024;Minis;Benzin;2020;13951
2024;Minis;Benzin;2021;10538
2024;Minis;Benzin;2022;3637
2024;Minis;Benzin;2023;5999
2024;Minis;Benzin;2024;8753
2024;Minis;Diesel;1993;3
2024;Minis;Diesel;1994;1
2024;Minis;Diesel;1995;3
2024;Minis;Diesel;1996;5
2024;Minis;Diesel;1997;1
2024;Minis;Diesel;1998;38
2024;Minis;Diesel;1999;219
2024;Minis;Diesel;2000;762
2024;Minis;Diesel;2001;1108
2024;Minis;Diesel;2002;970
2024;Minis;Diesel;2003;710
2024;Minis;Diesel;2004;627
2024;Minis;Diesel;2005;584
2024;Minis;Diesel;2006;826
2024;Minis;Diesel;2007;729
2024;Minis;Diesel;2008;935
2024;Minis;Diesel;2009;801
2024;Minis;Diesel;2010;549
2024;Minis;Diesel;2011;455
2024;Minis;Diesel;2012;321
2024;Minis;Diesel;2013;395
2024;Minis;Diesel;2014;201
2024;Minis;Diesel;2015;247
2024;Minis;Diesel;2016;171
2024;Minis;Diesel;2017;104
2024;Minis;Diesel;2018;48
2024;Minis;Diesel;2019;50
2024;Minis;Diesel;2020;31
2024;Minis;Diesel;2021;18
2024;Minis;Diesel;2022;12
2024;Minis;Diesel;2023;2
2024;Minis;Elektro (BEV);1993;1
2024;Minis;Elektro (BEV);1996;1
2024;Minis;Elektro (BEV);1997;1
2024;Minis;Elektro (BEV);1998;3
2024;Minis;Elektro (BEV);1999;2
2024;Minis;Elektro (BEV);2000;2
2024;Minis;Elektro (BEV);2001;2
2024;Minis;Elektro (BEV);2002;1
2024;Minis;Elektro (BEV);2005;2
2024;Minis;Elektro (BEV);2006;1
2024;Minis;Elektro (BEV);2008;1
2024;Minis;Elektro (BEV);2010;11
2024;Minis;Elektro (BEV);2011;118
2024;Minis;Elektro (BEV);2012;83
2024;Minis;Elektro (BEV);2013;150
2024;Minis;Elektro (BEV);2014;151
2024;Minis;Elektro (BEV);2015;100
2024;Minis;Elektro (BEV);2016;43
2024;Minis;Elektro (BEV);2017;211
2024;Minis;Elektro (BEV);2018;305
2024;Minis;Elektro (BEV);2019;529
2024;Minis;Elektro (BEV);2020;3465
2024;Minis;Elektro (BEV);2021;12018
2024;Minis;Elektro (BEV);2022;7240
2024;Minis;Elektro (BEV);2023;7053
2024;Minis;Elektro (BEV);2024;3246
2024;Minis;Hybrid;2002;1
2024;Minis;Hybrid;2004;1
2024;Minis;Hybrid;2020;1350
2024;Minis;Hybrid;2021;2370
2024;Minis;Hybrid;2022;2189
2024;Minis;Hybrid;2023;3861
2024;Minis;Hybrid;2024;11230
2024;Minis;Sonstige;2006;2
2024;Minis;Sonstige;2007;1
2024;Minis;Sonstige;2009;1
2024;Minis;Sonstige;2012;1
2024;Minis;Sonstige;2021;1
2024;Minis;Flüssiggas (LPG) (einschl. bivalent);1996;1
2024;Minis;Flüssiggas (LPG) (einschl. bivalent);1997;1
2024;Minis;Flüssiggas (LPG) (einschl. bivalent);1998;8
2024;Minis;Flüssiggas (LPG) (einschl. bivalent);1999;10
2024;Minis;Flüssiggas (LPG) (einschl. bivalent);2000;19
2024;Minis;Flüssiggas (LPG) (einschl. bivalent);2001;18
2024;Minis;Flüssiggas (LPG) (einschl. bivalent);2002;35
2024;Minis;Flüssiggas (LPG) (einschl. bivalent);2003;52
2024;Minis;Flüssiggas (LPG) (einschl. bivalent);2004;65
2024;Minis;Flüssiggas (LPG) (einschl. bivalent);2005;103
2024;Minis;Flüssiggas (LPG) (einschl. bivalent);2006;141
2024;Minis;Flüssiggas (LPG) (einschl. bivalent);2007;175
2024;Minis;Flüssiggas (LPG) (einschl. bivalent);2008;207
2024;Minis;Flüssiggas (LPG) (einschl. bivalent);2009;209
2024;Minis;Flüssiggas (LPG) (einschl. bivalent);2010;102
2024;Minis;Flüssiggas (LPG) (einschl. bivalent);2011;90
2024;Minis;Flüssiggas (LPG) (einschl. bivalent);2012;120
2024;Minis;Flüssiggas (LPG) (einschl. bivalent);2013;60
2024;Minis;Flüssiggas (LPG) (einschl. bivalent);2014;104
2024;Minis;Flüssiggas (LPG) (einschl. bivalent);2015;104
2024;Minis;Flüssiggas (LPG) (einschl. bivalent);2016;84
2024;Minis;Flüssiggas (LPG) (einschl. bivalent);2017;79
2024;Minis;Flüssiggas (LPG) (einschl. bivalent);2018;28
2024;Minis;Flüssiggas (LPG) (einschl. bivalent);2019;35
2024;Minis;Flüssiggas (LPG) (einschl. bivalent);2020;18
2024;Minis;Flüssiggas (LPG) (einschl. bivalent);2021;4
2024;Minis;Flüssiggas (LPG) (einschl. bivalent);2022;5
2024;Minis;Flüssiggas (LPG) (einschl. bivalent);2023;1
2024;Minis;Erdgas (CNG) (einschl. bivalent);1999;2
2024;Minis;Erdgas (CNG) (einschl. bivalent);2001;4
2024;Minis;Erdgas (CNG) (einschl. bivalent);2002;3
2024;Minis;Erdgas (CNG) (einschl. bivalent);2003;4
2024;Minis;Erdgas (CNG) (einschl. bivalent);2004;1
2024;Minis;Erdgas (CNG) (einschl. bivalent);2005;10
2024;Minis;Erdgas (CNG) (einschl. bivalent);2007;34
2024;Minis;Erdgas (CNG) (einschl. bivalent);2008;60
2024;Minis;Erdgas (CNG) (einschl. bivalent);2009;39
2024;Minis;Erdgas (CNG) (einschl. bivalent);2010;8
2024;Minis;Erdgas (CNG) (einschl. bivalent);2011;23
2024;Minis;Erdgas (CNG) (einschl. bivalent);2012;13
2024;Minis;Erdgas (CNG) (einschl. bivalent);2013;414
2024;Minis;Erdgas (CNG) (einschl. bivalent);2014;237
2024;Minis;Erdgas (CNG) (einschl. bivalent);2015;156
2024;Minis;Erdgas (CNG) (einschl. bivalent);2016;76
2024;Minis;Erdgas (CNG) (einschl. bivalent);2017;73
2024;Minis;Erdgas (CNG) (einschl. bivalent);2018;87
2024;Minis;Erdgas (CNG) (einschl. bivalent);2019;125
2024;Minis;Erdgas (CNG) (einschl. bivalent);2020;86
2024;Minis;Erdgas (CNG) (einschl. bivalent);2021;52
2024;Minis;Erdgas (CNG) (einschl. bivalent);2022;9
2024;Minis;Erdgas (CNG) (einschl. bivalent);2023;6
2024;Kleinwagen;Benzin;1990;504
2024;Kleinwagen;Benzin;1991;1180
2024;Kleinwagen;Benzin;1992;1088
2024;Kleinwagen;Benzin;1993;1396
2024;Kleinwagen;Benzin;1994;1592
2024;Kleinwagen;Benzin;1995;3719
2024;Kleinwagen;Benzin;1996;5684
2024;Kleinwagen;Benzin;1997;8131
2024;Kleinwagen;Benzin;1998;8750
2024;Kleinwagen;Benzin;1999;14206
2024;Kleinwagen;Benzin;2000;19170
2024;Kleinwagen;Benzin;2001;32107
2024;Kleinwagen;Benzin;2002;42127
2024;Kleinwagen;Benzin;2003;58673
2024;Kleinwagen;Benzin;2004;53266
2024;Kleinwagen;Benzin;2005;61644
2024;Kleinwagen;Benzin;2006;62173
2024;Kleinwagen;Benzin;2007;59975
2024;Kleinwagen;Benzin;2008;52340
2024;Kleinwagen;Benzin;2009;85219
2024;Kleinwagen;Benzin;2010;43659
2024;Kleinwagen;Benzin;2011;44064
2024;Kleinwagen;Benzin;2012;35351
2024;Kleinwagen;Benzin;2013;29882
2024;Kleinwagen;Benzin;2014;28622
2024;Kleinwagen;Benzin;2015;28306
2024;Kleinwagen;Benzin;2016;27799
2024;Kleinwagen;Benzin;2017;27798
2024;Kleinwagen;Benzin;2018;27094
2024;Kleinwagen;Benzin;2019;35611
2024;Kleinwagen;Benzin;2020;42958
2024;Kleinwagen;Benzin;2021;40313
2024;Kleinwagen;Benzin;2022;19756
2024;Kleinwagen;Benzin;2023;45303
2024;Kleinwagen;Benzin;2024;41296
2024;Kleinwagen;Diesel;1990;2
2024;Kleinwagen;Diesel;1991;15
2024;Kleinwagen;Diesel;1992;17
2024;Kleinwagen;Diesel;1993;9
2024;Kleinwagen;Diesel;1994;5
2024;Kleinwagen;Diesel;1995;5
2024;Kleinwagen;Diesel;1996;12
2024;Kleinwagen;Diesel;1997;17
2024;Kleinwagen;Diesel;1998;47
2024;Kleinwagen;Diesel;1999;83
2024;Kleinwagen;Diesel;2000;444
2024;Kleinwagen;Diesel;2001;1100
2024;Kleinwagen;Diesel;2002;2093
2024;Kleinwagen;Diesel;2003;2978
2024;Kleinwagen;Diesel;2004;4337
2024;Kleinwagen;Diesel;2005;4463
2024;Kleinwagen;Diesel;2006;5471
2024;Kleinwagen;Diesel;2007;6387
2024;Kleinwagen;Diesel;2008;5529
2024;Kleinwagen;Diesel;2009;5624
2024;Kleinwagen;Diesel;2010;5936
2024;Kleinwagen;Diesel;2011;7716
2024;Kleinwagen;Diesel;2012;6770
2024;Kleinwagen;Diesel;2013;5297
2024;Kleinwagen;Diesel;2014;4689
2024;Kleinwagen;Diesel;2015;5050
2024;Kleinwagen;Diesel;2016;3926
2024;Kleinwagen;Diesel;2017;2547
2024;Kleinwagen;Diesel;2018;2710
2024;Kleinwagen;Diesel;2019;2635
2024;Kleinwagen;Diesel;2020;2141
2024;Kleinwagen;Diesel;2021;1181
2024;Kleinwagen;Diesel;2022;505
2024;Kleinwagen;Diesel;2023;495
2024;Kleinwagen;Diesel;2024;493
2024;Kleinwagen;Elektro (BEV);1995;1
2024;Kleinwagen;Elektro (BEV);1996;2
2024;Kleinwagen;Elektro (BEV);1997;2
2024;Kleinwagen;Elektro (BEV);1998;2
2024;Kleinwagen;Elektro (BEV);1999;2
2024;Kleinwagen;Elektro (BEV);2000;1
2024;Kleinwagen;Elektro (BEV);2001;2
2024;Kleinwagen;Elektro (BEV);2002;1
2024;Kleinwagen;Elektro (BEV);2003;1
2024;Kleinwagen;Elektro (BEV);2005;1
2024;Kleinwagen;Elektro (BEV);2012;4
2024;Kleinwagen;Elektro (BEV);2013;167
2024;Kleinwagen;Elektro (BEV);2014;264
2024;Kleinwagen;Elektro (BEV);2015;230
2024;Kleinwagen;Elektro (BEV);2016;307
2024;Kleinwagen;Elektro (BEV);2017;411
2024;Kleinwagen;Elektro (BEV);2018;593
2024;Kleinwagen;Elektro (BEV);2019;1504
2024;Kleinwagen;Elektro (BEV);2020;6471
2024;Kleinwagen;Elektro (BEV);2021;17508
2024;Kleinwagen;Elektro (BEV);2022;7147
2024;Kleinwagen;Elektro (BEV);2023;6142
2024;Kleinwagen;Elektro (BEV);2024;1902
2024;Kleinwagen;Hybrid;2011;50
2024;Kleinwagen;Hybrid;2012;334
2024;Kleinwagen;Hybrid;2013;466
2024;Kleinwagen;Hybrid;2014;457
2024;Kleinwagen;Hybrid;2015;447
2024;Kleinwagen;Hybrid;2016;567
2024;Kleinwagen;Hybrid;2017;974
2024;Kleinwagen;Hybrid;2018;1027
2024;Kleinwagen;Hybrid;2019;1058
2024;Kleinwagen;Hybrid;2020;6423
2024;Kleinwagen;Hybrid;2021;8921
2024;Kleinwagen;Hybrid;2022;5755
2024;Kleinwagen;Hybrid;2023;11925
2024;Kleinwagen;Hybrid;2024;22345
2024;Kleinwagen;Sonstige;2004;2
2024;Kleinwagen;Sonstige;2007;3
2024;Kleinwagen;Sonstige;2008;1
2024;Kleinwagen;Sonstige;2009;4
2024;Kleinwagen;Sonstige;2010;2
2024;Kleinwagen;Sonstige;2011;1
2024;Kleinwagen;Sonstige;2022;1
2024;Kleinwagen;Sonstige;2023;2
2024;Kleinwagen;Flüssiggas (LPG) (einschl. bivalent);1990;1
2024;Kleinwagen;Flüssiggas (LPG) (einschl. bivalent);1991;4
2024;Kleinwagen;Flüssiggas (LPG) (einschl. bivalent);1992;1
2024;Kleinwagen;Flüssiggas (LPG) (einschl. bivalent);1993;4
2024;Kleinwagen;Flüssiggas (LPG) (einschl. bivalent);1994;1
2024;Kleinwagen;Flüssiggas (LPG) (einschl. bivalent);1995;3
2024;Kleinwagen;Flüssiggas (LPG) (einschl. bivalent);1996;11
2024;Kleinwagen;Flüssiggas (LPG) (einschl. bivalent);1997;18
2024;Kleinwagen;Flüssiggas (LPG) (einschl. bivalent);1998;19
2024;Kleinwagen;Flüssiggas (LPG) (einschl. bivalent);1999;34
2024;Kleinwagen;Flüssiggas (LPG) (einschl. bivalent);2000;71
2024;Kleinwagen;Flüssiggas (LPG) (einschl. bivalent);2001;111
2024;Kleinwagen;Flüssiggas (LPG) (einschl. bivalent);2002;164
2024;Kleinwagen;Flüssiggas (LPG) (einschl. bivalent);2003;277
2024;Kleinwagen;Flüssiggas (LPG) (einschl. bivalent);2004;329
2024;Kleinwagen;Flüssiggas (LPG) (einschl. bivalent);2005;474
2024;Kleinwagen;Flüssiggas (LPG) (einschl. bivalent);2006;698
2024;Kleinwagen;Flüssiggas (LPG) (einschl. bivalent);2007;913
2024;Kleinwagen;Flüssiggas (LPG) (einschl. bivalent);2008;955
2024;Kleinwagen;Flüssiggas (LPG) (einschl. bivalent);2009;924
2024;Kleinwagen;Flüssiggas (LPG) (einschl. bivalent);2010;473
2024;Kleinwagen;Flüssiggas (LPG) (einschl. bivalent);2011;338
2024;Kleinwagen;Flüssiggas (LPG) (einschl. bivalent);2012;304
2024;Kleinwagen;Flüssiggas (LPG) (einschl. bivalent);2013;187
2024;Kleinwagen;Flüssiggas (LPG) (einschl. bivalent);2014;100
2024;Kleinwagen;Flüssiggas (LPG) (einschl. bivalent);2015;42
2024;Kleinwagen;Flüssiggas (LPG) (einschl. bivalent);2016;38
2024;Kleinwagen;Flüssiggas (LPG) (einschl. bivalent);2017;40
2024;Kleinwagen;Flüssiggas (LPG) (einschl. bivalent);2018;54
2024;Kleinwagen;Flüssiggas (LPG) (einschl. bivalent);2019;45
2024;Kleinwagen;Flüssiggas (LPG) (einschl. bivalent);2020;29
2024;Kleinwagen;Flüssiggas (LPG) (einschl. bivalent);2021;40
2024;Kleinwagen;Flüssiggas (LPG) (einschl. bivalent);2022;14
2024;Kleinwagen;Flüssiggas (LPG) (einschl. bivalent);2023;15
2024;Kleinwagen;Flüssiggas (LPG) (einschl. bivalent);2024;38
2024;Kleinwagen;Erdgas (CNG) (einschl. bivalent);1995;1
2024;Kleinwagen;Erdgas (CNG) (einschl. bivalent);1998;1
2024;Kleinwagen;Erdgas (CNG) (einschl. bivalent);2000;3
2024;Kleinwagen;Erdgas (CNG) (einschl. bivalent);2001;3
2024;Kleinwagen;Erdgas (CNG) (einschl. bivalent);2002;4
2024;Kleinwagen;Erdgas (CNG) (einschl. bivalent);2003;7
2024;Kleinwagen;Erdgas (CNG) (einschl. bivalent);2004;26
2024;Kleinwagen;Erdgas (CNG) (einschl. bivalent);2005;45
2024;Kleinwagen;Erdgas (CNG) (einschl. bivalent);2006;71
2024;Kleinwagen;Erdgas (CNG) (einschl. bivalent);2007;23
2024;Kleinwagen;Erdgas (CNG) (einschl. bivalent);2008;29
2024;Kleinwagen;Erdgas (CNG) (einschl. bivalent);2009;55
2024;Kleinwagen;Erdgas (CNG) (einschl. bivalent);2010;21
2024;Kleinwagen;Erdgas (CNG) (einschl. bivalent);2011;32
2024;Kleinwagen;Erdgas (CNG) (einschl. bivalent);2012;27
2024;Kleinwagen;Erdgas (CNG) (einschl. bivalent);2013;16
2024;Kleinwagen;Erdgas (CNG) (einschl. bivalent);2014;4
2024;Kleinwagen;Erdgas (CNG) (einschl. bivalent);2015;3
2024;Kleinwagen;Erdgas (CNG) (einschl. bivalent);2016;1
2024;Kleinwagen;Erdgas (CNG) (einschl. bivalent);2017;4
2024;Kleinwagen;Erdgas (CNG) (einschl. bivalent);2018;63
2024;Kleinwagen;Erdgas (CNG) (einschl. bivalent);2019;93
2024;Kleinwagen;Erdgas (CNG) (einschl. bivalent);2020;198
2024;Kleinwagen;Erdgas (CNG) (einschl. bivalent);2021;383
2024;Kleinwagen;Erdgas (CNG) (einschl. bivalent);2022;46
2024;Kleinwagen;Erdgas (CNG) (einschl. bivalent);2023;53
2024;Kleinwagen;Erdgas (CNG) (einschl. bivalent);2024;2
2024;Kompaktklasse;Benzin;1990;2581
2024;Kompaktklasse;Benzin;1991;3416
2024;Kompaktklasse;Benzin;1992;2523
2024;Kompaktklasse;Benzin;1993;3163
2024;Kompaktklasse;Benzin;1994;3927
2024;Kompaktklasse;Benzin;1995;5767
2024;Kompaktklasse;Benzin;1996;7745
2024;Kompaktklasse;Benzin;1997;11145
2024;Kompaktklasse;Benzin;1998;23228
2024;Kompaktklasse;Benzin;1999;36489
2024;Kompaktklasse;Benzin;2000;32060
2024;Kompaktklasse;Benzin;2001;36903
2024;Kompaktklasse;Benzin;2002;37377
2024;Kompaktklasse;Benzin;2003;41423
2024;Kompaktklasse;Benzin;2004;45785
2024;Kompaktklasse;Benzin;2005;55114
2024;Kompaktklasse;Benzin;2006;48848
2024;Kompaktklasse;Benzin;2007;42999
2024;Kompaktklasse;Benzin;2008;44619
2024;Kompaktklasse;Benzin;2009;70099
2024;Kompaktklasse;Benzin;2010;43725
2024;Kompaktklasse;Benzin;2011;39784
2024;Kompaktklasse;Benzin;2012;33448
2024;Kompaktklasse;Benzin;2013;34000
2024;Kompaktklasse;Benzin;2014;32729
2024;Kompaktklasse;Benzin;2015;31377
2024;Kompaktklasse;Benzin;2016;32544
2024;Kompaktklasse;Benzin;2017;33642
2024;Kompaktklasse;Benzin;2018;36365
2024;Kompaktklasse;Benzin;2019;49680
2024;Kompaktklasse;Benzin;2020;45471
2024;Kompaktklasse;Benzin;2021;36255
2024;Kompaktklasse;Benzin;2022;20788
2024;Kompaktklasse;Benzin;2023;40243
2024;Kompaktklasse;Benzin;2024;35384
2024;Kompaktklasse;Diesel;1990;67
2024;Kompaktklasse;Diesel;1991;126
2024;Kompaktklasse;Diesel;1992;52
2024;Kompaktklasse;Diesel;1993;34
2024;Kompaktklasse;Diesel;1994;64
2024;Kompaktklasse;Diesel;1995;86
2024;Kompaktklasse;Diesel;1996;192
2024;Kompaktklasse;Diesel;1997;297
2024;Kompaktklasse;Diesel;1998;1043
2024;Kompaktklasse;Diesel;1999;2622
2024;Kompaktklasse;Diesel;2000;3995
2024;Kompaktklasse;Diesel;2001;5281
2024;Kompaktklasse;Diesel;2002;7621
2024;Kompaktklasse;Diesel;2003;9193
2024;Kompaktklasse;Diesel;2004;11462
2024;Kompaktklasse;Diesel;2005;15789
2024;Kompaktklasse;Diesel;2006;19052
2024;Kompaktklasse;Diesel;2007;22910
2024;Kompaktklasse;Diesel;2008;22542
2024;Kompaktklasse;Diesel;2009;20827
2024;Kompaktklasse;Diesel;2010;20924
2024;Kompaktklasse;Diesel;2011;26882
2024;Kompaktklasse;Diesel;2012;23657
2024;Kompaktklasse;Diesel;2013;22485
2024;Kompaktklasse;Diesel;2014;25162
2024;Kompaktklasse;Diesel;2015;28360
2024;Kompaktklasse;Diesel;2016;25310
2024;Kompaktklasse;Diesel;2017;19683
2024;Kompaktklasse;Diesel;2018;18444
2024;Kompaktklasse;Diesel;2019;31817
2024;Kompaktklasse;Diesel;2020;36578
2024;Kompaktklasse;Diesel;2021;27471
2024;Kompaktklasse;Diesel;2022;10147
2024;Kompaktklasse;Diesel;2023;16853
2024;Kompaktklasse;Diesel;2024;13364
2024;Kompaktklasse;Elektro (BEV);1994;1
2024;Kompaktklasse;Elektro (BEV);2000;1
2024;Kompaktklasse;Elektro (BEV);2011;5
2024;Kompaktklasse;Elektro (BEV);2012;35
2024;Kompaktklasse;Elektro (BEV);2013;44
2024;Kompaktklasse;Elektro (BEV);2014;38
2024;Kompaktklasse;Elektro (BEV);2015;64
2024;Kompaktklasse;Elektro (BEV);2016;88
2024;Kompaktklasse;Elektro (BEV);2017;140
2024;Kompaktklasse;Elektro (BEV);2018;389
2024;Kompaktklasse;Elektro (BEV);2019;798
2024;Kompaktklasse;Elektro (BEV);2020;5883
2024;Kompaktklasse;Elektro (BEV);2021;9988
2024;Kompaktklasse;Elektro (BEV);2022;4676
2024;Kompaktklasse;Elektro (BEV);2023;7197
2024;Kompaktklasse;Elektro (BEV);2024;9737
2024;Kompaktklasse;Hybrid;2002;1
2024;Kompaktklasse;Hybrid;2003;6
2024;Kompaktklasse;Hybrid;2004;117
2024;Kompaktklasse;Hybrid;2005;205
2024;Kompaktklasse;Hybrid;2006;239
2024;Kompaktklasse;Hybrid;2007;433
2024;Kompaktklasse;Hybrid;2008;258
2024;Kompaktklasse;Hybrid;2009;471
2024;Kompaktklasse;Hybrid;2010;439
2024;Kompaktklasse;Hybrid;2011;558
2024;Kompaktklasse;Hybrid;2012;531
2024;Kompaktklasse;Hybrid;2013;756
2024;Kompaktklasse;Hybrid;2014;711
2024;Kompaktklasse;Hybrid;2015;956
2024;Kompaktklasse;Hybrid;2016;1223
2024;Kompaktklasse;Hybrid;2017;1376
2024;Kompaktklasse;Hybrid;2018;1702
2024;Kompaktklasse;Hybrid;2019;3346
2024;Kompaktklasse;Hybrid;2020;14258
2024;Kompaktklasse;Hybrid;2021;28662
2024;Kompaktklasse;Hybrid;2022;17621
2024;Kompaktklasse;Hybrid;2023;34528
2024;Kompaktklasse;Hybrid;2024;23664
2024;Kompaktklasse;Sonstige;2006;2
2024;Kompaktklasse;Sonstige;2009;85
2024;Kompaktklasse;Sonstige;2010;31
2024;Kompaktklasse;Sonstige;2011;113
2024;Kompaktklasse;Sonstige;2012;140
2024;Kompaktklasse;Sonstige;2013;19
2024;Kompaktklasse;Sonstige;2014;3
2024;Kompaktklasse;Sonstige;2015;2
2024;Kompaktklasse;Sonstige;2017;1
2024;Kompaktklasse;Sonstige;2022;1
2024;Kompaktklasse;Sonstige;2024;4
2024;Kompaktklasse;Flüssiggas (LPG) (einschl. bivalent);1990;4
2024;Kompaktklasse;Flüssiggas (LPG) (einschl. bivalent);1991;12
2024;Kompaktklasse;Flüssiggas (LPG) (einschl. bivalent);1992;6
2024;Kompaktklasse;Flüssiggas (LPG) (einschl. bivalent);1993;18
2024;Kompaktklasse;Flüssiggas (LPG) (einschl. bivalent);1994;37
2024;Kompaktklasse;Flüssiggas (LPG) (einschl. bivalent);1995;34
2024;Kompaktklasse;Flüssiggas (LPG) (einschl. bivalent);1996;43
2024;Kompaktklasse;Flüssiggas (LPG) (einschl. bivalent);1997;85
2024;Kompaktklasse;Flüssiggas (LPG) (einschl. bivalent);1998;157
2024;Kompaktklasse;Flüssiggas (LPG) (einschl. bivalent);1999;314
2024;Kompaktklasse;Flüssiggas (LPG) (einschl. bivalent);2000;282
2024;Kompaktklasse;Flüssiggas (LPG) (einschl. bivalent);2001;330
2024;Kompaktklasse;Flüssiggas (LPG) (einschl. bivalent);2002;454
2024;Kompaktklasse;Flüssiggas (LPG) (einschl. bivalent);2003;538
2024;Kompaktklasse;Flüssiggas (LPG) (einschl. bivalent);2004;625
2024;Kompaktklasse;Flüssiggas (LPG) (einschl. bivalent);2005;894
2024;Kompaktklasse;Flüssiggas (LPG) (einschl. bivalent);2006;873
2024;Kompaktklasse;Flüssiggas (LPG) (einschl. bivalent);2007;940
2024;Kompaktklasse;Flüssiggas (LPG) (einschl. bivalent);2008;1286
2024;Kompaktklasse;Flüssiggas (LPG) (einschl. bivalent);2009;1069
2024;Kompaktklasse;Flüssiggas (LPG) (einschl. bivalent);2010;658
2024;Kompaktklasse;Flüssiggas (LPG) (einschl. bivalent);2011;431
2024;Kompaktklasse;Flüssiggas (LPG) (einschl. bivalent);2012;576
2024;Kompaktklasse;Flüssiggas (LPG) (einschl. bivalent);2013;313
2024;Kompaktklasse;Flüssiggas (LPG) (einschl. bivalent);2014;192
2024;Kompaktklasse;Flüssiggas (LPG) (einschl. bivalent);2015;158
2024;Kompaktklasse;Flüssiggas (LPG) (einschl. bivalent);2016;134
2024;Kompaktklasse;Flüssiggas (LPG) (einschl. bivalent);2017;135
2024;Kompaktklasse;Flüssiggas (LPG) (einschl. bivalent);2018;138
2024;Kompaktklasse;Flüssiggas (LPG) (einschl. bivalent);2019;211
2024;Kompaktklasse;Flüssiggas (LPG) (einschl. bivalent);2020;275
2024;Kompaktklasse;Flüssiggas (LPG) (einschl. bivalent);2021;509
2024;Kompaktklasse;Flüssiggas (LPG) (einschl. bivalent);2022;427
2024;Kompaktklasse;Flüssiggas (LPG) (einschl. bivalent);2023;326
2024;Kompaktklasse;Flüssiggas (LPG) (einschl. bivalent);2024;620
2024;Kompaktklasse;Erdgas (CNG) (einschl. bivalent);1997;1
2024;Kompaktklasse;Erdgas (CNG) (einschl. bivalent);1998;1
2024;Kompaktklasse;Erdgas (CNG) (einschl. bivalent);2000;4
2024;Kompaktklasse;Erdgas (CNG) (einschl. bivalent);2001;4
2024;Kompaktklasse;Erdgas (CNG) (einschl. bivalent);2002;5
2024;Kompaktklasse;Erdgas (CNG) (einschl. bivalent);2003;96
2024;Kompaktklasse;Erdgas (CNG) (einschl. bivalent);2004;99
2024;Kompaktklasse;Erdgas (CNG) (einschl. bivalent);2005;89
2024;Kompaktklasse;Erdgas (CNG) (einschl. bivalent);2006;41
2024;Kompaktklasse;Erdgas (CNG) (einschl. bivalent);2007;11
2024;Kompaktklasse;Erdgas (CNG) (einschl. bivalent);2008;13
2024;Kompaktklasse;Erdgas (CNG) (einschl. bivalent);2009;11
2024;Kompaktklasse;Erdgas (CNG) (einschl. bivalent);2010;2
2024;Kompaktklasse;Erdgas (CNG) (einschl. bivalent);2011;1
2024;Kompaktklasse;Erdgas (CNG) (einschl. bivalent);2014;153
2024;Kompaktklasse;Erdgas (CNG) (einschl. bivalent);2015;117
2024;Kompaktklasse;Erdgas (CNG) (einschl. bivalent);2016;68
2024;Kompaktklasse;Erdgas (CNG) (einschl. bivalent);2017;90
2024;Kompaktklasse;Erdgas (CNG) (einschl. bivalent);2018;221
2024;Kompaktklasse;Erdgas (CNG) (einschl. bivalent);2019;397
2024;Kompaktklasse;Erdgas (CNG) (einschl. bivalent);2020;431
2024;Kompaktklasse;Erdgas (CNG) (einschl. bivalent);2021;142
2024;Kompaktklasse;Erdgas (CNG) (einschl. bivalent);2022;79
2024;Kompaktklasse;Erdgas (CNG) (einschl. bivalent);2023;50
2024;Kompaktklasse;Erdgas (CNG) (einschl. bivalent);2024;4
2024;Mittelklasse;Benzin;1990;2869
2024;Mittelklasse;Benzin;1991;4048
2024;Mittelklasse;Benzin;1992;4421
2024;Mittelklasse;Benzin;1993;4085
2024;Mittelklasse;Benzin;1994;5612
2024;Mittelklasse;Benzin;1995;7800
2024;Mittelklasse;Benzin;1996;9304
2024;Mittelklasse;Benzin;1997;12755
2024;Mittelklasse;Benzin;1998;15154
2024;Mittelklasse;Benzin;1999;17548
2024;Mittelklasse;Benzin;2000;16257
2024;Mittelklasse;Benzin;2001;24793
2024;Mittelklasse;Benzin;2002;25335
2024;Mittelklasse;Benzin;2003;27817
2024;Mittelklasse;Benzin;2004;22864
2024;Mittelklasse;Benzin;2005;22240
2024;Mittelklasse;Benzin;2006;20459
2024;Mittelklasse;Benzin;2007;15370
2024;Mittelklasse;Benzin;2008;17843
2024;Mittelklasse;Benzin;2009;18494
2024;Mittelklasse;Benzin;2010;12559
2024;Mittelklasse;Benzin;2011;11923
2024;Mittelklasse;Benzin;2012;8866
2024;Mittelklasse;Benzin;2013;6984
2024;Mittelklasse;Benzin;2014;6932
2024;Mittelklasse;Benzin;2015;7592
2024;Mittelklasse;Benzin;2016;8816
2024;Mittelklasse;Benzin;2017;11422
2024;Mittelklasse;Benzin;2018;11380
2024;Mittelklasse;Benzin;2019;12234
2024;Mittelklasse;Benzin;2020;11277
2024;Mittelklasse;Benzin;2021;9951
2024;Mittelklasse;Benzin;2022;7884
2024;Mittelklasse;Benzin;2023;17922
2024;Mittelklasse;Benzin;2024;8382
2024;Mittelklasse;Diesel;1990;153
2024;Mittelklasse;Diesel;1991;222
2024;Mittelklasse;Diesel;1992;259
2024;Mittelklasse;Diesel;1993;187
2024;Mittelklasse;Diesel;1994;239
2024;Mittelklasse;Diesel;1995;260
2024;Mittelklasse;Diesel;1996;462
2024;Mittelklasse;Diesel;1997;631
2024;Mittelklasse;Diesel;1998;1142
2024;Mittelklasse;Diesel;1999;2259
2024;Mittelklasse;Diesel;2000;3339
2024;Mittelklasse;Diesel;2001;6231
2024;Mittelklasse;Diesel;2002;8644
2024;Mittelklasse;Diesel;2003;12417
2024;Mittelklasse;Diesel;2004;15705
2024;Mittelklasse;Diesel;2005;16612
2024;Mittelklasse;Diesel;2006;21232
2024;Mittelklasse;Diesel;2007;23589
2024;Mittelklasse;Diesel;2008;23878
2024;Mittelklasse;Diesel;2009;21289
2024;Mittelklasse;Diesel;2010;22199
2024;Mittelklasse;Diesel;2011;26239
2024;Mittelklasse;Diesel;2012;24107
2024;Mittelklasse;Diesel;2013;21062
2024;Mittelklasse;Diesel;2014;20781
2024;Mittelklasse;Diesel;2015;24805
2024;Mittelklasse;Diesel;2016;22971
2024;Mittelklasse;Diesel;2017;19040
2024;Mittelklasse;Diesel;2018;17402
2024;Mittelklasse;Diesel;2019;31666
2024;Mittelklasse;Diesel;2020;32166
2024;Mittelklasse;Diesel;2021;20626
2024;Mittelklasse;Diesel;2022;9395
2024;Mittelklasse;Diesel;2023;11776
2024;Mittelklasse;Diesel;2024;6945
2024;Mittelklasse;Elektro (BEV);1991;2
2024;Mittelklasse;Elektro (BEV);1995;1
2024;Mittelklasse;Elektro (BEV);2001;1
2024;Mittelklasse;Elektro (BEV);2017;1
2024;Mittelklasse;Elektro (BEV);2018;1
2024;Mittelklasse;Elektro (BEV);2019;1299
2024;Mittelklasse;Elektro (BEV);2020;2509
2024;Mittelklasse;Elektro (BEV);2021;3794
2024;Mittelklasse;Elektro (BEV);2022;5100
2024;Mittelklasse;Elektro (BEV);2023;4273
2024;Mittelklasse;Elektro (BEV);2024;1216
2024;Mittelklasse;Hybrid;1990;1
2024;Mittelklasse;Hybrid;2012;72
2024;Mittelklasse;Hybrid;2013;135
2024;Mittelklasse;Hybrid;2014;115
2024;Mittelklasse;Hybrid;2015;228
2024;Mittelklasse;Hybrid;2016;232
2024;Mittelklasse;Hybrid;2017;608
2024;Mittelklasse;Hybrid;2018;1688
2024;Mittelklasse;Hybrid;2019;5323
2024;Mittelklasse;Hybrid;2020;23509
2024;Mittelklasse;Hybrid;2021;37634
2024;Mittelklasse;Hybrid;2022;16083
2024;Mittelklasse;Hybrid;2023;41069
2024;Mittelklasse;Hybrid;2024;20854
2024;Mittelklasse;Sonstige;1997;1
2024;Mittelklasse;Sonstige;1998;1
2024;Mittelklasse;Sonstige;2003;1
2024;Mittelklasse;Sonstige;2004;1
2024;Mittelklasse;Sonstige;2007;3
2024;Mittelklasse;Sonstige;2009;20
2024;Mittelklasse;Sonstige;2010;81
2024;Mittelklasse;Sonstige;2011;85
2024;Mittelklasse;Sonstige;2012;36
2024;Mittelklasse;Sonstige;2013;15
2024;Mittelklasse;Sonstige;2014;4
2024;Mittelklasse;Sonstige;2015;1
2024;Mittelklasse;Sonstige;2024;15
2024;Mittelklasse;Flüssiggas (LPG) (einschl. bivalent);1990;16
2024;Mittelklasse;Flüssiggas (LPG) (einschl. bivalent);1991;20
2024;Mittelklasse;Flüssiggas (LPG) (einschl. bivalent);1992;45
2024;Mittelklasse;Flüssiggas (LPG) (einschl. bivalent);1993;37
2024;Mittelklasse;Flüssiggas (LPG) (einschl. bivalent);1994;90
2024;Mittelklasse;Flüssiggas (LPG) (einschl. bivalent);1995;120
2024;Mittelklasse;Flüssiggas (LPG) (einschl. bivalent);1996;174
2024;Mittelklasse;Flüssiggas (LPG) (einschl. bivalent);1997;269
2024;Mittelklasse;Flüssiggas (LPG) (einschl. bivalent);1998;334
2024;Mittelklasse;Flüssiggas (LPG) (einschl. bivalent);1999;402
2024;Mittelklasse;Flüssiggas (LPG) (einschl. bivalent);2000;455
2024;Mittelklasse;Flüssiggas (LPG) (einschl. bivalent);2001;896
2024;Mittelklasse;Flüssiggas (LPG) (einschl. bivalent);2002;893
2024;Mittelklasse;Flüssiggas (LPG) (einschl. bivalent);2003;952
2024;Mittelklasse;Flüssiggas (LPG) (einschl. bivalent);2004;852
2024;Mittelklasse;Flüssiggas (LPG) (einschl. bivalent);2005;734
2024;Mittelklasse;Flüssiggas (LPG) (einschl. bivalent);2006;696
2024;Mittelklasse;Flüssiggas (LPG) (einschl. bivalent);2007;523
2024;Mittelklasse;Flüssiggas (LPG) (einschl. bivalent);2008;429
2024;Mittelklasse;Flüssiggas (LPG) (einschl. bivalent);2009;259
2024;Mittelklasse;Flüssiggas (LPG) (einschl. bivalent);2010;115
2024;Mittelklasse;Flüssiggas (LPG) (einschl. bivalent);2011;88
2024;Mittelklasse;Flüssiggas (LPG) (einschl. bivalent);2012;67
2024;Mittelklasse;Flüssiggas (LPG) (einschl. bivalent);2013;36
2024;Mittelklasse;Flüssiggas (LPG) (einschl. bivalent);2014;16
2024;Mittelklasse;Flüssiggas (LPG) (einschl. bivalent);2015;17
2024;Mittelklasse;Flüssiggas (LPG) (einschl. bivalent);2016;9
2024;Mittelklasse;Flüssiggas (LPG) (einschl. bivalent);2017;17
2024;Mittelklasse;Flüssiggas (LPG) (einschl. bivalent);2018;4
2024;Mittelklasse;Flüssiggas (LPG) (einschl. bivalent);2019;3
2024;Mittelklasse;Flüssiggas (LPG) (einschl. bivalent);2020;2
2024;Mittelklasse;Flüssiggas (LPG) (einschl. bivalent);2021;2
2024;Mittelklasse;Erdgas (CNG) (einschl. bivalent);1993;1
2024;Mittelklasse;Erdgas (CNG) (einschl. bivalent);1995;1
2024;Mittelklasse;Erdgas (CNG) (einschl. bivalent);1996;2
2024;Mittelklasse;Erdgas (CNG) (einschl. bivalent);1998;1
2024;Mittelklasse;Erdgas (CNG) (einschl. bivalent);1999;3
2024;Mittelklasse;Erdgas (CNG) (einschl. bivalent);2000;2
2024;Mittelklasse;Erdgas (CNG) (einschl. bivalent);2001;1
2024;Mittelklasse;Erdgas (CNG) (einschl. bivalent);2002;2
2024;Mittelklasse;Erdgas (CNG) (einschl. bivalent);2003;5
2024;Mittelklasse;Erdgas (CNG) (einschl. bivalent);2004;10
2024;Mittelklasse;Erdgas (CNG) (einschl. bivalent);2005;14
2024;Mittelklasse;Erdgas (CNG) (einschl. bivalent);2006;11
2024;Mittelklasse;Erdgas (CNG) (einschl. bivalent);2007;8
2024;Mittelklasse;Erdgas (CNG) (einschl. bivalent);2008;1
2024;Mittelklasse;Erdgas (CNG) (einschl. bivalent);2009;161
2024;Mittelklasse;Erdgas (CNG) (einschl. bivalent);2010;102
2024;Mittelklasse;Erdgas (CNG) (einschl. bivalent);2011;78
2024;Mittelklasse;Erdgas (CNG) (einschl. bivalent);2012;87
2024;Mittelklasse;Erdgas (CNG) (einschl. bivalent);2013;66
2024;Mittelklasse;Erdgas (CNG) (einschl. bivalent);2014;41
2024;Mittelklasse;Erdgas (CNG) (einschl. bivalent);2015;2
2024;Mittelklasse;Erdgas (CNG) (einschl. bivalent);2016;1
2024;Mittelklasse;Erdgas (CNG) (einschl. bivalent);2017;42
2024;Mittelklasse;Erdgas (CNG) (einschl. bivalent);2018;127
2024;Mittelklasse;Erdgas (CNG) (einschl. bivalent);2019;85
2024;Mittelklasse;Erdgas (CNG) (einschl. bivalent);2020;65
2024;Mittelklasse;Erdgas (CNG) (einschl. bivalent);2021;46
2024;Mittelklasse;Erdgas (CNG) (einschl. bivalent);2022;9
2024;Mittelklasse;Erdgas (CNG) (einschl. bivalent);2023;9
2024;Obere Mittelklasse;Benzin;1990;1095
2024;Obere Mittelklasse;Benzin;1991;1393
2024;Obere Mittelklasse;Benzin;1992;1555
2024;Obere Mittelklasse;Benzin;1993;1648
2024;Obere Mittelklasse;Benzin;1994;1824
2024;Obere Mittelklasse;Benzin;1995;2399
2024;Obere Mittelklasse;Benzin;1996;3151
2024;Obere Mittelklasse;Benzin;1997;4219
2024;Obere Mittelklasse;Benzin;1998;5006
2024;Obere Mittelklasse;Benzin;1999;5139
2024;Obere Mittelklasse;Benzin;2000;5034
2024;Obere Mittelklasse;Benzin;2001;4484
2024;Obere Mittelklasse;Benzin;2002;4640
2024;Obere Mittelklasse;Benzin;2003;5422
2024;Obere Mittelklasse;Benzin;2004;5232
2024;Obere Mittelklasse;Benzin;2005;4863
2024;Obere Mittelklasse;Benzin;2006;3858
2024;Obere Mittelklasse;Benzin;2007;3229
2024;Obere Mittelklasse;Benzin;2008;2558
2024;Obere Mittelklasse;Benzin;2009;1915
2024;Obere Mittelklasse;Benzin;2010;2396
2024;Obere Mittelklasse;Benzin;2011;1750
2024;Obere Mittelklasse;Benzin;2012;1372
2024;Obere Mittelklasse;Benzin;2013;1129
2024;Obere Mittelklasse;Benzin;2014;958
2024;Obere Mittelklasse;Benzin;2015;782
2024;Obere Mittelklasse;Benzin;2016;965
2024;Obere Mittelklasse;Benzin;2017;2174
2024;Obere Mittelklasse;Benzin;2018;2290
2024;Obere Mittelklasse;Benzin;2019;1653
2024;Obere Mittelklasse;Benzin;2020;929
2024;Obere Mittelklasse;Benzin;2021;587
2024;Obere Mittelklasse;Benzin;2022;278
2024;Obere Mittelklasse;Benzin;2023;540
2024;Obere Mittelklasse;Benzin;2024;222
2024;Obere Mittelklasse;Diesel;1990;220
2024;Obere Mittelklasse;Diesel;1991;308
2024;Obere Mittelklasse;Diesel;1992;318
2024;Obere Mittelklasse;Diesel;1993;273
2024;Obere Mittelklasse;Diesel;1994;230
2024;Obere Mittelklasse;Diesel;1995;241
2024;Obere Mittelklasse;Diesel;1996;321
2024;Obere Mittelklasse;Diesel;1997;285
2024;Obere Mittelklasse;Diesel;1998;506
2024;Obere Mittelklasse;Diesel;1999;898
2024;Obere Mittelklasse;Diesel;2000;1687
2024;Obere Mittelklasse;Diesel;2001;2026
2024;Obere Mittelklasse;Diesel;2002;3718
2024;Obere Mittelklasse;Diesel;2003;6178
2024;Obere Mittelklasse;Diesel;2004;8454
2024;Obere Mittelklasse;Diesel;2005;9662
2024;Obere Mittelklasse;Diesel;2006;10993
2024;Obere Mittelklasse;Diesel;2007;10912
2024;Obere Mittelklasse;Diesel;2008;9154
2024;Obere Mittelklasse;Diesel;2009;7360
2024;Obere Mittelklasse;Diesel;2010;9281
2024;Obere Mittelklasse;Diesel;2011;10799
2024;Obere Mittelklasse;Diesel;2012;9751
2024;Obere Mittelklasse;Diesel;2013;8809
2024;Obere Mittelklasse;Diesel;2014;8573
2024;Obere Mittelklasse;Diesel;2015;8212
2024;Obere Mittelklasse;Diesel;2016;8382
2024;Obere Mittelklasse;Diesel;2017;8529
2024;Obere Mittelklasse;Diesel;2018;7467
2024;Obere Mittelklasse;Diesel;2019;7323
2024;Obere Mittelklasse;Diesel;2020;4102
2024;Obere Mittelklasse;Diesel;2021;2432
2024;Obere Mittelklasse;Diesel;2022;601
2024;Obere Mittelklasse;Diesel;2023;1150
2024;Obere Mittelklasse;Diesel;2024;56
2024;Obere Mittelklasse;Elektro (BEV);1991;1
2024;Obere Mittelklasse;Elektro (BEV);2021;44
2024;Obere Mittelklasse;Elektro (BEV);2022;657
2024;Obere Mittelklasse;Elektro (BEV);2023;5495
2024;Obere Mittelklasse;Elektro (BEV);2024;2089
2024;Obere Mittelklasse;Hybrid;1995;1
2024;Obere Mittelklasse;Hybrid;2006;18
2024;Obere Mittelklasse;Hybrid;2007;28
2024;Obere Mittelklasse;Hybrid;2008;16
2024;Obere Mittelklasse;Hybrid;2009;9
2024;Obere Mittelklasse;Hybrid;2010;7
2024;Obere Mittelklasse;Hybrid;2011;8
2024;Obere Mittelklasse;Hybrid;2012;93
2024;Obere Mittelklasse;Hybrid;2013;131
2024;Obere Mittelklasse;Hybrid;2014;90
2024;Obere Mittelklasse;Hybrid;2015;37
2024;Obere Mittelklasse;Hybrid;2016;22
2024;Obere Mittelklasse;Hybrid;2017;93
2024;Obere Mittelklasse;Hybrid;2018;1191
2024;Obere Mittelklasse;Hybrid;2019;7910
2024;Obere Mittelklasse;Hybrid;2020;15963
2024;Obere Mittelklasse;Hybrid;2021;19106
2024;Obere Mittelklasse;Hybrid;2022;7388
2024;Obere Mittelklasse;Hybrid;2023;23317
2024;Obere Mittelklasse;Hybrid;2024;10311
2024;Obere Mittelklasse;Sonstige;1992;1
2024;Obere Mittelklasse;Sonstige;2009;13
2024;Obere Mittelklasse;Sonstige;2010;20
2024;Obere Mittelklasse;Sonstige;2011;10
2024;Obere Mittelklasse;Sonstige;2012;3
2024;Obere Mittelklasse;Sonstige;2013;3
2024;Obere Mittelklasse;Sonstige;2014;1
2024;Obere Mittelklasse;Sonstige;2021;142
2024;Obere Mittelklasse;Sonstige;2022;59
2024;Obere Mittelklasse;Sonstige;2023;42
2024;Obere Mittelklasse;Sonstige;2024;2
2024;Obere Mittelklasse;Flüssiggas (LPG) (einschl. bivalent);1990;18
2024;Obere Mittelklasse;Flüssiggas (LPG) (einschl. bivalent);1991;55
2024;Obere Mittelklasse;Flüssiggas (LPG) (einschl. bivalent);1992;48
2024;Obere Mittelklasse;Flüssiggas (LPG) (einschl. bivalent);1993;70
2024;Obere Mittelklasse;Flüssiggas (LPG) (einschl. bivalent);1994;81
2024;Obere Mittelklasse;Flüssiggas (LPG) (einschl. bivalent);1995;157
2024;Obere Mittelklasse;Flüssiggas (LPG) (einschl. bivalent);1996;212
2024;Obere Mittelklasse;Flüssiggas (LPG) (einschl. bivalent);1997;323
2024;Obere Mittelklasse;Flüssiggas (LPG) (einschl. bivalent);1998;397
2024;Obere Mittelklasse;Flüssiggas (LPG) (einschl. bivalent);1999;480
2024;Obere Mittelklasse;Flüssiggas (LPG) (einschl. bivalent);2000;495
2024;Obere Mittelklasse;Flüssiggas (LPG) (einschl. bivalent);2001;462
2024;Obere Mittelklasse;Flüssiggas (LPG) (einschl. bivalent);2002;591
2024;Obere Mittelklasse;Flüssiggas (LPG) (einschl. bivalent);2003;632
2024;Obere Mittelklasse;Flüssiggas (LPG) (einschl. bivalent);2004;688
2024;Obere Mittelklasse;Flüssiggas (LPG) (einschl. bivalent);2005;594
2024;Obere Mittelklasse;Flüssiggas (LPG) (einschl. bivalent);2006;420
2024;Obere Mittelklasse;Flüssiggas (LPG) (einschl. bivalent);2007;262
2024;Obere Mittelklasse;Flüssiggas (LPG) (einschl. bivalent);2008;141
2024;Obere Mittelklasse;Flüssiggas (LPG) (einschl. bivalent);2009;53
2024;Obere Mittelklasse;Flüssiggas (LPG) (einschl. bivalent);2010;48
2024;Obere Mittelklasse;Flüssiggas (LPG) (einschl. bivalent);2011;9
2024;Obere Mittelklasse;Flüssiggas (LPG) (einschl. bivalent);2012;11
2024;Obere Mittelklasse;Flüssiggas (LPG) (einschl. bivalent);2013;1
2024;Obere Mittelklasse;Flüssiggas (LPG) (einschl. bivalent);2014;4
2024;Obere Mittelklasse;Flüssiggas (LPG) (einschl. bivalent);2017;2
2024;Obere Mittelklasse;Flüssiggas (LPG) (einschl. bivalent);2018;2
2024;Obere Mittelklasse;Flüssiggas (LPG) (einschl. bivalent);2019;2
2024;Obere Mittelklasse;Erdgas (CNG) (einschl. bivalent);1992;1
2024;Obere Mittelklasse;Erdgas (CNG) (einschl. bivalent);1995;1
2024;Obere Mittelklasse;Erdgas (CNG) (einschl. bivalent);1996;1
2024;Obere Mittelklasse;Erdgas (CNG) (einschl. bivalent);1997;2
2024;Obere Mittelklasse;Erdgas (CNG) (einschl. bivalent);1998;1
2024;Obere Mittelklasse;Erdgas (CNG) (einschl. bivalent);1999;5
2024;Obere Mittelklasse;Erdgas (CNG) (einschl. bivalent);2000;3
2024;Obere Mittelklasse;Erdgas (CNG) (einschl. bivalent);2001;6
2024;Obere Mittelklasse;Erdgas (CNG) (einschl. bivalent);2002;15
2024;Obere Mittelklasse;Erdgas (CNG) (einschl. bivalent);2003;8
2024;Obere Mittelklasse;Erdgas (CNG) (einschl. bivalent);2004;42
2024;Obere Mittelklasse;Erdgas (CNG) (einschl. bivalent);2005;60
2024;Obere Mittelklasse;Erdgas (CNG) (einschl. bivalent);2006;52
2024;Obere Mittelklasse;Erdgas (CNG) (einschl. bivalent);2007;32
2024;Obere Mittelklasse;Erdgas (CNG) (einschl. bivalent);2008;19
2024;Obere Mittelklasse;Erdgas (CNG) (einschl. bivalent);2009;8
2024;Obere Mittelklasse;Erdgas (CNG) (einschl. bivalent);2010;9
2024;Obere Mittelklasse;Erdgas (CNG) (einschl. bivalent);2011;15
2024;Obere Mittelklasse;Erdgas (CNG) (einschl. bivalent);2012;22
2024;Obere Mittelklasse;Erdgas (CNG) (einschl. bivalent);2013;6
2024;Obere Mittelklasse;Erdgas (CNG) (einschl. bivalent);2014;7
2024;Obere Mittelklasse;Erdgas (CNG) (einschl. bivalent);2015;9
2024;Obere Mittelklasse;Erdgas (CNG) (einschl. bivalent);2016;2
2024;Obere Mittelklasse;Erdgas (CNG) (einschl. bivalent);2017;2
2024;Oberklasse;Benzin;1990;58
2024;Oberklasse;Benzin;1991;174
2024;Oberklasse;Benzin;1992;223
2024;Oberklasse;Benzin;1993;179
2024;Oberklasse;Benzin;1994;192
2024;Oberklasse;Benzin;1995;294
2024;Oberklasse;Benzin;1996;334
2024;Oberklasse;Benzin;1997;313
2024;Oberklasse;Benzin;1998;340
2024;Oberklasse;Benzin;1999;794
2024;Oberklasse;Benzin;2000;646
2024;Oberklasse;Benzin;2001;517
2024;Oberklasse;Benzin;2002;415
2024;Oberklasse;Benzin;2003;683
2024;Oberklasse;Benzin;2004;1032
2024;Oberklasse;Benzin;2005;1351
2024;Oberklasse;Benzin;2006;1412
2024;Oberklasse;Benzin;2007;1276
2024;Oberklasse;Benzin;2008;1051
2024;Oberklasse;Benzin;2009;822
2024;Oberklasse;Benzin;2010;777
2024;Oberklasse;Benzin;2011;1221
2024;Oberklasse;Benzin;2012;931
2024;Oberklasse;Benzin;2013;842
2024;Oberklasse;Benzin;2014;1041
2024;Oberklasse;Benzin;2015;974
2024;Oberklasse;Benzin;2016;971
2024;Oberklasse;Benzin;2017;1062
2024;Oberklasse;Benzin;2018;817
2024;Oberklasse;Benzin;2019;890
2024;Oberklasse;Benzin;2020;849
2024;Oberklasse;Benzin;2021;887
2024;Oberklasse;Benzin;2022;441
2024;Oberklasse;Benzin;2023;913
2024;Oberklasse;Benzin;2024;910
2024;Oberklasse;Diesel;1993;13
2024;Oberklasse;Diesel;1994;13
2024;Oberklasse;Diesel;1995;8
2024;Oberklasse;Diesel;1996;15
2024;Oberklasse;Diesel;1997;21
2024;Oberklasse;Diesel;1998;28
2024;Oberklasse;Diesel;1999;13
2024;Oberklasse;Diesel;2000;91
2024;Oberklasse;Diesel;2001;189
2024;Oberklasse;Diesel;2002;115
2024;Oberklasse;Diesel;2003;147
2024;Oberklasse;Diesel;2004;343
2024;Oberklasse;Diesel;2005;600
2024;Oberklasse;Diesel;2006;1148
2024;Oberklasse;Diesel;2007;1352
2024;Oberklasse;Diesel;2008;1263
2024;Oberklasse;Diesel;2009;1007
2024;Oberklasse;Diesel;2010;1091
2024;Oberklasse;Diesel;2011;1995
2024;Oberklasse;Diesel;2012;1746
2024;Oberklasse;Diesel;2013;1601
2024;Oberklasse;Diesel;2014;1788
2024;Oberklasse;Diesel;2015;1766
2024;Oberklasse;Diesel;2016;1563
2024;Oberklasse;Diesel;2017;1302
2024;Oberklasse;Diesel;2018;1180
2024;Oberklasse;Diesel;2019;1065
2024;Oberklasse;Diesel;2020;851
2024;Oberklasse;Diesel;2021;536
2024;Oberklasse;Diesel;2022;261
2024;Oberklasse;Diesel;2023;561
2024;Oberklasse;Diesel;2024;14
2024;Oberklasse;Elektro (BEV);2012;2
2024;Oberklasse;Elektro (BEV);2013;55
2024;Oberklasse;Elektro (BEV);2014;92
2024;Oberklasse;Elektro (BEV);2015;165
2024;Oberklasse;Elektro (BEV);2016;139
2024;Oberklasse;Elektro (BEV);2017;162
2024;Oberklasse;Elektro (BEV);2018;117
2024;Oberklasse;Elektro (BEV);2019;131
2024;Oberklasse;Elektro (BEV);2020;508
2024;Oberklasse;Elektro (BEV);2021;1780
2024;Oberklasse;Elektro (BEV);2022;2228
2024;Oberklasse;Elektro (BEV);2023;4195
2024;Oberklasse;Elektro (BEV);2024;1222
2024;Oberklasse;Hybrid;2007;5
2024;Oberklasse;Hybrid;2008;21
2024;Oberklasse;Hybrid;2009;28
2024;Oberklasse;Hybrid;2010;55
2024;Oberklasse;Hybrid;2011;35
2024;Oberklasse;Hybrid;2012;31
2024;Oberklasse;Hybrid;2013;16
2024;Oberklasse;Hybrid;2014;46
2024;Oberklasse;Hybrid;2015;30
2024;Oberklasse;Hybrid;2016;21
2024;Oberklasse;Hybrid;2017;139
2024;Oberklasse;Hybrid;2018;813
2024;Oberklasse;Hybrid;2019;1095
2024;Oberklasse;Hybrid;2020;1509
2024;Oberklasse;Hybrid;2021;2598
2024;Oberklasse;Hybrid;2022;1669
2024;Oberklasse;Hybrid;2023;4228
2024;Oberklasse;Hybrid;2024;2066
2024;Oberklasse;Sonstige;2008;1
2024;Oberklasse;Sonstige;2009;1
2024;Oberklasse;Sonstige;2010;6
2024;Oberklasse;Sonstige;2011;14
2024;Oberklasse;Sonstige;2012;14
2024;Oberklasse;Sonstige;2013;4
2024;Oberklasse;Flüssiggas (LPG) (einschl. bivalent);1990;1
2024;Oberklasse;Flüssiggas (LPG) (einschl. bivalent);1991;4
2024;Oberklasse;Flüssiggas (LPG) (einschl. bivalent);1992;10
2024;Oberklasse;Flüssiggas (LPG) (einschl. bivalent);1993;5
2024;Oberklasse;Flüssiggas (LPG) (einschl. bivalent);1994;13
2024;Oberklasse;Flüssiggas (LPG) (einschl. bivalent);1995;28
2024;Oberklasse;Flüssiggas (LPG) (einschl. bivalent);1996;17
2024;Oberklasse;Flüssiggas (LPG) (einschl. bivalent);1997;31
2024;Oberklasse;Flüssiggas (LPG) (einschl. bivalent);1998;25
2024;Oberklasse;Flüssiggas (LPG) (einschl. bivalent);1999;132
2024;Oberklasse;Flüssiggas (LPG) (einschl. bivalent);2000;97
2024;Oberklasse;Flüssiggas (LPG) (einschl. bivalent);2001;71
2024;Oberklasse;Flüssiggas (LPG) (einschl. bivalent);2002;87
2024;Oberklasse;Flüssiggas (LPG) (einschl. bivalent);2003;184
2024;Oberklasse;Flüssiggas (LPG) (einschl. bivalent);2004;179
2024;Oberklasse;Flüssiggas (LPG) (einschl. bivalent);2005;197
2024;Oberklasse;Flüssiggas (LPG) (einschl. bivalent);2006;157
2024;Oberklasse;Flüssiggas (LPG) (einschl. bivalent);2007;96
2024;Oberklasse;Flüssiggas (LPG) (einschl. bivalent);2008;59
2024;Oberklasse;Flüssiggas (LPG) (einschl. bivalent);2009;33
2024;Oberklasse;Flüssiggas (LPG) (einschl. bivalent);2010;18
2024;Oberklasse;Flüssiggas (LPG) (einschl. bivalent);2011;4
2024;Oberklasse;Flüssiggas (LPG) (einschl. bivalent);2012;4
2024;Oberklasse;Flüssiggas (LPG) (einschl. bivalent);2013;4
2024;Oberklasse;Flüssiggas (LPG) (einschl. bivalent);2015;1
2024;Oberklasse;Erdgas (CNG) (einschl. bivalent);2003;2
2024;SUVs;Benzin;1990;90
2024;SUVs;Benzin;1991;122
2024;SUVs;Benzin;1992;138
2024;SUVs;Benzin;1993;176
2024;SUVs;Benzin;1994;183
2024;SUVs;Benzin;1995;254
2024;SUVs;Benzin;1996;304
2024;SUVs;Benzin;1997;391
2024;SUVs;Benzin;1998;502
2024;SUVs;Benzin;1999;657
2024;SUVs;Benzin;2000;545
2024;SUVs;Benzin;2001;702
2024;SUVs;Benzin;2002;682
2024;SUVs;Benzin;2003;826
2024;SUVs;Benzin;2004;972
2024;SUVs;Benzin;2005;1657
2024;SUVs;Benzin;2006;1936
2024;SUVs;Benzin;2007;2729
2024;SUVs;Benzin;2008;2637
2024;SUVs;Benzin;2009;4043
2024;SUVs;Benzin;2010;4944
2024;SUVs;Benzin;2011;5898
2024;SUVs;Benzin;2012;6207
2024;SUVs;Benzin;2013;7801
2024;SUVs;Benzin;2014;10827
2024;SUVs;Benzin;2015;13430
2024;SUVs;Benzin;2016;17112
2024;SUVs;Benzin;2017;23407
2024;SUVs;Benzin;2018;34385
2024;SUVs;Benzin;2019;49376
2024;SUVs;Benzin;2020;47829
2024;SUVs;Benzin;2021;44406
2024;SUVs;Benzin;2022;30486
2024;SUVs;Benzin;2023;81909
2024;SUVs;Benzin;2024;64767
2024;SUVs;Diesel;1992;3
2024;SUVs;Diesel;1994;4
2024;SUVs;Diesel;1995;3
2024;SUVs;Diesel;1996;3
2024;SUVs;Diesel;1997;6
2024;SUVs;Diesel;1998;8
2024;SUVs;Diesel;1999;20
2024;SUVs;Diesel;2000;32
2024;SUVs;Diesel;2001;28
2024;SUVs;Diesel;2002;106
2024;SUVs;Diesel;2003;146
2024;SUVs;Diesel;2004;171
2024;SUVs;Diesel;2005;537
2024;SUVs;Diesel;2006;1566
2024;SUVs;Diesel;2007;2679
2024;SUVs;Diesel;2008;3491
2024;SUVs;Diesel;2009;4886
2024;SUVs;Diesel;2010;7902
2024;SUVs;Diesel;2011;10916
2024;SUVs;Diesel;2012;11803
2024;SUVs;Diesel;2013;11903
2024;SUVs;Diesel;2014;12344
2024;SUVs;Diesel;2015;13328
2024;SUVs;Diesel;2016;13817
2024;SUVs;Diesel;2017;11255
2024;SUVs;Diesel;2018;10534
2024;SUVs;Diesel;2019;17138
2024;SUVs;Diesel;2020;20366
2024;SUVs;Diesel;2021;15196
2024;SUVs;Diesel;2022;7317
2024;SUVs;Diesel;2023;16285
2024;SUVs;Diesel;2024;7555
2024;SUVs;Elektro (BEV);2016;29
2024;SUVs;Elektro (BEV);2017;111
2024;SUVs;Elektro (BEV);2018;114
2024;SUVs;Elektro (BEV);2019;514
2024;SUVs;Elektro (BEV);2020;4810
2024;SUVs;Elektro (BEV);2021;19861
2024;SUVs;Elektro (BEV);2022;19931
2024;SUVs;Elektro (BEV);2023;33197
2024;SUVs;Elektro (BEV);2024;11671
2024;SUVs;Hybrid;2005;27
2024;SUVs;Hybrid;2006;67
2024;SUVs;Hybrid;2007;56
2024;SUVs;Hybrid;2008;71
2024;SUVs;Hybrid;2009;57
2024;SUVs;Hybrid;2010;54
2024;SUVs;Hybrid;2011;33
2024;SUVs;Hybrid;2012;33
2024;SUVs;Hybrid;2013;40
2024;SUVs;Hybrid;2014;90
2024;SUVs;Hybrid;2015;94
2024;SUVs;Hybrid;2016;680
2024;SUVs;Hybrid;2017;1910
2024;SUVs;Hybrid;2018;1985
2024;SUVs;Hybrid;2019;4714
2024;SUVs;Hybrid;2020;16904
2024;SUVs;Hybrid;2021;32258
2024;SUVs;Hybrid;2022;32316
2024;SUVs;Hybrid;2023;43629
2024;SUVs;Hybrid;2024;38577
2024;SUVs;Sonstige;2005;1
2024;SUVs;Sonstige;2011;7
2024;SUVs;Sonstige;2012;11
2024;SUVs;Sonstige;2013;2
2024;SUVs;Sonstige;2015;23
2024;SUVs;Sonstige;2016;6
2024;SUVs;Sonstige;2017;2
2024;SUVs;Sonstige;2018;6
2024;SUVs;Sonstige;2019;24
2024;SUVs;Sonstige;2020;44
2024;SUVs;Sonstige;2021;37
2024;SUVs;Sonstige;2022;203
2024;SUVs;Sonstige;2023;10
2024;SUVs;Flüssiggas (LPG) (einschl. bivalent);1990;1
2024;SUVs;Flüssiggas (LPG) (einschl. bivalent);1992;4
2024;SUVs;Flüssiggas (LPG) (einschl. bivalent);1993;1
2024;SUVs;Flüssiggas (LPG) (einschl. bivalent);1995;4
2024;SUVs;Flüssiggas (LPG) (einschl. bivalent);1996;14
2024;SUVs;Flüssiggas (LPG) (einschl. bivalent);1997;14
2024;SUVs;Flüssiggas (LPG) (einschl. bivalent);1998;40
2024;SUVs;Flüssiggas (LPG) (einschl. bivalent);1999;48
2024;SUVs;Flüssiggas (LPG) (einschl. bivalent);2000;39
2024;SUVs;Flüssiggas (LPG) (einschl. bivalent);2001;65
2024;SUVs;Flüssiggas (LPG) (einschl. bivalent);2002;64
2024;SUVs;Flüssiggas (LPG) (einschl. bivalent);2003;62
2024;SUVs;Flüssiggas (LPG) (einschl. bivalent);2004;85
2024;SUVs;Flüssiggas (LPG) (einschl. bivalent);2005;182
2024;SUVs;Flüssiggas (LPG) (einschl. bivalent);2006;299
2024;SUVs;Flüssiggas (LPG) (einschl. bivalent);2007;385
2024;SUVs;Flüssiggas (LPG) (einschl. bivalent);2008;460
2024;SUVs;Flüssiggas (LPG) (einschl. bivalent);2009;390
2024;SUVs;Flüssiggas (LPG) (einschl. bivalent);2010;282
2024;SUVs;Flüssiggas (LPG) (einschl. bivalent);2011;204
2024;SUVs;Flüssiggas (LPG) (einschl. bivalent);2012;304
2024;SUVs;Flüssiggas (LPG) (einschl. bivalent);2013;203
2024;SUVs;Flüssiggas (LPG) (einschl. bivalent);2014;164
2024;SUVs;Flüssiggas (LPG) (einschl. bivalent);2015;139
2024;SUVs;Flüssiggas (LPG) (einschl. bivalent);2016;92
2024;SUVs;Flüssiggas (LPG) (einschl. bivalent);2017;121
2024;SUVs;Flüssiggas (LPG) (einschl. bivalent);2018;112
2024;SUVs;Flüssiggas (LPG) (einschl. bivalent);2019;250
2024;SUVs;Flüssiggas (LPG) (einschl. bivalent);2020;309
2024;SUVs;Flüssiggas (LPG) (einschl. bivalent);2021;305
2024;SUVs;Flüssiggas (LPG) (einschl. bivalent);2022;141
2024;SUVs;Flüssiggas (LPG) (einschl. bivalent);2023;95
2024;SUVs;Flüssiggas (LPG) (einschl. bivalent);2024;223
2024;SUVs;Erdgas (CNG) (einschl. bivalent);2010;1
2024;SUVs;Erdgas (CNG) (einschl. bivalent);2013;1
2024;SUVs;Erdgas (CNG) (einschl. bivalent);2019;99
2024;SUVs;Erdgas (CNG) (einschl. bivalent);2020;312
2024;SUVs;Erdgas (CNG) (einschl. bivalent);2021;444
2024;SUVs;Erdgas (CNG) (einschl. bivalent);2022;35
2024;SUVs;Erdgas (CNG) (einschl. bivalent);2023;23
2024;SUVs;Erdgas (CNG) (einschl. bivalent);2024;4
2024;Geländewagen;Benzin;1990;71
2024;Geländewagen;Benzin;1991;80
2024;Geländewagen;Benzin;1992;109
2024;Geländewagen;Benzin;1993;160
2024;Geländewagen;Benzin;1994;168
2024;Geländewagen;Benzin;1995;226
2024;Geländewagen;Benzin;1996;233
2024;Geländewagen;Benzin;1997;317
2024;Geländewagen;Benzin;1998;670
2024;Geländewagen;Benzin;1999;1207
2024;Geländewagen;Benzin;2000;1150
2024;Geländewagen;Benzin;2001;1263
2024;Geländewagen;Benzin;2002;1421
2024;Geländewagen;Benzin;2003;2174
2024;Geländewagen;Benzin;2004;2468
2024;Geländewagen;Benzin;2005;2764
2024;Geländewagen;Benzin;2006;2644
2024;Geländewagen;Benzin;2007;2134
2024;Geländewagen;Benzin;2008;2804
2024;Geländewagen;Benzin;2009;3516
2024;Geländewagen;Benzin;2010;2661
2024;Geländewagen;Benzin;2011;2583
2024;Geländewagen;Benzin;2012;3165
2024;Geländewagen;Benzin;2013;2739
2024;Geländewagen;Benzin;2014;3067
2024;Geländewagen;Benzin;2015;3412
2024;Geländewagen;Benzin;2016;4277
2024;Geländewagen;Benzin;2017;6181
2024;Geländewagen;Benzin;2018;7842
2024;Geländewagen;Benzin;2019;11917
2024;Geländewagen;Benzin;2020;13151
2024;Geländewagen;Benzin;2021;11856
2024;Geländewagen;Benzin;2022;7481
2024;Geländewagen;Benzin;2023;17868
2024;Geländewagen;Benzin;2024;9019
2024;Geländewagen;Diesel;1990;51
2024;Geländewagen;Diesel;1991;60
2024;Geländewagen;Diesel;1992;74
2024;Geländewagen;Diesel;1993;51
2024;Geländewagen;Diesel;1994;67
2024;Geländewagen;Diesel;1995;76
2024;Geländewagen;Diesel;1996;90
2024;Geländewagen;Diesel;1997;116
2024;Geländewagen;Diesel;1998;174
2024;Geländewagen;Diesel;1999;265
2024;Geländewagen;Diesel;2000;482
2024;Geländewagen;Diesel;2001;922
2024;Geländewagen;Diesel;2002;1722
2024;Geländewagen;Diesel;2003;2814
2024;Geländewagen;Diesel;2004;4450
2024;Geländewagen;Diesel;2005;5837
2024;Geländewagen;Diesel;2006;8864
2024;Geländewagen;Diesel;2007;9851
2024;Geländewagen;Diesel;2008;10544
2024;Geländewagen;Diesel;2009;9691
2024;Geländewagen;Diesel;2010;9276
2024;Geländewagen;Diesel;2011;11353
2024;Geländewagen;Diesel;2012;13962
2024;Geländewagen;Diesel;2013;12595
2024;Geländewagen;Diesel;2014;13027
2024;Geländewagen;Diesel;2015;14991
2024;Geländewagen;Diesel;2016;16552
2024;Geländewagen;Diesel;2017;14718
2024;Geländewagen;Diesel;2018;13727
2024;Geländewagen;Diesel;2019;23430
2024;Geländewagen;Diesel;2020;27126
2024;Geländewagen;Diesel;2021;16607
2024;Geländewagen;Diesel;2022;6675
2024;Geländewagen;Diesel;2023;12632
2024;Geländewagen;Diesel;2024;10211
2024;Geländewagen;Elektro (BEV);2003;1
2024;Geländewagen;Elektro (BEV);2004;1
2024;Geländewagen;Elektro (BEV);2018;15
2024;Geländewagen;Elektro (BEV);2019;264
2024;Geländewagen;Elektro (BEV);2020;1193
2024;Geländewagen;Elektro (BEV);2021;4309
2024;Geländewagen;Elektro (BEV);2022;3228
2024;Geländewagen;Elektro (BEV);2023;3436
2024;Geländewagen;Elektro (BEV);2024;1847
2024;Geländewagen;Hybrid;1998;1
2024;Geländewagen;Hybrid;2008;2
2024;Geländewagen;Hybrid;2009;3
2024;Geländewagen;Hybrid;2010;31
2024;Geländewagen;Hybrid;2011;46
2024;Geländewagen;Hybrid;2012;34
2024;Geländewagen;Hybrid;2013;18
2024;Geländewagen;Hybrid;2014;14
2024;Geländewagen;Hybrid;2015;57
2024;Geländewagen;Hybrid;2016;113
2024;Geländewagen;Hybrid;2017;109
2024;Geländewagen;Hybrid;2018;491
2024;Geländewagen;Hybrid;2019;3363
2024;Geländewagen;Hybrid;2020;18193
2024;Geländewagen;Hybrid;2021;43891
2024;Geländewagen;Hybrid;2022;20068
2024;Geländewagen;Hybrid;2023;36793
2024;Geländewagen;Hybrid;2024;28991
2024;Geländewagen;Sonstige;2003;1
2024;Geländewagen;Sonstige;2011;3
2024;Geländewagen;Sonstige;2012;8
2024;Geländewagen;Sonstige;2013;4
2024;Geländewagen;Sonstige;2014;6
2024;Geländewagen;Sonstige;2015;2
2024;Geländewagen;Sonstige;2020;2
2024;Geländewagen;Sonstige;2021;1
2024;Geländewagen;Sonstige;2022;1
2024;Geländewagen;Sonstige;2023;3
2024;Geländewagen;Sonstige;2024;8
2024;Geländewagen;Flüssiggas (LPG) (einschl. bivalent);1990;1
2024;Geländewagen;Flüssiggas (LPG) (einschl. bivalent);1991;1
2024;Geländewagen;Flüssiggas (LPG) (einschl. bivalent);1992;2
2024;Geländewagen;Flüssiggas (LPG) (einschl. bivalent);1993;14
2024;Geländewagen;Flüssiggas (LPG) (einschl. bivalent);1994;8
2024;Geländewagen;Flüssiggas (LPG) (einschl. bivalent);1995;22
2024;Geländewagen;Flüssiggas (LPG) (einschl. bivalent);1996;30
2024;Geländewagen;Flüssiggas (LPG) (einschl. bivalent);1997;43
2024;Geländewagen;Flüssiggas (LPG) (einschl. bivalent);1998;73
2024;Geländewagen;Flüssiggas (LPG) (einschl. bivalent);1999;218
2024;Geländewagen;Flüssiggas (LPG) (einschl. bivalent);2000;174
2024;Geländewagen;Flüssiggas (LPG) (einschl. bivalent);2001;218
2024;Geländewagen;Flüssiggas (LPG) (einschl. bivalent);2002;230
2024;Geländewagen;Flüssiggas (LPG) (einschl. bivalent);2003;358
2024;Geländewagen;Flüssiggas (LPG) (einschl. bivalent);2004;397
2024;Geländewagen;Flüssiggas (LPG) (einschl. bivalent);2005;531
2024;Geländewagen;Flüssiggas (LPG) (einschl. bivalent);2006;511
2024;Geländewagen;Flüssiggas (LPG) (einschl. bivalent);2007;474
2024;Geländewagen;Flüssiggas (LPG) (einschl. bivalent);2008;400
2024;Geländewagen;Flüssiggas (LPG) (einschl. bivalent);2009;193
2024;Geländewagen;Flüssiggas (LPG) (einschl. bivalent);2010;118
2024;Geländewagen;Flüssiggas (LPG) (einschl. bivalent);2011;72
2024;Geländewagen;Flüssiggas (LPG) (einschl. bivalent);2012;45
2024;Geländewagen;Flüssiggas (LPG) (einschl. bivalent);2013;32
2024;Geländewagen;Flüssiggas (LPG) (einschl. bivalent);2014;41
2024;Geländewagen;Flüssiggas (LPG) (einschl. bivalent);2015;38
2024;Geländewagen;Flüssiggas (LPG) (einschl. bivalent);2016;28
2024;Geländewagen;Flüssiggas (LPG) (einschl. bivalent);2017;17
2024;Geländewagen;Flüssiggas (LPG) (einschl. bivalent);2018;33
2024;Geländewagen;Flüssiggas (LPG) (einschl. bivalent);2019;25
2024;Geländewagen;Flüssiggas (LPG) (einschl. bivalent);2020;10
2024;Geländewagen;Flüssiggas (LPG) (einschl. bivalent);2021;4
2024;Geländewagen;Flüssiggas (LPG) (einschl. bivalent);2022;1
2024;Geländewagen;Flüssiggas (LPG) (einschl. bivalent);2023;1
2024;Geländewagen;Flüssiggas (LPG) (einschl. bivalent);2024;1
2024;Geländewagen;Erdgas (CNG) (einschl. bivalent);1995;1
2024;Geländewagen;Erdgas (CNG) (einschl. bivalent);2002;1
2024;Geländewagen;Erdgas (CNG) (einschl. bivalent);2003;1
2024;Geländewagen;Erdgas (CNG) (einschl. bivalent);2005;1
2024;Sportwagen;Benzin;1990;487
2024;Sportwagen;Benzin;1991;786
2024;Sportwagen;Benzin;1992;831
2024;Sportwagen;Benzin;1993;688
2024;Sportwagen;Benzin;1994;728
2024;Sportwagen;Benzin;1995;614
2024;Sportwagen;Benzin;1996;975
2024;Sportwagen;Benzin;1997;2395
2024;Sportwagen;Benzin;1998;3433
2024;Sportwagen;Benzin;1999;4933
2024;Sportwagen;Benzin;2000;5050
2024;Sportwagen;Benzin;2001;3870
2024;Sportwagen;Benzin;2002;3789
2024;Sportwagen;Benzin;2003;4074
2024;Sportwagen;Benzin;2004;3968
2024;Sportwagen;Benzin;2005;3470
2024;Sportwagen;Benzin;2006;3398
2024;Sportwagen;Benzin;2007;3746
2024;Sportwagen;Benzin;2008;3176
2024;Sportwagen;Benzin;2009;2479
2024;Sportwagen;Benzin;2010;2652
2024;Sportwagen;Benzin;2011;2927
2024;Sportwagen;Benzin;2012;2633
2024;Sportwagen;Benzin;2013;2402
2024;Sportwagen;Benzin;2014;2237
2024;Sportwagen;Benzin;2015;2750
2024;Sportwagen;Benzin;2016;2952
2024;Sportwagen;Benzin;2017;3118
2024;Sportwagen;Benzin;2018;3604
2024;Sportwagen;Benzin;2019;3800
2024;Sportwagen;Benzin;2020;3918
2024;Sportwagen;Benzin;2021;3935
2024;Sportwagen;Benzin;2022;3302
2024;Sportwagen;Benzin;2023;6857
2024;Sportwagen;Benzin;2024;4750
2024;Sportwagen;Diesel;1991;1
2024;Sportwagen;Diesel;2002;34
2024;Sportwagen;Diesel;2003;132
2024;Sportwagen;Diesel;2004;115
2024;Sportwagen;Diesel;2005;117
2024;Sportwagen;Diesel;2006;232
2024;Sportwagen;Diesel;2007;218
2024;Sportwagen;Diesel;2008;181
2024;Sportwagen;Diesel;2009;388
2024;Sportwagen;Diesel;2010;567
2024;Sportwagen;Diesel;2011;604
2024;Sportwagen;Diesel;2012;563
2024;Sportwagen;Diesel;2013;414
2024;Sportwagen;Diesel;2014;382
2024;Sportwagen;Diesel;2015;291
2024;Sportwagen;Diesel;2016;159
2024;Sportwagen;Diesel;2017;171
2024;Sportwagen;Diesel;2018;244
2024;Sportwagen;Diesel;2019;301
2024;Sportwagen;Diesel;2020;222
2024;Sportwagen;Diesel;2021;146
2024;Sportwagen;Diesel;2022;108
2024;Sportwagen;Diesel;2023;256
2024;Sportwagen;Diesel;2024;7
2024;Sportwagen;Elektro (BEV);1998;1
2024;Sportwagen;Elektro (BEV);2001;1
2024;Sportwagen;Elektro (BEV);2018;1
2024;Sportwagen;Elektro (BEV);2021;3
2024;Sportwagen;Elektro (BEV);2022;3
2024;Sportwagen;Elektro (BEV);2023;2
2024;Sportwagen;Elektro (BEV);2024;6
2024;Sportwagen;Hybrid;2010;108
2024;Sportwagen;Hybrid;2011;62
2024;Sportwagen;Hybrid;2012;37
2024;Sportwagen;Hybrid;2013;8
2024;Sportwagen;Hybrid;2014;16
2024;Sportwagen;Hybrid;2015;19
2024;Sportwagen;Hybrid;2016;18
2024;Sportwagen;Hybrid;2017;13
2024;Sportwagen;Hybrid;2018;100
2024;Sportwagen;Hybrid;2019;362
2024;Sportwagen;Hybrid;2020;456
2024;Sportwagen;Hybrid;2021;526
2024;Sportwagen;Hybrid;2022;635
2024;Sportwagen;Hybrid;2023;1773
2024;Sportwagen;Hybrid;2024;555
2024;Sportwagen;Sonstige;1998;1
2024;Sportwagen;Sonstige;2003;1
2024;Sportwagen;Sonstige;2011;1
2024;Sportwagen;Flüssiggas (LPG) (einschl. bivalent);1990;1
2024;Sportwagen;Flüssiggas (LPG) (einschl. bivalent);1991;1
2024;Sportwagen;Flüssiggas (LPG) (einschl. bivalent);1992;6
2024;Sportwagen;Flüssiggas (LPG) (einschl. bivalent);1993;10
2024;Sportwagen;Flüssiggas (LPG) (einschl. bivalent);1994;5
2024;Sportwagen;Flüssiggas (LPG) (einschl. bivalent);1995;6
2024;Sportwagen;Flüssiggas (LPG) (einschl. bivalent);1996;8
2024;Sportwagen;Flüssiggas (LPG) (einschl. bivalent);1997;42
2024;Sportwagen;Flüssiggas (LPG) (einschl. bivalent);1998;76
2024;Sportwagen;Flüssiggas (LPG) (einschl. bivalent);1999;152
2024;Sportwagen;Flüssiggas (LPG) (einschl. bivalent);2000;145
2024;Sportwagen;Flüssiggas (LPG) (einschl. bivalent);2001;130
2024;Sportwagen;Flüssiggas (LPG) (einschl. bivalent);2002;106
2024;Sportwagen;Flüssiggas (LPG) (einschl. bivalent);2003;149
2024;Sportwagen;Flüssiggas (LPG) (einschl. bivalent);2004;122
2024;Sportwagen;Flüssiggas (LPG) (einschl. bivalent);2005;108
2024;Sportwagen;Flüssiggas (LPG) (einschl. bivalent);2006;78
2024;Sportwagen;Flüssiggas (LPG) (einschl. bivalent);2007;58
2024;Sportwagen;Flüssiggas (LPG) (einschl. bivalent);2008;35
2024;Sportwagen;Flüssiggas (LPG) (einschl. bivalent);2009;18
2024;Sportwagen;Flüssiggas (LPG) (einschl. bivalent);2010;14
2024;Sportwagen;Flüssiggas (LPG) (einschl. bivalent);2011;9
2024;Sportwagen;Flüssiggas (LPG) (einschl. bivalent);2012;19
2024;Sportwagen;Flüssiggas (LPG) (einschl. bivalent);2013;26
2024;Sportwagen;Flüssiggas (LPG) (einschl. bivalent);2014;44
2024;Sportwagen;Flüssiggas (LPG) (einschl. bivalent);2015;20
2024;Sportwagen;Flüssiggas (LPG) (einschl. bivalent);2016;38
2024;Sportwagen;Flüssiggas (LPG) (einschl. bivalent);2017;33
2024;Sportwagen;Flüssiggas (LPG) (einschl. bivalent);2018;7
2024;Sportwagen;Flüssiggas (LPG) (einschl. bivalent);2019;2
2024;Sportwagen;Flüssiggas (LPG) (einschl. bivalent);2020;1
2024;Sportwagen;Erdgas (CNG) (einschl. bivalent);2006;1
2024;Mini-Vans;Benzin;1991;2
2024;Mini-Vans;Benzin;1992;2
2024;Mini-Vans;Benzin;1993;3
2024;Mini-Vans;Benzin;1994;7
2024;Mini-Vans;Benzin;1995;19
2024;Mini-Vans;Benzin;1996;22
2024;Mini-Vans;Benzin;1997;105
2024;Mini-Vans;Benzin;1998;169
2024;Mini-Vans;Benzin;1999;578
2024;Mini-Vans;Benzin;2000;1385
2024;Mini-Vans;Benzin;2001;1963
2024;Mini-Vans;Benzin;2002;2698
2024;Mini-Vans;Benzin;2003;7246
2024;Mini-Vans;Benzin;2004;10356
2024;Mini-Vans;Benzin;2005;16815
2024;Mini-Vans;Benzin;2006;15971
2024;Mini-Vans;Benzin;2007;12103
2024;Mini-Vans;Benzin;2008;9397
2024;Mini-Vans;Benzin;2009;10759
2024;Mini-Vans;Benzin;2010;8082
2024;Mini-Vans;Benzin;2011;9187
2024;Mini-Vans;Benzin;2012;8304
2024;Mini-Vans;Benzin;2013;8275
2024;Mini-Vans;Benzin;2014;6925
2024;Mini-Vans;Benzin;2015;5610
2024;Mini-Vans;Benzin;2016;4882
2024;Mini-Vans;Benzin;2017;4735
2024;Mini-Vans;Benzin;2018;3335
2024;Mini-Vans;Benzin;2019;4753
2024;Mini-Vans;Benzin;2020;2145
2024;Mini-Vans;Benzin;2021;1033
2024;Mini-Vans;Benzin;2022;2105
2024;Mini-Vans;Benzin;2023;972
2024;Mini-Vans;Benzin;2024;651
2024;Mini-Vans;Diesel;1998;1
2024;Mini-Vans;Diesel;1999;11
2024;Mini-Vans;Diesel;2000;41
2024;Mini-Vans;Diesel;2001;105
2024;Mini-Vans;Diesel;2002;347
2024;Mini-Vans;Diesel;2003;625
2024;Mini-Vans;Diesel;2004;2008
2024;Mini-Vans;Diesel;2005;3258
2024;Mini-Vans;Diesel;2006;4524
2024;Mini-Vans;Diesel;2007;4687
2024;Mini-Vans;Diesel;2008;3167
2024;Mini-Vans;Diesel;2009;2669
2024;Mini-Vans;Diesel;2010;3294
2024;Mini-Vans;Diesel;2011;4734
2024;Mini-Vans;Diesel;2012;4766
2024;Mini-Vans;Diesel;2013;3673
2024;Mini-Vans;Diesel;2014;3268
2024;Mini-Vans;Diesel;2015;2817
2024;Mini-Vans;Diesel;2016;1824
2024;Mini-Vans;Diesel;2017;1832
2024;Mini-Vans;Diesel;2018;1548
2024;Mini-Vans;Diesel;2019;2193
2024;Mini-Vans;Diesel;2020;1815
2024;Mini-Vans;Diesel;2021;706
2024;Mini-Vans;Diesel;2022;613
2024;Mini-Vans;Diesel;2023;1051
2024;Mini-Vans;Diesel;2024;139
2024;Mini-Vans;Elektro (BEV);2014;3
2024;Mini-Vans;Elektro (BEV);2015;36
2024;Mini-Vans;Elektro (BEV);2016;47
2024;Mini-Vans;Elektro (BEV);2017;38
2024;Mini-Vans;Elektro (BEV);2018;21
2024;Mini-Vans;Elektro (BEV);2019;42
2024;Mini-Vans;Elektro (BEV);2020;195
2024;Mini-Vans;Elektro (BEV);2021;470
2024;Mini-Vans;Elektro (BEV);2022;54
2024;Mini-Vans;Elektro (BEV);2023;72
2024;Mini-Vans;Elektro (BEV);2024;214
2024;Mini-Vans;Hybrid;2004;1
2024;Mini-Vans;Hybrid;2005;1
2024;Mini-Vans;Hybrid;2011;2
2024;Mini-Vans;Hybrid;2012;75
2024;Mini-Vans;Hybrid;2013;18
2024;Mini-Vans;Hybrid;2014;15
2024;Mini-Vans;Hybrid;2015;28
2024;Mini-Vans;Hybrid;2016;9
2024;Mini-Vans;Hybrid;2017;12
2024;Mini-Vans;Hybrid;2018;24
2024;Mini-Vans;Hybrid;2019;1
2024;Mini-Vans;Hybrid;2020;502
2024;Mini-Vans;Hybrid;2021;1565
2024;Mini-Vans;Hybrid;2022;2028
2024;Mini-Vans;Hybrid;2023;4610
2024;Mini-Vans;Hybrid;2024;2002
2024;Mini-Vans;Sonstige;2009;5
2024;Mini-Vans;Sonstige;2010;8
2024;Mini-Vans;Sonstige;2011;5
2024;Mini-Vans;Sonstige;2012;11
2024;Mini-Vans;Sonstige;2013;1
2024;Mini-Vans;Flüssiggas (LPG) (einschl. bivalent);1998;1
2024;Mini-Vans;Flüssiggas (LPG) (einschl. bivalent);1999;2
2024;Mini-Vans;Flüssiggas (LPG) (einschl. bivalent);2000;23
2024;Mini-Vans;Flüssiggas (LPG) (einschl. bivalent);2001;30
2024;Mini-Vans;Flüssiggas (LPG) (einschl. bivalent);2002;56
2024;Mini-Vans;Flüssiggas (LPG) (einschl. bivalent);2003;114
2024;Mini-Vans;Flüssiggas (LPG) (einschl. bivalent);2004;209
2024;Mini-Vans;Flüssiggas (LPG) (einschl. bivalent);2005;355
2024;Mini-Vans;Flüssiggas (LPG) (einschl. bivalent);2006;381
2024;Mini-Vans;Flüssiggas (LPG) (einschl. bivalent);2007;377
2024;Mini-Vans;Flüssiggas (LPG) (einschl. bivalent);2008;415
2024;Mini-Vans;Flüssiggas (LPG) (einschl. bivalent);2009;251
2024;Mini-Vans;Flüssiggas (LPG) (einschl. bivalent);2010;106
2024;Mini-Vans;Flüssiggas (LPG) (einschl. bivalent);2011;80
2024;Mini-Vans;Flüssiggas (LPG) (einschl. bivalent);2012;94
2024;Mini-Vans;Flüssiggas (LPG) (einschl. bivalent);2013;74
2024;Mini-Vans;Flüssiggas (LPG) (einschl. bivalent);2014;93
2024;Mini-Vans;Flüssiggas (LPG) (einschl. bivalent);2015;92
2024;Mini-Vans;Flüssiggas (LPG) (einschl. bivalent);2016;25
2024;Mini-Vans;Flüssiggas (LPG) (einschl. bivalent);2017;44
2024;Mini-Vans;Flüssiggas (LPG) (einschl. bivalent);2018;51
2024;Mini-Vans;Flüssiggas (LPG) (einschl. bivalent);2019;71
2024;Mini-Vans;Flüssiggas (LPG) (einschl. bivalent);2020;12
2024;Mini-Vans;Flüssiggas (LPG) (einschl. bivalent);2021;1
2024;Mini-Vans;Erdgas (CNG) (einschl. bivalent);2001;3
2024;Mini-Vans;Erdgas (CNG) (einschl. bivalent);2002;5
2024;Mini-Vans;Erdgas (CNG) (einschl. bivalent);2003;4
2024;Mini-Vans;Erdgas (CNG) (einschl. bivalent);2004;5
2024;Mini-Vans;Erdgas (CNG) (einschl. bivalent);2005;20
2024;Mini-Vans;Erdgas (CNG) (einschl. bivalent);2006;46
2024;Mini-Vans;Erdgas (CNG) (einschl. bivalent);2007;15
2024;Mini-Vans;Erdgas (CNG) (einschl. bivalent);2008;73
2024;Mini-Vans;Erdgas (CNG) (einschl. bivalent);2009;87
2024;Mini-Vans;Erdgas (CNG) (einschl. bivalent);2010;34
2024;Mini-Vans;Erdgas (CNG) (einschl. bivalent);2011;7
2024;Mini-Vans;Erdgas (CNG) (einschl. bivalent);2013;3
2024;Mini-Vans;Erdgas (CNG) (einschl. bivalent);2014;12
2024;Mini-Vans;Erdgas (CNG) (einschl. bivalent);2015;25
2024;Mini-Vans;Erdgas (CNG) (einschl. bivalent);2016;9
2024;Mini-Vans;Erdgas (CNG) (einschl. bivalent);2017;7
2024;Großraum-Vans;Benzin;1990;2
2024;Großraum-Vans;Benzin;1991;17
2024;Großraum-Vans;Benzin;1992;27
2024;Großraum-Vans;Benzin;1993;28
2024;Großraum-Vans;Benzin;1994;42
2024;Großraum-Vans;Benzin;1995;101
2024;Großraum-Vans;Benzin;1996;234
2024;Großraum-Vans;Benzin;1997;423
2024;Großraum-Vans;Benzin;1998;538
2024;Großraum-Vans;Benzin;1999;1564
2024;Großraum-Vans;Benzin;2000;2114
2024;Großraum-Vans;Benzin;2001;2801
2024;Großraum-Vans;Benzin;2002;3392
2024;Großraum-Vans;Benzin;2003;5386
2024;Großraum-Vans;Benzin;2004;5381
2024;Großraum-Vans;Benzin;2005;7552
2024;Großraum-Vans;Benzin;2006;7358
2024;Großraum-Vans;Benzin;2007;5385
2024;Großraum-Vans;Benzin;2008;4698
2024;Großraum-Vans;Benzin;2009;6425
2024;Großraum-Vans;Benzin;2010;4528
2024;Großraum-Vans;Benzin;2011;5149
2024;Großraum-Vans;Benzin;2012;4204
2024;Großraum-Vans;Benzin;2013;3092
2024;Großraum-Vans;Benzin;2014;2721
2024;Großraum-Vans;Benzin;2015;1806
2024;Großraum-Vans;Benzin;2016;2516
2024;Großraum-Vans;Benzin;2017;2912
2024;Großraum-Vans;Benzin;2018;2655
2024;Großraum-Vans;Benzin;2019;2913
2024;Großraum-Vans;Benzin;2020;1987
2024;Großraum-Vans;Benzin;2021;1508
2024;Großraum-Vans;Benzin;2022;1789
2024;Großraum-Vans;Benzin;2023;2628
2024;Großraum-Vans;Benzin;2024;2514
2024;Großraum-Vans;Diesel;1990;2
2024;Großraum-Vans;Diesel;1991;3
2024;Großraum-Vans;Diesel;1993;5
2024;Großraum-Vans;Diesel;1994;5
2024;Großraum-Vans;Diesel;1995;5
2024;Großraum-Vans;Diesel;1996;20
2024;Großraum-Vans;Diesel;1997;75
2024;Großraum-Vans;Diesel;1998;118
2024;Großraum-Vans;Diesel;1999;177
2024;Großraum-Vans;Diesel;2000;443
2024;Großraum-Vans;Diesel;2001;863
2024;Großraum-Vans;Diesel;2002;1505
2024;Großraum-Vans;Diesel;2003;4857
2024;Großraum-Vans;Diesel;2004;8390
2024;Großraum-Vans;Diesel;2005;9010
2024;Großraum-Vans;Diesel;2006;12970
2024;Großraum-Vans;Diesel;2007;12316
2024;Großraum-Vans;Diesel;2008;9647
2024;Großraum-Vans;Diesel;2009;8269
2024;Großraum-Vans;Diesel;2010;7107
2024;Großraum-Vans;Diesel;2011;11078
2024;Großraum-Vans;Diesel;2012;10441
2024;Großraum-Vans;Diesel;2013;7953
2024;Großraum-Vans;Diesel;2014;7826
2024;Großraum-Vans;Diesel;2015;6957
2024;Großraum-Vans;Diesel;2016;7057
2024;Großraum-Vans;Diesel;2017;6103
2024;Großraum-Vans;Diesel;2018;5592
2024;Großraum-Vans;Diesel;2019;9918
2024;Großraum-Vans;Diesel;2020;11063
2024;Großraum-Vans;Diesel;2021;4978
2024;Großraum-Vans;Diesel;2022;3014
2024;Großraum-Vans;Diesel;2023;6906
2024;Großraum-Vans;Diesel;2024;3781
2024;Großraum-Vans;Elektro (BEV);2008;1
2024;Großraum-Vans;Elektro (BEV);2020;163
2024;Großraum-Vans;Elektro (BEV);2021;298
2024;Großraum-Vans;Elektro (BEV);2022;337
2024;Großraum-Vans;Elektro (BEV);2023;700
2024;Großraum-Vans;Elektro (BEV);2024;240
2024;Großraum-Vans;Hybrid;2012;119
2024;Großraum-Vans;Hybrid;2013;179
2024;Großraum-Vans;Hybrid;2014;129
2024;Großraum-Vans;Hybrid;2015;223
2024;Großraum-Vans;Hybrid;2016;227
2024;Großraum-Vans;Hybrid;2017;216
2024;Großraum-Vans;Hybrid;2018;289
2024;Großraum-Vans;Hybrid;2019;322
2024;Großraum-Vans;Hybrid;2020;315
2024;Großraum-Vans;Hybrid;2021;179
2024;Großraum-Vans;Hybrid;2022;116
2024;Großraum-Vans;Hybrid;2023;554
2024;Großraum-Vans;Hybrid;2024;990
2024;Großraum-Vans;Sonstige;2002;1
2024;Großraum-Vans;Sonstige;2009;5
2024;Großraum-Vans;Sonstige;2010;18
2024;Großraum-Vans;Sonstige;2011;9
2024;Großraum-Vans;Sonstige;2012;3
2024;Großraum-Vans;Sonstige;2016;1
2024;Großraum-Vans;Flüssiggas (LPG) (einschl. bivalent);1990;1
2024;Großraum-Vans;Flüssiggas (LPG) (einschl. bivalent);1992;1
2024;Großraum-Vans;Flüssiggas (LPG) (einschl. bivalent);1994;1
2024;Großraum-Vans;Flüssiggas (LPG) (einschl. bivalent);1995;6
2024;Großraum-Vans;Flüssiggas (LPG) (einschl. bivalent);1996;12
2024;Großraum-Vans;Flüssiggas (LPG) (einschl. bivalent);1997;20
2024;Großraum-Vans;Flüssiggas (LPG) (einschl. bivalent);1998;32
2024;Großraum-Vans;Flüssiggas (LPG) (einschl. bivalent);1999;62
2024;Großraum-Vans;Flüssiggas (LPG) (einschl. bivalent);2000;99
2024;Großraum-Vans;Flüssiggas (LPG) (einschl. bivalent);2001;133
2024;Großraum-Vans;Flüssiggas (LPG) (einschl. bivalent);2002;161
2024;Großraum-Vans;Flüssiggas (LPG) (einschl. bivalent);2003;220
2024;Großraum-Vans;Flüssiggas (LPG) (einschl. bivalent);2004;264
2024;Großraum-Vans;Flüssiggas (LPG) (einschl. bivalent);2005;294
2024;Großraum-Vans;Flüssiggas (LPG) (einschl. bivalent);2006;256
2024;Großraum-Vans;Flüssiggas (LPG) (einschl. bivalent);2007;219
2024;Großraum-Vans;Flüssiggas (LPG) (einschl. bivalent);2008;276
2024;Großraum-Vans;Flüssiggas (LPG) (einschl. bivalent);2009;179
2024;Großraum-Vans;Flüssiggas (LPG) (einschl. bivalent);2010;126
2024;Großraum-Vans;Flüssiggas (LPG) (einschl. bivalent);2011;63
2024;Großraum-Vans;Flüssiggas (LPG) (einschl. bivalent);2012;42
2024;Großraum-Vans;Flüssiggas (LPG) (einschl. bivalent);2013;42
2024;Großraum-Vans;Flüssiggas (LPG) (einschl. bivalent);2014;25
2024;Großraum-Vans;Flüssiggas (LPG) (einschl. bivalent);2015;11
2024;Großraum-Vans;Flüssiggas (LPG) (einschl. bivalent);2016;16
2024;Großraum-Vans;Flüssiggas (LPG) (einschl. bivalent);2017;19
2024;Großraum-Vans;Flüssiggas (LPG) (einschl. bivalent);2018;10
2024;Großraum-Vans;Flüssiggas (LPG) (einschl. bivalent);2019;1
2024;Großraum-Vans;Flüssiggas (LPG) (einschl. bivalent);2021;1
2024;Großraum-Vans;Flüssiggas (LPG) (einschl. bivalent);2022;220
2024;Großraum-Vans;Flüssiggas (LPG) (einschl. bivalent);2023;208
2024;Großraum-Vans;Flüssiggas (LPG) (einschl. bivalent);2024;417
2024;Großraum-Vans;Erdgas (CNG) (einschl. bivalent);2002;13
2024;Großraum-Vans;Erdgas (CNG) (einschl. bivalent);2003;23
2024;Großraum-Vans;Erdgas (CNG) (einschl. bivalent);2004;77
2024;Großraum-Vans;Erdgas (CNG) (einschl. bivalent);2005;112
2024;Großraum-Vans;Erdgas (CNG) (einschl. bivalent);2006;211
2024;Großraum-Vans;Erdgas (CNG) (einschl. bivalent);2007;327
2024;Großraum-Vans;Erdgas (CNG) (einschl. bivalent);2008;284
2024;Großraum-Vans;Erdgas (CNG) (einschl. bivalent);2009;208
2024;Großraum-Vans;Erdgas (CNG) (einschl. bivalent);2010;118
2024;Großraum-Vans;Erdgas (CNG) (einschl. bivalent);2011;189
2024;Großraum-Vans;Erdgas (CNG) (einschl. bivalent);2012;225
2024;Großraum-Vans;Erdgas (CNG) (einschl. bivalent);2013;131
2024;Großraum-Vans;Erdgas (CNG) (einschl. bivalent);2014;75
2024;Großraum-Vans;Erdgas (CNG) (einschl. bivalent);2015;43
2024;Großraum-Vans;Erdgas (CNG) (einschl. bivalent);2016;15
2024;Großraum-Vans;Erdgas (CNG) (einschl. bivalent);2017;20
2024;Großraum-Vans;Erdgas (CNG) (einschl. bivalent);2018;11
2024;Utilities;Benzin;1990;134
2024;Utilities;Benzin;1991;178
2024;Utilities;Benzin;1992;218
2024;Utilities;Benzin;1993;182
2024;Utilities;Benzin;1994;298
2024;Utilities;Benzin;1995;373
2024;Utilities;Benzin;1996;391
2024;Utilities;Benzin;1997;408
2024;Utilities;Benzin;1998;489
2024;Utilities;Benzin;1999;740
2024;Utilities;Benzin;2000;885
2024;Utilities;Benzin;2001;1307
2024;Utilities;Benzin;2002;1691
2024;Utilities;Benzin;2003;1960
2024;Utilities;Benzin;2004;1687
2024;Utilities;Benzin;2005;2520
2024;Utilities;Benzin;2006;2139
2024;Utilities;Benzin;2007;1412
2024;Utilities;Benzin;2008;1993
2024;Utilities;Benzin;2009;3595
2024;Utilities;Benzin;2010;1900
2024;Utilities;Benzin;2011;1831
2024;Utilities;Benzin;2012;1268
2024;Utilities;Benzin;2013;1229
2024;Utilities;Benzin;2014;1194
2024;Utilities;Benzin;2015;1272
2024;Utilities;Benzin;2016;1568
2024;Utilities;Benzin;2017;2306
2024;Utilities;Benzin;2018;2345
2024;Utilities;Benzin;2019;3313
2024;Utilities;Benzin;2020;3138
2024;Utilities;Benzin;2021;1564
2024;Utilities;Benzin;2022;1565
2024;Utilities;Benzin;2023;4060
2024;Utilities;Benzin;2024;3075
2024;Utilities;Diesel;1990;148
2024;Utilities;Diesel;1991;153
2024;Utilities;Diesel;1992;240
2024;Utilities;Diesel;1993;178
2024;Utilities;Diesel;1994;320
2024;Utilities;Diesel;1995;440
2024;Utilities;Diesel;1996;812
2024;Utilities;Diesel;1997;1074
2024;Utilities;Diesel;1998;1304
2024;Utilities;Diesel;1999;1607
2024;Utilities;Diesel;2000;1789
2024;Utilities;Diesel;2001;1983
2024;Utilities;Diesel;2002;2501
2024;Utilities;Diesel;2003;3075
2024;Utilities;Diesel;2004;4340
2024;Utilities;Diesel;2005;5530
2024;Utilities;Diesel;2006;6923
2024;Utilities;Diesel;2007;7069
2024;Utilities;Diesel;2008;7304
2024;Utilities;Diesel;2009;7398
2024;Utilities;Diesel;2010;7174
2024;Utilities;Diesel;2011;7871
2024;Utilities;Diesel;2012;7553
2024;Utilities;Diesel;2013;7607
2024;Utilities;Diesel;2014;7734
2024;Utilities;Diesel;2015;8588
2024;Utilities;Diesel;2016;9825
2024;Utilities;Diesel;2017;10264
2024;Utilities;Diesel;2018;10002
2024;Utilities;Diesel;2019;15706
2024;Utilities;Diesel;2020;14830
2024;Utilities;Diesel;2021;10022
2024;Utilities;Diesel;2022;6733
2024;Utilities;Diesel;2023;10823
2024;Utilities;Diesel;2024;9978
2024;Utilities;Elektro (BEV);2002;1
2024;Utilities;Elektro (BEV);2003;1
2024;Utilities;Elektro (BEV);2004;4
2024;Utilities;Elektro (BEV);2005;1
2024;Utilities;Elektro (BEV);2010;3
2024;Utilities;Elektro (BEV);2011;6
2024;Utilities;Elektro (BEV);2012;2
2024;Utilities;Elektro (BEV);2014;1
2024;Utilities;Elektro (BEV);2015;7
2024;Utilities;Elektro (BEV);2016;8
2024;Utilities;Elektro (BEV);2017;11
2024;Utilities;Elektro (BEV);2018;16
2024;Utilities;Elektro (BEV);2019;54
2024;Utilities;Elektro (BEV);2020;135
2024;Utilities;Elektro (BEV);2021;373
2024;Utilities;Elektro (BEV);2022;608
2024;Utilities;Elektro (BEV);2023;2419
2024;Utilities;Elektro (BEV);2024;984
2024;Utilities;Hybrid;2015;1
2024;Utilities;Hybrid;2019;27
2024;Utilities;Hybrid;2020;209
2024;Utilities;Hybrid;2021;409
2024;Utilities;Hybrid;2022;562
2024;Utilities;Hybrid;2023;795
2024;Utilities;Hybrid;2024;213
2024;Utilities;Sonstige;2009;3
2024;Utilities;Sonstige;2010;1
2024;Utilities;Sonstige;2011;1
2024;Utilities;Sonstige;2012;1
2024;Utilities;Flüssiggas (LPG) (einschl. bivalent);1990;5
2024;Utilities;Flüssiggas (LPG) (einschl. bivalent);1991;9
2024;Utilities;Flüssiggas (LPG) (einschl. bivalent);1992;33
2024;Utilities;Flüssiggas (LPG) (einschl. bivalent);1993;20
2024;Utilities;Flüssiggas (LPG) (einschl. bivalent);1994;43
2024;Utilities;Flüssiggas (LPG) (einschl. bivalent);1995;89
2024;Utilities;Flüssiggas (LPG) (einschl. bivalent);1996;99
2024;Utilities;Flüssiggas (LPG) (einschl. bivalent);1997;65
2024;Utilities;Flüssiggas (LPG) (einschl. bivalent);1998;50
2024;Utilities;Flüssiggas (LPG) (einschl. bivalent);1999;33
2024;Utilities;Flüssiggas (LPG) (einschl. bivalent);2000;32
2024;Utilities;Flüssiggas (LPG) (einschl. bivalent);2001;44
2024;Utilities;Flüssiggas (LPG) (einschl. bivalent);2002;54
2024;Utilities;Flüssiggas (LPG) (einschl. bivalent);2003;48
2024;Utilities;Flüssiggas (LPG) (einschl. bivalent);2004;58
2024;Utilities;Flüssiggas (LPG) (einschl. bivalent);2005;102
2024;Utilities;Flüssiggas (LPG) (einschl. bivalent);2006;129
2024;Utilities;Flüssiggas (LPG) (einschl. bivalent);2007;91
2024;Utilities;Flüssiggas (LPG) (einschl. bivalent);2008;212
2024;Utilities;Flüssiggas (LPG) (einschl. bivalent);2009;184
2024;Utilities;Flüssiggas (LPG) (einschl. bivalent);2010;67
2024;Utilities;Flüssiggas (LPG) (einschl. bivalent);2011;63
2024;Utilities;Flüssiggas (LPG) (einschl. bivalent);2012;80
2024;Utilities;Flüssiggas (LPG) (einschl. bivalent);2013;40
2024;Utilities;Flüssiggas (LPG) (einschl. bivalent);2014;76
2024;Utilities;Flüssiggas (LPG) (einschl. bivalent);2015;80
2024;Utilities;Flüssiggas (LPG) (einschl. bivalent);2016;4
2024;Utilities;Flüssiggas (LPG) (einschl. bivalent);2017;67
2024;Utilities;Flüssiggas (LPG) (einschl. bivalent);2018;90
2024;Utilities;Flüssiggas (LPG) (einschl. bivalent);2019;108
2024;Utilities;Flüssiggas (LPG) (einschl. bivalent);2020;1
2024;Utilities;Flüssiggas (LPG) (einschl. bivalent);2021;1
2024;Utilities;Flüssiggas (LPG) (einschl. bivalent);2022;1
2024;Utilities;Erdgas (CNG) (einschl. bivalent);1996;2
2024;Utilities;Erdgas (CNG) (einschl. bivalent);1998;1
2024;Utilities;Erdgas (CNG) (einschl. bivalent);1999;2
2024;Utilities;Erdgas (CNG) (einschl. bivalent);2000;2
2024;Utilities;Erdgas (CNG) (einschl. bivalent);2001;1
2024;Utilities;Erdgas (CNG) (einschl. bivalent);2002;2
2024;Utilities;Erdgas (CNG) (einschl. bivalent);2003;2
2024;Utilities;Erdgas (CNG) (einschl. bivalent);2004;2
2024;Utilities;Erdgas (CNG) (einschl. bivalent);2005;72
2024;Utilities;Erdgas (CNG) (einschl. bivalent);2006;381
2024;Utilities;Erdgas (CNG) (einschl. bivalent);2007;364
2024;Utilities;Erdgas (CNG) (einschl. bivalent);2008;453
2024;Utilities;Erdgas (CNG) (einschl. bivalent);2009;334
2024;Utilities;Erdgas (CNG) (einschl. bivalent);2010;140
2024;Utilities;Erdgas (CNG) (einschl. bivalent);2011;207
2024;Utilities;Erdgas (CNG) (einschl. bivalent);2012;119
2024;Utilities;Erdgas (CNG) (einschl. bivalent);2013;97
2024;Utilities;Erdgas (CNG) (einschl. bivalent);2014;63
2024;Utilities;Erdgas (CNG) (einschl. bivalent);2015;36
2024;Utilities;Erdgas (CNG) (einschl. bivalent);2016;53
2024;Utilities;Erdgas (CNG) (einschl. bivalent);2017;71
2024;Utilities;Erdgas (CNG) (einschl. bivalent);2018;76
2024;Utilities;Erdgas (CNG) (einschl. bivalent);2019;136
2024;Utilities;Erdgas (CNG) (einschl. bivalent);2020;75
2024;Utilities;Erdgas (CNG) (einschl. bivalent);2021;3
2024;Utilities;Erdgas (CNG) (einschl. bivalent);2023;5
2024;Utilities;Erdgas (CNG) (einschl. bivalent);2024;5
2024;Wohnmobile;Benzin;1990;101
2024;Wohnmobile;Benzin;1991;53
2024;Wohnmobile;Benzin;1992;83
2024;Wohnmobile;Benzin;1993;47
2024;Wohnmobile;Benzin;1994;39
2024;Wohnmobile;Benzin;1995;47
2024;Wohnmobile;Benzin;1996;33
2024;Wohnmobile;Benzin;1997;37
2024;Wohnmobile;Benzin;1998;11
2024;Wohnmobile;Benzin;1999;17
2024;Wohnmobile;Benzin;2000;18
2024;Wohnmobile;Benzin;2001;9
2024;Wohnmobile;Benzin;2002;9
2024;Wohnmobile;Benzin;2003;7
2024;Wohnmobile;Benzin;2004;4
2024;Wohnmobile;Benzin;2005;2
2024;Wohnmobile;Benzin;2006;5
2024;Wohnmobile;Benzin;2007;2
2024;Wohnmobile;Benzin;2008;4
2024;Wohnmobile;Benzin;2009;3
2024;Wohnmobile;Benzin;2010;4
2024;Wohnmobile;Benzin;2011;2
2024;Wohnmobile;Benzin;2012;8
2024;Wohnmobile;Benzin;2013;1
2024;Wohnmobile;Benzin;2014;2
2024;Wohnmobile;Benzin;2015;2
2024;Wohnmobile;Benzin;2016;3
2024;Wohnmobile;Benzin;2017;12
2024;Wohnmobile;Benzin;2018;15
2024;Wohnmobile;Benzin;2019;15
2024;Wohnmobile;Benzin;2020;10
2024;Wohnmobile;Benzin;2021;23
2024;Wohnmobile;Benzin;2022;34
2024;Wohnmobile;Benzin;2023;41
2024;Wohnmobile;Benzin;2024;34
2024;Wohnmobile;Diesel;1990;928
2024;Wohnmobile;Diesel;1991;1085
2024;Wohnmobile;Diesel;1992;1241
2024;Wohnmobile;Diesel;1993;1020
2024;Wohnmobile;Diesel;1994;1052
2024;Wohnmobile;Diesel;1995;1049
2024;Wohnmobile;Diesel;1996;1257
2024;Wohnmobile;Diesel;1997;1207
2024;Wohnmobile;Diesel;1998;1309
2024;Wohnmobile;Diesel;1999;1569
2024;Wohnmobile;Diesel;2000;1733
2024;Wohnmobile;Diesel;2001;1803
2024;Wohnmobile;Diesel;2002;1649
2024;Wohnmobile;Diesel;2003;1617
2024;Wohnmobile;Diesel;2004;1718
2024;Wohnmobile;Diesel;2005;1769
2024;Wohnmobile;Diesel;2006;1845
2024;Wohnmobile;Diesel;2007;1899
2024;Wohnmobile;Diesel;2008;1940
2024;Wohnmobile;Diesel;2009;1652
2024;Wohnmobile;Diesel;2010;1583
2024;Wohnmobile;Diesel;2011;1848
2024;Wohnmobile;Diesel;2012;1966
2024;Wohnmobile;Diesel;2013;1880
2024;Wohnmobile;Diesel;2014;1915
2024;Wohnmobile;Diesel;2015;2174
2024;Wohnmobile;Diesel;2016;2746
2024;Wohnmobile;Diesel;2017;2884
2024;Wohnmobile;Diesel;2018;3328
2024;Wohnmobile;Diesel;2019;3878
2024;Wohnmobile;Diesel;2020;5459
2024;Wohnmobile;Diesel;2021;6250
2024;Wohnmobile;Diesel;2022;6270
2024;Wohnmobile;Diesel;2023;10339
2024;Wohnmobile;Diesel;2024;15080
2024;Wohnmobile;Elektro (BEV);2010;2
2024;Wohnmobile;Elektro (BEV);2022;2
2024;Wohnmobile;Elektro (BEV);2023;13
2024;Wohnmobile;Elektro (BEV);2024;6
2024;Wohnmobile;Hybrid;2020;2
2024;Wohnmobile;Hybrid;2023;12
2024;Wohnmobile;Hybrid;2024;2
2024;Wohnmobile;Sonstige;2008;1
2024;Wohnmobile;Sonstige;2012;1
2024;Wohnmobile;Sonstige;2013;1
2024;Wohnmobile;Sonstige;2017;1
2024;Wohnmobile;Sonstige;2022;2
2024;Wohnmobile;Sonstige;2023;3
2024;Wohnmobile;Sonstige;2024;5
2024;Wohnmobile;Flüssiggas (LPG) (einschl. bivalent);1990;7
2024;Wohnmobile;Flüssiggas (LPG) (einschl. bivalent);1991;24
2024;Wohnmobile;Flüssiggas (LPG) (einschl. bivalent);1992;28
2024;Wohnmobile;Flüssiggas (LPG) (einschl. bivalent);1993;13
2024;Wohnmobile;Flüssiggas (LPG) (einschl. bivalent);1994;15
2024;Wohnmobile;Flüssiggas (LPG) (einschl. bivalent);1995;27
2024;Wohnmobile;Flüssiggas (LPG) (einschl. bivalent);1996;13
2024;Wohnmobile;Flüssiggas (LPG) (einschl. bivalent);1997;17
2024;Wohnmobile;Flüssiggas (LPG) (einschl. bivalent);1998;7
2024;Wohnmobile;Flüssiggas (LPG) (einschl. bivalent);1999;6
2024;Wohnmobile;Flüssiggas (LPG) (einschl. bivalent);2000;6
2024;Wohnmobile;Flüssiggas (LPG) (einschl. bivalent);2001;5
2024;Wohnmobile;Flüssiggas (LPG) (einschl. bivalent);2002;5
2024;Wohnmobile;Flüssiggas (LPG) (einschl. bivalent);2003;4
2024;Wohnmobile;Flüssiggas (LPG) (einschl. bivalent);2004;2
2024;Wohnmobile;Flüssiggas (LPG) (einschl. bivalent);2005;6
2024;Wohnmobile;Flüssiggas (LPG) (einschl. bivalent);2006;6
2024;Wohnmobile;Flüssiggas (LPG) (einschl. bivalent);2007;1
2024;Wohnmobile;Flüssiggas (LPG) (einschl. bivalent);2008;5
2024;Wohnmobile;Flüssiggas (LPG) (einschl. bivalent);2009;2
2024;Wohnmobile;Flüssiggas (LPG) (einschl. bivalent);2010;2
2024;Wohnmobile;Flüssiggas (LPG) (einschl. bivalent);2011;1
2024;Wohnmobile;Flüssiggas (LPG) (einschl. bivalent);2012;1
2024;Wohnmobile;Flüssiggas (LPG) (einschl. bivalent);2014;1
2024;Wohnmobile;Flüssiggas (LPG) (einschl. bivalent);2017;2
2024;Wohnmobile;Flüssiggas (LPG) (einschl. bivalent);2021;1
2024;Wohnmobile;Erdgas (CNG) (einschl. bivalent);2001;1
2024;Wohnmobile;Erdgas (CNG) (einschl. bivalent);2004;2
2024;Wohnmobile;Erdgas (CNG) (einschl. bivalent);2005;3
2024;Wohnmobile;Erdgas (CNG) (einschl. bivalent);2006;4
2024;Wohnmobile;Erdgas (CNG) (einschl. bivalent);2008;3
2024;Wohnmobile;Erdgas (CNG) (einschl. bivalent);2009;3
2024;Wohnmobile;Erdgas (CNG) (einschl. bivalent);2012;1
2024;Wohnmobile;Erdgas (CNG) (einschl. bivalent);2014;1
2024;Wohnmobile;Erdgas (CNG) (einschl. bivalent);2024;1
2024;Sonstige;Benzin;1900;1
2024;Sonstige;Benzin;1903;1
2024;Sonstige;Benzin;1907;1
2024;Sonstige;Benzin;1908;1
2024;Sonstige;Benzin;1909;2
2024;Sonstige;Benzin;1910;1
2024;Sonstige;Benzin;1911;1
2024;Sonstige;Benzin;1912;3
2024;Sonstige;Benzin;1913;3
2024;Sonstige;Benzin;1914;5
2024;Sonstige;Benzin;1915;4
2024;Sonstige;Benzin;1916;2
2024;Sonstige;Benzin;1918;2
2024;Sonstige;Benzin;1919;3
2024;Sonstige;Benzin;1920;3
2024;Sonstige;Benzin;1921;1
2024;Sonstige;Benzin;1922;3
2024;Sonstige;Benzin;1923;6
2024;Sonstige;Benzin;1924;5
2024;Sonstige;Benzin;1925;5
2024;Sonstige;Benzin;1926;7
2024;Sonstige;Benzin;1927;17
2024;Sonstige;Benzin;1928;39
2024;Sonstige;Benzin;1929;46
2024;Sonstige;Benzin;1930;48
2024;Sonstige;Benzin;1931;75
2024;Sonstige;Benzin;1932;35
2024;Sonstige;Benzin;1933;28
2024;Sonstige;Benzin;1934;42
2024;Sonstige;Benzin;1935;46
2024;Sonstige;Benzin;1936;42
2024;Sonstige;Benzin;1937;76
2024;Sonstige;Benzin;1938;76
2024;Sonstige;Benzin;1939;59
2024;Sonstige;Benzin;1940;14
2024;Sonstige;Benzin;1941;11
2024;Sonstige;Benzin;1942;8
2024;Sonstige;Benzin;1943;20
2024;Sonstige;Benzin;1944;24
2024;Sonstige;Benzin;1945;8
2024;Sonstige;Benzin;1946;7
2024;Sonstige;Benzin;1947;25
2024;Sonstige;Benzin;1948;32
2024;Sonstige;Benzin;1949;52
2024;Sonstige;Benzin;1950;70
2024;Sonstige;Benzin;1951;80
2024;Sonstige;Benzin;1952;124
2024;Sonstige;Benzin;1953;133
2024;Sonstige;Benzin;1954;148
2024;Sonstige;Benzin;1955;217
2024;Sonstige;Benzin;1956;250
2024;Sonstige;Benzin;1957;296
2024;Sonstige;Benzin;1958;309
2024;Sonstige;Benzin;1959;384
2024;Sonstige;Benzin;1960;416
2024;Sonstige;Benzin;1961;386
2024;Sonstige;Benzin;1962;437
2024;Sonstige;Benzin;1963;438
2024;Sonstige;Benzin;1964;597
2024;Sonstige;Benzin;1965;821
2024;Sonstige;Benzin;1966;860
2024;Sonstige;Benzin;1967;907
2024;Sonstige;Benzin;1968;1032
2024;Sonstige;Benzin;1969;1083
2024;Sonstige;Benzin;1970;1174
2024;Sonstige;Benzin;1971;1303
2024;Sonstige;Benzin;1972;1468
2024;Sonstige;Benzin;1973;1414
2024;Sonstige;Benzin;1974;970
2024;Sonstige;Benzin;1975;881
2024;Sonstige;Benzin;1976;1025
2024;Sonstige;Benzin;1977;1176
2024;Sonstige;Benzin;1978;1339
2024;Sonstige;Benzin;1979;1528
2024;Sonstige;Benzin;1980;1232
2024;Sonstige;Benzin;1981;1361
2024;Sonstige;Benzin;1982;1478
2024;Sonstige;Benzin;1983;2144
2024;Sonstige;Benzin;1984;2029
2024;Sonstige;Benzin;1985;2140
2024;Sonstige;Benzin;1986;2930
2024;Sonstige;Benzin;1987;4120
2024;Sonstige;Benzin;1988;5118
2024;Sonstige;Benzin;1989;6884
2024;Sonstige;Benzin;1990;1562
2024;Sonstige;Benzin;1991;1441
2024;Sonstige;Benzin;1992;1186
2024;Sonstige;Benzin;1993;1021
2024;Sonstige;Benzin;1994;1056
2024;Sonstige;Benzin;1995;1555
2024;Sonstige;Benzin;1996;1605
2024;Sonstige;Benzin;1997;1625
2024;Sonstige;Benzin;1998;1397
2024;Sonstige;Benzin;1999;1271
2024;Sonstige;Benzin;2000;1701
2024;Sonstige;Benzin;2001;2306
2024;Sonstige;Benzin;2002;2556
2024;Sonstige;Benzin;2003;2826
2024;Sonstige;Benzin;2004;2408
2024;Sonstige;Benzin;2005;2695
2024;Sonstige;Benzin;2006;1511
2024;Sonstige;Benzin;2007;885
2024;Sonstige;Benzin;2008;816
2024;Sonstige;Benzin;2009;1106
2024;Sonstige;Benzin;2010;529
2024;Sonstige;Benzin;2011;631
2024;Sonstige;Benzin;2012;774
2024;Sonstige;Benzin;2013;926
2024;Sonstige;Benzin;2014;1030
2024;Sonstige;Benzin;2015;1221
2024;Sonstige;Benzin;2016;1245
2024;Sonstige;Benzin;2017;1203
2024;Sonstige;Benzin;2018;1252
2024;Sonstige;Benzin;2019;1259
2024;Sonstige;Benzin;2020;1115
2024;Sonstige;Benzin;2021;1223
2024;Sonstige;Benzin;2022;1520
2024;Sonstige;Benzin;2023;2139
2024;Sonstige;Benzin;2024;2449
2024;Sonstige;Benzin;fehlende/unplausible Angabe;3
2024;Sonstige;Diesel;1911;1
2024;Sonstige;Diesel;1913;1
2024;Sonstige;Diesel;1944;2
2024;Sonstige;Diesel;1948;1
2024;Sonstige;Diesel;1950;2
2024;Sonstige;Diesel;1951;12
2024;Sonstige;Diesel;1952;11
2024;Sonstige;Diesel;1953;9
2024;Sonstige;Diesel;1954;8
2024;Sonstige;Diesel;1955;5
2024;Sonstige;Diesel;1956;5
2024;Sonstige;Diesel;1957;6
2024;Sonstige;Diesel;1958;5
2024;Sonstige;Diesel;1959;12
2024;Sonstige;Diesel;1960;14
2024;Sonstige;Diesel;1961;14
2024;Sonstige;Diesel;1962;10
2024;Sonstige;Diesel;1963;14
2024;Sonstige;Diesel;1964;21
2024;Sonstige;Diesel;1965;32
2024;Sonstige;Diesel;1966;39
2024;Sonstige;Diesel;1967;32
2024;Sonstige;Diesel;1968;29
2024;Sonstige;Diesel;1969;28
2024;Sonstige;Diesel;1970;25
2024;Sonstige;Diesel;1971;54
2024;Sonstige;Diesel;1972;62
2024;Sonstige;Diesel;1973;63
2024;Sonstige;Diesel;1974;43
2024;Sonstige;Diesel;1975;70
2024;Sonstige;Diesel;1976;91
2024;Sonstige;Diesel;1977;79
2024;Sonstige;Diesel;1978;123
2024;Sonstige;Diesel;1979;171
2024;Sonstige;Diesel;1980;231
2024;Sonstige;Diesel;1981;313
2024;Sonstige;Diesel;1982;445
2024;Sonstige;Diesel;1983;429
2024;Sonstige;Diesel;1984;432
2024;Sonstige;Diesel;1985;607
2024;Sonstige;Diesel;1986;851
2024;Sonstige;Diesel;1987;1029
2024;Sonstige;Diesel;1988;1099
2024;Sonstige;Diesel;1989;1313
2024;Sonstige;Diesel;1990;53
2024;Sonstige;Diesel;1991;36
2024;Sonstige;Diesel;1992;42
2024;Sonstige;Diesel;1993;26
2024;Sonstige;Diesel;1994;34
2024;Sonstige;Diesel;1995;101
2024;Sonstige;Diesel;1996;94
2024;Sonstige;Diesel;1997;76
2024;Sonstige;Diesel;1998;80
2024;Sonstige;Diesel;1999;150
2024;Sonstige;Diesel;2000;390
2024;Sonstige;Diesel;2001;841
2024;Sonstige;Diesel;2002;807
2024;Sonstige;Diesel;2003;753
2024;Sonstige;Diesel;2004;800
2024;Sonstige;Diesel;2005;495
2024;Sonstige;Diesel;2006;348
2024;Sonstige;Diesel;2007;295
2024;Sonstige;Diesel;2008;203
2024;Sonstige;Diesel;2009;171
2024;Sonstige;Diesel;2010;104
2024;Sonstige;Diesel;2011;198
2024;Sonstige;Diesel;2012;265
2024;Sonstige;Diesel;2013;150
2024;Sonstige;Diesel;2014;142
2024;Sonstige;Diesel;2015;126
2024;Sonstige;Diesel;2016;80
2024;Sonstige;Diesel;2017;53
2024;Sonstige;Diesel;2018;55
2024;Sonstige;Diesel;2019;85
2024;Sonstige;Diesel;2020;71
2024;Sonstige;Diesel;2021;90
2024;Sonstige;Diesel;2022;145
2024;Sonstige;Diesel;2023;119
2024;Sonstige;Diesel;2024;100
2024;Sonstige;Elektro (BEV);1953;1
2024;Sonstige;Elektro (BEV);1964;1
2024;Sonstige;Elektro (BEV);1967;1
2024;Sonstige;Elektro (BEV);1968;1
2024;Sonstige;Elektro (BEV);1969;1
2024;Sonstige;Elektro (BEV);1970;3
2024;Sonstige;Elektro (BEV);1971;1
2024;Sonstige;Elektro (BEV);1973;2
2024;Sonstige;Elektro (BEV);1975;1
2024;Sonstige;Elektro (BEV);1976;1
2024;Sonstige;Elektro (BEV);1977;1
2024;Sonstige;Elektro (BEV);1979;1
2024;Sonstige;Elektro (BEV);1980;1
2024;Sonstige;Elektro (BEV);1981;1
2024;Sonstige;Elektro (BEV);1983;2
2024;Sonstige;Elektro (BEV);1985;1
2024;Sonstige;Elektro (BEV);1986;5
2024;Sonstige;Elektro (BEV);1987;1
2024;Sonstige;Elektro (BEV);1988;1
2024;Sonstige;Elektro (BEV);1989;3
2024;Sonstige;Elektro (BEV);1991;3
2024;Sonstige;Elektro (BEV);1992;9
2024;Sonstige;Elektro (BEV);1993;3
2024;Sonstige;Elektro (BEV);1994;1
2024;Sonstige;Elektro (BEV);1995;4
2024;Sonstige;Elektro (BEV);1996;7
2024;Sonstige;Elektro (BEV);1997;2
2024;Sonstige;Elektro (BEV);1998;4
2024;Sonstige;Elektro (BEV);1999;2
2024;Sonstige;Elektro (BEV);2000;4
2024;Sonstige;Elektro (BEV);2001;1
2024;Sonstige;Elektro (BEV);2003;1
2024;Sonstige;Elektro (BEV);2004;1
2024;Sonstige;Elektro (BEV);2006;1
2024;Sonstige;Elektro (BEV);2008;1
2024;Sonstige;Elektro (BEV);2009;1
2024;Sonstige;Elektro (BEV);2010;10
2024;Sonstige;Elektro (BEV);2011;11
2024;Sonstige;Elektro (BEV);2012;14
2024;Sonstige;Elektro (BEV);2013;10
2024;Sonstige;Elektro (BEV);2014;21
2024;Sonstige;Elektro (BEV);2015;18
2024;Sonstige;Elektro (BEV);2016;18
2024;Sonstige;Elektro (BEV);2017;6
2024;Sonstige;Elektro (BEV);2018;5
2024;Sonstige;Elektro (BEV);2019;67
2024;Sonstige;Elektro (BEV);2020;71
2024;Sonstige;Elektro (BEV);2021;140
2024;Sonstige;Elektro (BEV);2022;450
2024;Sonstige;Elektro (BEV);2023;987
2024;Sonstige;Elektro (BEV);2024;316
2024;Sonstige;Hybrid;1953;1
2024;Sonstige;Hybrid;1985;1
2024;Sonstige;Hybrid;2002;1
2024;Sonstige;Hybrid;2003;1
2024;Sonstige;Hybrid;2005;2
2024;Sonstige;Hybrid;2006;1
2024;Sonstige;Hybrid;2007;3
2024;Sonstige;Hybrid;2008;7
2024;Sonstige;Hybrid;2009;5
2024;Sonstige;Hybrid;2010;7
2024;Sonstige;Hybrid;2011;5
2024;Sonstige;Hybrid;2012;20
2024;Sonstige;Hybrid;2013;22
2024;Sonstige;Hybrid;2014;29
2024;Sonstige;Hybrid;2015;34
2024;Sonstige;Hybrid;2016;12
2024;Sonstige;Hybrid;2017;9
2024;Sonstige;Hybrid;2018;33
2024;Sonstige;Hybrid;2019;32
2024;Sonstige;Hybrid;2020;64
2024;Sonstige;Hybrid;2021;199
2024;Sonstige;Hybrid;2022;256
2024;Sonstige;Hybrid;2023;393
2024;Sonstige;Hybrid;2024;258
2024;Sonstige;Sonstige;1919;1
2024;Sonstige;Sonstige;1921;1
2024;Sonstige;Sonstige;1939;1
2024;Sonstige;Sonstige;1963;1
2024;Sonstige;Sonstige;1964;1
2024;Sonstige;Sonstige;1965;1
2024;Sonstige;Sonstige;1973;1
2024;Sonstige;Sonstige;1978;1
2024;Sonstige;Sonstige;1981;1
2024;Sonstige;Sonstige;1984;1
2024;Sonstige;Sonstige;1988;1
2024;Sonstige;Sonstige;1989;1
2024;Sonstige;Sonstige;1990;1
2024;Sonstige;Sonstige;2003;2
2024;Sonstige;Sonstige;2006;1
2024;Sonstige;Sonstige;2007;1
2024;Sonstige;Sonstige;2008;1
2024;Sonstige;Sonstige;2009;1
2024;Sonstige;Sonstige;2010;2
2024;Sonstige;Sonstige;2011;1
2024;Sonstige;Sonstige;2014;2
2024;Sonstige;Sonstige;2015;3
2024;Sonstige;Sonstige;2016;5
2024;Sonstige;Sonstige;2017;11
2024;Sonstige;Sonstige;2018;6
2024;Sonstige;Sonstige;2019;9
2024;Sonstige;Sonstige;2020;20
2024;Sonstige;Sonstige;2021;2
2024;Sonstige;Sonstige;2022;3
2024;Sonstige;Sonstige;2023;3
2024;Sonstige;Sonstige;2024;45
2024;Sonstige;Flüssiggas (LPG) (einschl. bivalent);1957;1
2024;Sonstige;Flüssiggas (LPG) (einschl. bivalent);1958;2
2024;Sonstige;Flüssiggas (LPG) (einschl. bivalent);1962;1
2024;Sonstige;Flüssiggas (LPG) (einschl. bivalent);1963;1
2024;Sonstige;Flüssiggas (LPG) (einschl. bivalent);1965;1
2024;Sonstige;Flüssiggas (LPG) (einschl. bivalent);1966;4
2024;Sonstige;Flüssiggas (LPG) (einschl. bivalent);1967;2
2024;Sonstige;Flüssiggas (LPG) (einschl. bivalent);1968;1
2024;Sonstige;Flüssiggas (LPG) (einschl. bivalent);1969;3
2024;Sonstige;Flüssiggas (LPG) (einschl. bivalent);1970;6
2024;Sonstige;Flüssiggas (LPG) (einschl. bivalent);1971;3
2024;Sonstige;Flüssiggas (LPG) (einschl. bivalent);1972;6
2024;Sonstige;Flüssiggas (LPG) (einschl. bivalent);1973;3
2024;Sonstige;Flüssiggas (LPG) (einschl. bivalent);1974;5
2024;Sonstige;Flüssiggas (LPG) (einschl. bivalent);1975;7
2024;Sonstige;Flüssiggas (LPG) (einschl. bivalent);1976;4
2024;Sonstige;Flüssiggas (LPG) (einschl. bivalent);1977;4
2024;Sonstige;Flüssiggas (LPG) (einschl. bivalent);1978;9
2024;Sonstige;Flüssiggas (LPG) (einschl. bivalent);1979;11
2024;Sonstige;Flüssiggas (LPG) (einschl. bivalent);1980;11
2024;Sonstige;Flüssiggas (LPG) (einschl. bivalent);1981;10
2024;Sonstige;Flüssiggas (LPG) (einschl. bivalent);1982;14
2024;Sonstige;Flüssiggas (LPG) (einschl. bivalent);1983;15
2024;Sonstige;Flüssiggas (LPG) (einschl. bivalent);1984;14
2024;Sonstige;Flüssiggas (LPG) (einschl. bivalent);1985;23
2024;Sonstige;Flüssiggas (LPG) (einschl. bivalent);1986;23
2024;Sonstige;Flüssiggas (LPG) (einschl. bivalent);1987;38
2024;Sonstige;Flüssiggas (LPG) (einschl. bivalent);1988;62
2024;Sonstige;Flüssiggas (LPG) (einschl. bivalent);1989;84
2024;Sonstige;Flüssiggas (LPG) (einschl. bivalent);1990;28
2024;Sonstige;Flüssiggas (LPG) (einschl. bivalent);1991;42
2024;Sonstige;Flüssiggas (LPG) (einschl. bivalent);1992;27
2024;Sonstige;Flüssiggas (LPG) (einschl. bivalent);1993;33
2024;Sonstige;Flüssiggas (LPG) (einschl. bivalent);1994;35
2024;Sonstige;Flüssiggas (LPG) (einschl. bivalent);1995;59
2024;Sonstige;Flüssiggas (LPG) (einschl. bivalent);1996;58
2024;Sonstige;Flüssiggas (LPG) (einschl. bivalent);1997;73
2024;Sonstige;Flüssiggas (LPG) (einschl. bivalent);1998;95
2024;Sonstige;Flüssiggas (LPG) (einschl. bivalent);1999;92
2024;Sonstige;Flüssiggas (LPG) (einschl. bivalent);2000;91
2024;Sonstige;Flüssiggas (LPG) (einschl. bivalent);2001;101
2024;Sonstige;Flüssiggas (LPG) (einschl. bivalent);2002;116
2024;Sonstige;Flüssiggas (LPG) (einschl. bivalent);2003;113
2024;Sonstige;Flüssiggas (LPG) (einschl. bivalent);2004;118
2024;Sonstige;Flüssiggas (LPG) (einschl. bivalent);2005;184
2024;Sonstige;Flüssiggas (LPG) (einschl. bivalent);2006;154
2024;Sonstige;Flüssiggas (LPG) (einschl. bivalent);2007;128
2024;Sonstige;Flüssiggas (LPG) (einschl. bivalent);2008;135
2024;Sonstige;Flüssiggas (LPG) (einschl. bivalent);2009;88
2024;Sonstige;Flüssiggas (LPG) (einschl. bivalent);2010;63
2024;Sonstige;Flüssiggas (LPG) (einschl. bivalent);2011;75
2024;Sonstige;Flüssiggas (LPG) (einschl. bivalent);2012;53
2024;Sonstige;Flüssiggas (LPG) (einschl. bivalent);2013;48
2024;Sonstige;Flüssiggas (LPG) (einschl. bivalent);2014;73
2024;Sonstige;Flüssiggas (LPG) (einschl. bivalent);2015;74
2024;Sonstige;Flüssiggas (LPG) (einschl. bivalent);2016;56
2024;Sonstige;Flüssiggas (LPG) (einschl. bivalent);2017;59
2024;Sonstige;Flüssiggas (LPG) (einschl. bivalent);2018;78
2024;Sonstige;Flüssiggas (LPG) (einschl. bivalent);2019;103
2024;Sonstige;Flüssiggas (LPG) (einschl. bivalent);2020;70
2024;Sonstige;Flüssiggas (LPG) (einschl. bivalent);2021;81
2024;Sonstige;Flüssiggas (LPG) (einschl. bivalent);2022;29
2024;Sonstige;Flüssiggas (LPG) (einschl. bivalent);2023;31
2024;Sonstige;Flüssiggas (LPG) (einschl. bivalent);2024;32
2024;Sonstige;Erdgas (CNG) (einschl. bivalent);1951;1
2024;Sonstige;Erdgas (CNG) (einschl. bivalent);1984;1
2024;Sonstige;Erdgas (CNG) (einschl. bivalent);1985;1
2024;Sonstige;Erdgas (CNG) (einschl. bivalent);1992;1
2024;Sonstige;Erdgas (CNG) (einschl. bivalent);1998;2
2024;Sonstige;Erdgas (CNG) (einschl. bivalent);2002;2
2024;Sonstige;Erdgas (CNG) (einschl. bivalent);2003;1
2024;Sonstige;Erdgas (CNG) (einschl. bivalent);2012;9
2024;Sonstige;Erdgas (CNG) (einschl. bivalent);2013;7
2024;Sonstige;Erdgas (CNG) (einschl. bivalent);2014;2
2024;Sonstige;Erdgas (CNG) (einschl. bivalent);2018;1
2024;Sonstige;Erdgas (CNG) (einschl. bivalent);2023;1
2025;Minis;Benzin;1990;71
2025;Minis;Benzin;1991;122
2025;Minis;Benzin;1992;170
2025;Minis;Benzin;1993;195
2025;Minis;Benzin;1994;223
2025;Minis;Benzin;1995;375
2025;Minis;Benzin;1996;583
2025;Minis;Benzin;1997;969
2025;Minis;Benzin;1998;2444
2025;Minis;Benzin;1999;6046
2025;Minis;Benzin;2000;7989
2025;Minis;Benzin;2001;10671
2025;Minis;Benzin;2002;12091
2025;Minis;Benzin;2003;12045
2025;Minis;Benzin;2004;12170
2025;Minis;Benzin;2005;14998
2025;Minis;Benzin;2006;17595
2025;Minis;Benzin;2007;16735
2025;Minis;Benzin;2008;19593
2025;Minis;Benzin;2009;36363
2025;Minis;Benzin;2010;20105
2025;Minis;Benzin;2011;15331
2025;Minis;Benzin;2012;18120
2025;Minis;Benzin;2013;16636
2025;Minis;Benzin;2014;16463
2025;Minis;Benzin;2015;16717
2025;Minis;Benzin;2016;15985
2025;Minis;Benzin;2017;15017
2025;Minis;Benzin;2018;15093
2025;Minis;Benzin;2019;14496
2025;Minis;Benzin;2020;9348
2025;Minis;Benzin;2021;10760
2025;Minis;Benzin;2022;6556
2025;Minis;Benzin;2023;3592
2025;Minis;Benzin;2024;5147
2025;Minis;Benzin;2025;13528
2025;Minis;Diesel;1993;2
2025;Minis;Diesel;1994;1
2025;Minis;Diesel;1995;1
2025;Minis;Diesel;1996;1
2025;Minis;Diesel;1997;2
2025;Minis;Diesel;1998;28
2025;Minis;Diesel;1999;179
2025;Minis;Diesel;2000;657
2025;Minis;Diesel;2001;946
2025;Minis;Diesel;2002;927
2025;Minis;Diesel;2003;674
2025;Minis;Diesel;2004;553
2025;Minis;Diesel;2005;584
2025;Minis;Diesel;2006;844
2025;Minis;Diesel;2007;718
2025;Minis;Diesel;2008;875
2025;Minis;Diesel;2009;765
2025;Minis;Diesel;2010;626
2025;Minis;Diesel;2011;470
2025;Minis;Diesel;2012;318
2025;Minis;Diesel;2013;390
2025;Minis;Diesel;2014;228
2025;Minis;Diesel;2015;246
2025;Minis;Diesel;2016;204
2025;Minis;Diesel;2017;93
2025;Minis;Diesel;2018;49
2025;Minis;Diesel;2019;40
2025;Minis;Diesel;2020;29
2025;Minis;Diesel;2021;16
2025;Minis;Diesel;2022;4
2025;Minis;Diesel;2023;2
2025;Minis;Elektro (BEV);1998;4
2025;Minis;Elektro (BEV);1999;4
2025;Minis;Elektro (BEV);2000;3
2025;Minis;Elektro (BEV);2001;3
2025;Minis;Elektro (BEV);2002;2
2025;Minis;Elektro (BEV);2004;1
2025;Minis;Elektro (BEV);2005;1
2025;Minis;Elektro (BEV);2007;1
2025;Minis;Elektro (BEV);2009;1
2025;Minis;Elektro (BEV);2010;9
2025;Minis;Elektro (BEV);2011;128
2025;Minis;Elektro (BEV);2012;127
2025;Minis;Elektro (BEV);2013;138
2025;Minis;Elektro (BEV);2014;151
2025;Minis;Elektro (BEV);2015;73
2025;Minis;Elektro (BEV);2016;51
2025;Minis;Elektro (BEV);2017;234
2025;Minis;Elektro (BEV);2018;298
2025;Minis;Elektro (BEV);2019;385
2025;Minis;Elektro (BEV);2020;2232
2025;Minis;Elektro (BEV);2021;8469
2025;Minis;Elektro (BEV);2022;7898
2025;Minis;Elektro (BEV);2023;13811
2025;Minis;Elektro (BEV);2024;1905
2025;Minis;Elektro (BEV);2025;2350
2025;Minis;Hybrid;2004;1
2025;Minis;Hybrid;2006;2
2025;Minis;Hybrid;2020;1056
2025;Minis;Hybrid;2021;2376
2025;Minis;Hybrid;2022;2811
2025;Minis;Hybrid;2023;3657
2025;Minis;Hybrid;2024;1479
2025;Minis;Hybrid;2025;1183
2025;Minis;Sonstige;2008;1
2025;Minis;Sonstige;2010;1
2025;Minis;Sonstige;2011;1
2025;Minis;Sonstige;2017;1
2025;Minis;Flüssiggas (LPG) (einschl. bivalent);1997;1
2025;Minis;Flüssiggas (LPG) (einschl. bivalent);1998;3
2025;Minis;Flüssiggas (LPG) (einschl. bivalent);1999;9
2025;Minis;Flüssiggas (LPG) (einschl. bivalent);2000;9
2025;Minis;Flüssiggas (LPG) (einschl. bivalent);2001;21
2025;Minis;Flüssiggas (LPG) (einschl. bivalent);2002;21
2025;Minis;Flüssiggas (LPG) (einschl. bivalent);2003;49
2025;Minis;Flüssiggas (LPG) (einschl. bivalent);2004;49
2025;Minis;Flüssiggas (LPG) (einschl. bivalent);2005;87
2025;Minis;Flüssiggas (LPG) (einschl. bivalent);2006;126
2025;Minis;Flüssiggas (LPG) (einschl. bivalent);2007;112
2025;Minis;Flüssiggas (LPG) (einschl. bivalent);2008;234
2025;Minis;Flüssiggas (LPG) (einschl. bivalent);2009;209
2025;Minis;Flüssiggas (LPG) (einschl. bivalent);2010;137
2025;Minis;Flüssiggas (LPG) (einschl. bivalent);2011;102
2025;Minis;Flüssiggas (LPG) (einschl. bivalent);2012;123
2025;Minis;Flüssiggas (LPG) (einschl. bivalent);2013;43
2025;Minis;Flüssiggas (LPG) (einschl. bivalent);2014;125
2025;Minis;Flüssiggas (LPG) (einschl. bivalent);2015;114
2025;Minis;Flüssiggas (LPG) (einschl. bivalent);2016;105
2025;Minis;Flüssiggas (LPG) (einschl. bivalent);2017;99
2025;Minis;Flüssiggas (LPG) (einschl. bivalent);2018;35
2025;Minis;Flüssiggas (LPG) (einschl. bivalent);2019;51
2025;Minis;Flüssiggas (LPG) (einschl. bivalent);2020;18
2025;Minis;Flüssiggas (LPG) (einschl. bivalent);2021;9
2025;Minis;Flüssiggas (LPG) (einschl. bivalent);2022;6
2025;Minis;Erdgas (CNG) (einschl. bivalent);2000;1
2025;Minis;Erdgas (CNG) (einschl. bivalent);2001;3
2025;Minis;Erdgas (CNG) (einschl. bivalent);2002;2
2025;Minis;Erdgas (CNG) (einschl. bivalent);2003;2
2025;Minis;Erdgas (CNG) (einschl. bivalent);2004;3
2025;Minis;Erdgas (CNG) (einschl. bivalent);2005;3
2025;Minis;Erdgas (CNG) (einschl. bivalent);2006;5
2025;Minis;Erdgas (CNG) (einschl. bivalent);2007;46
2025;Minis;Erdgas (CNG) (einschl. bivalent);2008;69
2025;Minis;Erdgas (CNG) (einschl. bivalent);2009;46
2025;Minis;Erdgas (CNG) (einschl. bivalent);2010;24
2025;Minis;Erdgas (CNG) (einschl. bivalent);2011;19
2025;Minis;Erdgas (CNG) (einschl. bivalent);2012;18
2025;Minis;Erdgas (CNG) (einschl. bivalent);2013;453
2025;Minis;Erdgas (CNG) (einschl. bivalent);2014;356
2025;Minis;Erdgas (CNG) (einschl. bivalent);2015;172
2025;Minis;Erdgas (CNG) (einschl. bivalent);2016;108
2025;Minis;Erdgas (CNG) (einschl. bivalent);2017;79
2025;Minis;Erdgas (CNG) (einschl. bivalent);2018;124
2025;Minis;Erdgas (CNG) (einschl. bivalent);2019;79
2025;Minis;Erdgas (CNG) (einschl. bivalent);2020;69
2025;Minis;Erdgas (CNG) (einschl. bivalent);2021;87
2025;Minis;Erdgas (CNG) (einschl. bivalent);2022;56
2025;Minis;Erdgas (CNG) (einschl. bivalent);2023;16
2025;Kleinwagen;Benzin;1990;488
2025;Kleinwagen;Benzin;1991;1119
2025;Kleinwagen;Benzin;1992;1082
2025;Kleinwagen;Benzin;1993;1245
2025;Kleinwagen;Benzin;1994;1539
2025;Kleinwagen;Benzin;1995;3067
2025;Kleinwagen;Benzin;1996;5346
2025;Kleinwagen;Benzin;1997;6427
2025;Kleinwagen;Benzin;1998;7846
2025;Kleinwagen;Benzin;1999;11304
2025;Kleinwagen;Benzin;2000;17507
2025;Kleinwagen;Benzin;2001;26655
2025;Kleinwagen;Benzin;2002;40529
2025;Kleinwagen;Benzin;2003;51933
2025;Kleinwagen;Benzin;2004;55197
2025;Kleinwagen;Benzin;2005;57021
2025;Kleinwagen;Benzin;2006;67618
2025;Kleinwagen;Benzin;2007;59713
2025;Kleinwagen;Benzin;2008;59270
2025;Kleinwagen;Benzin;2009;85885
2025;Kleinwagen;Benzin;2010;49030
2025;Kleinwagen;Benzin;2011;45515
2025;Kleinwagen;Benzin;2012;39051
2025;Kleinwagen;Benzin;2013;31079
2025;Kleinwagen;Benzin;2014;31120
2025;Kleinwagen;Benzin;2015;29502
2025;Kleinwagen;Benzin;2016;30039
2025;Kleinwagen;Benzin;2017;29218
2025;Kleinwagen;Benzin;2018;28604
2025;Kleinwagen;Benzin;2019;28205
2025;Kleinwagen;Benzin;2020;26391
2025;Kleinwagen;Benzin;2021;31734
2025;Kleinwagen;Benzin;2022;37602
2025;Kleinwagen;Benzin;2023;22732
2025;Kleinwagen;Benzin;2024;44815
2025;Kleinwagen;Benzin;2025;37748
2025;Kleinwagen;Diesel;1991;10
2025;Kleinwagen;Diesel;1992;10
2025;Kleinwagen;Diesel;1993;7
2025;Kleinwagen;Diesel;1994;7
2025;Kleinwagen;Diesel;1995;1
2025;Kleinwagen;Diesel;1996;8
2025;Kleinwagen;Diesel;1997;15
2025;Kleinwagen;Diesel;1998;47
2025;Kleinwagen;Diesel;1999;55
2025;Kleinwagen;Diesel;2000;397
2025;Kleinwagen;Diesel;2001;924
2025;Kleinwagen;Diesel;2002;1806
2025;Kleinwagen;Diesel;2003;2769
2025;Kleinwagen;Diesel;2004;3983
2025;Kleinwagen;Diesel;2005;4192
2025;Kleinwagen;Diesel;2006;5317
2025;Kleinwagen;Diesel;2007;5544
2025;Kleinwagen;Diesel;2008;5555
2025;Kleinwagen;Diesel;2009;5426
2025;Kleinwagen;Diesel;2010;6181
2025;Kleinwagen;Diesel;2011;7618
2025;Kleinwagen;Diesel;2012;7015
2025;Kleinwagen;Diesel;2013;5548
2025;Kleinwagen;Diesel;2014;4992
2025;Kleinwagen;Diesel;2015;5208
2025;Kleinwagen;Diesel;2016;4150
2025;Kleinwagen;Diesel;2017;2440
2025;Kleinwagen;Diesel;2018;2194
2025;Kleinwagen;Diesel;2019;1821
2025;Kleinwagen;Diesel;2020;1346
2025;Kleinwagen;Diesel;2021;833
2025;Kleinwagen;Diesel;2022;980
2025;Kleinwagen;Diesel;2023;287
2025;Kleinwagen;Diesel;2024;249
2025;Kleinwagen;Diesel;2025;42
2025;Kleinwagen;Elektro (BEV);1996;1
2025;Kleinwagen;Elektro (BEV);1997;1
2025;Kleinwagen;Elektro (BEV);1998;2
2025;Kleinwagen;Elektro (BEV);1999;3
2025;Kleinwagen;Elektro (BEV);2001;2
2025;Kleinwagen;Elektro (BEV);2002;6
2025;Kleinwagen;Elektro (BEV);2003;2
2025;Kleinwagen;Elektro (BEV);2008;1
2025;Kleinwagen;Elektro (BEV);2012;1
2025;Kleinwagen;Elektro (BEV);2013;165
2025;Kleinwagen;Elektro (BEV);2014;290
2025;Kleinwagen;Elektro (BEV);2015;257
2025;Kleinwagen;Elektro (BEV);2016;327
2025;Kleinwagen;Elektro (BEV);2017;423
2025;Kleinwagen;Elektro (BEV);2018;659
2025;Kleinwagen;Elektro (BEV);2019;1037
2025;Kleinwagen;Elektro (BEV);2020;4076
2025;Kleinwagen;Elektro (BEV);2021;11041
2025;Kleinwagen;Elektro (BEV);2022;15285
2025;Kleinwagen;Elektro (BEV);2023;5535
2025;Kleinwagen;Elektro (BEV);2024;3507
2025;Kleinwagen;Elektro (BEV);2025;4531
2025;Kleinwagen;Hybrid;2000;1
2025;Kleinwagen;Hybrid;2006;1
2025;Kleinwagen;Hybrid;2011;42
2025;Kleinwagen;Hybrid;2012;385
2025;Kleinwagen;Hybrid;2013;463
2025;Kleinwagen;Hybrid;2014;471
2025;Kleinwagen;Hybrid;2015;398
2025;Kleinwagen;Hybrid;2016;551
2025;Kleinwagen;Hybrid;2017;936
2025;Kleinwagen;Hybrid;2018;1048
2025;Kleinwagen;Hybrid;2019;904
2025;Kleinwagen;Hybrid;2020;4282
2025;Kleinwagen;Hybrid;2021;9508
2025;Kleinwagen;Hybrid;2022;9803
2025;Kleinwagen;Hybrid;2023;7128
2025;Kleinwagen;Hybrid;2024;13595
2025;Kleinwagen;Hybrid;2025;27904
2025;Kleinwagen;Sonstige;2000;1
2025;Kleinwagen;Sonstige;2005;3
2025;Kleinwagen;Sonstige;2006;2
2025;Kleinwagen;Sonstige;2007;1
2025;Kleinwagen;Sonstige;2008;1
2025;Kleinwagen;Sonstige;2009;3
2025;Kleinwagen;Sonstige;2012;1
2025;Kleinwagen;Sonstige;2021;1
2025;Kleinwagen;Sonstige;2022;6
2025;Kleinwagen;Sonstige;2023;1
2025;Kleinwagen;Sonstige;2024;2
2025;Kleinwagen;Sonstige;2025;9
2025;Kleinwagen;Flüssiggas (LPG) (einschl. bivalent);1990;1
2025;Kleinwagen;Flüssiggas (LPG) (einschl. bivalent);1993;3
2025;Kleinwagen;Flüssiggas (LPG) (einschl. bivalent);1995;3
2025;Kleinwagen;Flüssiggas (LPG) (einschl. bivalent);1996;8
2025;Kleinwagen;Flüssiggas (LPG) (einschl. bivalent);1997;10
2025;Kleinwagen;Flüssiggas (LPG) (einschl. bivalent);1998;16
2025;Kleinwagen;Flüssiggas (LPG) (einschl. bivalent);1999;35
2025;Kleinwagen;Flüssiggas (LPG) (einschl. bivalent);2000;35
2025;Kleinwagen;Flüssiggas (LPG) (einschl. bivalent);2001;98
2025;Kleinwagen;Flüssiggas (LPG) (einschl. bivalent);2002;162
2025;Kleinwagen;Flüssiggas (LPG) (einschl. bivalent);2003;258
2025;Kleinwagen;Flüssiggas (LPG) (einschl. bivalent);2004;278
2025;Kleinwagen;Flüssiggas (LPG) (einschl. bivalent);2005;406
2025;Kleinwagen;Flüssiggas (LPG) (einschl. bivalent);2006;641
2025;Kleinwagen;Flüssiggas (LPG) (einschl. bivalent);2007;818
2025;Kleinwagen;Flüssiggas (LPG) (einschl. bivalent);2008;1065
2025;Kleinwagen;Flüssiggas (LPG) (einschl. bivalent);2009;904
2025;Kleinwagen;Flüssiggas (LPG) (einschl. bivalent);2010;466
2025;Kleinwagen;Flüssiggas (LPG) (einschl. bivalent);2011;306
2025;Kleinwagen;Flüssiggas (LPG) (einschl. bivalent);2012;309
2025;Kleinwagen;Flüssiggas (LPG) (einschl. bivalent);2013;156
2025;Kleinwagen;Flüssiggas (LPG) (einschl. bivalent);2014;112
2025;Kleinwagen;Flüssiggas (LPG) (einschl. bivalent);2015;46
2025;Kleinwagen;Flüssiggas (LPG) (einschl. bivalent);2016;55
2025;Kleinwagen;Flüssiggas (LPG) (einschl. bivalent);2017;45
2025;Kleinwagen;Flüssiggas (LPG) (einschl. bivalent);2018;47
2025;Kleinwagen;Flüssiggas (LPG) (einschl. bivalent);2019;27
2025;Kleinwagen;Flüssiggas (LPG) (einschl. bivalent);2020;40
2025;Kleinwagen;Flüssiggas (LPG) (einschl. bivalent);2021;47
2025;Kleinwagen;Flüssiggas (LPG) (einschl. bivalent);2022;19
2025;Kleinwagen;Flüssiggas (LPG) (einschl. bivalent);2023;5
2025;Kleinwagen;Flüssiggas (LPG) (einschl. bivalent);2024;38
2025;Kleinwagen;Flüssiggas (LPG) (einschl. bivalent);2025;19
2025;Kleinwagen;Erdgas (CNG) (einschl. bivalent);1997;1
2025;Kleinwagen;Erdgas (CNG) (einschl. bivalent);2000;3
2025;Kleinwagen;Erdgas (CNG) (einschl. bivalent);2001;2
2025;Kleinwagen;Erdgas (CNG) (einschl. bivalent);2002;2
2025;Kleinwagen;Erdgas (CNG) (einschl. bivalent);2003;6
2025;Kleinwagen;Erdgas (CNG) (einschl. bivalent);2004;20
2025;Kleinwagen;Erdgas (CNG) (einschl. bivalent);2005;40
2025;Kleinwagen;Erdgas (CNG) (einschl. bivalent);2006;61
2025;Kleinwagen;Erdgas (CNG) (einschl. bivalent);2007;21
2025;Kleinwagen;Erdgas (CNG) (einschl. bivalent);2008;29
2025;Kleinwagen;Erdgas (CNG) (einschl. bivalent);2009;55
2025;Kleinwagen;Erdgas (CNG) (einschl. bivalent);2010;29
2025;Kleinwagen;Erdgas (CNG) (einschl. bivalent);2011;30
2025;Kleinwagen;Erdgas (CNG) (einschl. bivalent);2012;25
2025;Kleinwagen;Erdgas (CNG) (einschl. bivalent);2013;14
2025;Kleinwagen;Erdgas (CNG) (einschl. bivalent);2014;9
2025;Kleinwagen;Erdgas (CNG) (einschl. bivalent);2015;5
2025;Kleinwagen;Erdgas (CNG) (einschl. bivalent);2016;3
2025;Kleinwagen;Erdgas (CNG) (einschl. bivalent);2017;1
2025;Kleinwagen;Erdgas (CNG) (einschl. bivalent);2018;113
2025;Kleinwagen;Erdgas (CNG) (einschl. bivalent);2019;125
2025;Kleinwagen;Erdgas (CNG) (einschl. bivalent);2020;167
2025;Kleinwagen;Erdgas (CNG) (einschl. bivalent);2021;149
2025;Kleinwagen;Erdgas (CNG) (einschl. bivalent);2022;94
2025;Kleinwagen;Erdgas (CNG) (einschl. bivalent);2023;31
2025;Kleinwagen;Erdgas (CNG) (einschl. bivalent);2024;1
2025;Kompaktklasse;Benzin;1990;2468
2025;Kompaktklasse;Benzin;1991;3209
2025;Kompaktklasse;Benzin;1992;2456
2025;Kompaktklasse;Benzin;1993;2703
2025;Kompaktklasse;Benzin;1994;3804
2025;Kompaktklasse;Benzin;1995;4875
2025;Kompaktklasse;Benzin;1996;7064
2025;Kompaktklasse;Benzin;1997;9240
2025;Kompaktklasse;Benzin;1998;21897
2025;Kompaktklasse;Benzin;1999;30640
2025;Kompaktklasse;Benzin;2000;30999
2025;Kompaktklasse;Benzin;2001;32069
2025;Kompaktklasse;Benzin;2002;37517
2025;Kompaktklasse;Benzin;2003;37376
2025;Kompaktklasse;Benzin;2004;47244
2025;Kompaktklasse;Benzin;2005;52685
2025;Kompaktklasse;Benzin;2006;53943
2025;Kompaktklasse;Benzin;2007;41959
2025;Kompaktklasse;Benzin;2008;49598
2025;Kompaktklasse;Benzin;2009;70800
2025;Kompaktklasse;Benzin;2010;47920
2025;Kompaktklasse;Benzin;2011;40763
2025;Kompaktklasse;Benzin;2012;36231
2025;Kompaktklasse;Benzin;2013;35114
2025;Kompaktklasse;Benzin;2014;35010
2025;Kompaktklasse;Benzin;2015;33693
2025;Kompaktklasse;Benzin;2016;35271
2025;Kompaktklasse;Benzin;2017;36265
2025;Kompaktklasse;Benzin;2018;36909
2025;Kompaktklasse;Benzin;2019;37405
2025;Kompaktklasse;Benzin;2020;30957
2025;Kompaktklasse;Benzin;2021;26315
2025;Kompaktklasse;Benzin;2022;29305
2025;Kompaktklasse;Benzin;2023;22449
2025;Kompaktklasse;Benzin;2024;50790
2025;Kompaktklasse;Benzin;2025;28267
2025;Kompaktklasse;Diesel;1990;63
2025;Kompaktklasse;Diesel;1991;118
2025;Kompaktklasse;Diesel;1992;43
2025;Kompaktklasse;Diesel;1993;38
2025;Kompaktklasse;Diesel;1994;59
2025;Kompaktklasse;Diesel;1995;85
2025;Kompaktklasse;Diesel;1996;183
2025;Kompaktklasse;Diesel;1997;251
2025;Kompaktklasse;Diesel;1998;910
2025;Kompaktklasse;Diesel;1999;2287
2025;Kompaktklasse;Diesel;2000;3702
2025;Kompaktklasse;Diesel;2001;4573
2025;Kompaktklasse;Diesel;2002;7376
2025;Kompaktklasse;Diesel;2003;8238
2025;Kompaktklasse;Diesel;2004;10920
2025;Kompaktklasse;Diesel;2005;14221
2025;Kompaktklasse;Diesel;2006;18905
2025;Kompaktklasse;Diesel;2007;21926
2025;Kompaktklasse;Diesel;2008;23271
2025;Kompaktklasse;Diesel;2009;19889
2025;Kompaktklasse;Diesel;2010;22174
2025;Kompaktklasse;Diesel;2011;26326
2025;Kompaktklasse;Diesel;2012;25230
2025;Kompaktklasse;Diesel;2013;22914
2025;Kompaktklasse;Diesel;2014;26126
2025;Kompaktklasse;Diesel;2015;28941
2025;Kompaktklasse;Diesel;2016;26489
2025;Kompaktklasse;Diesel;2017;19223
2025;Kompaktklasse;Diesel;2018;14894
2025;Kompaktklasse;Diesel;2019;17709
2025;Kompaktklasse;Diesel;2020;20664
2025;Kompaktklasse;Diesel;2021;21187
2025;Kompaktklasse;Diesel;2022;26615
2025;Kompaktklasse;Diesel;2023;9934
2025;Kompaktklasse;Diesel;2024;17155
2025;Kompaktklasse;Diesel;2025;8286
2025;Kompaktklasse;Elektro (BEV);2000;1
2025;Kompaktklasse;Elektro (BEV);2011;3
2025;Kompaktklasse;Elektro (BEV);2012;40
2025;Kompaktklasse;Elektro (BEV);2013;55
2025;Kompaktklasse;Elektro (BEV);2014;45
2025;Kompaktklasse;Elektro (BEV);2015;61
2025;Kompaktklasse;Elektro (BEV);2016;85
2025;Kompaktklasse;Elektro (BEV);2017;165
2025;Kompaktklasse;Elektro (BEV);2018;307
2025;Kompaktklasse;Elektro (BEV);2019;557
2025;Kompaktklasse;Elektro (BEV);2020;3171
2025;Kompaktklasse;Elektro (BEV);2021;9307
2025;Kompaktklasse;Elektro (BEV);2022;10335
2025;Kompaktklasse;Elektro (BEV);2023;8716
2025;Kompaktklasse;Elektro (BEV);2024;3594
2025;Kompaktklasse;Elektro (BEV);2025;3416
2025;Kompaktklasse;Hybrid;1998;1
2025;Kompaktklasse;Hybrid;2003;9
2025;Kompaktklasse;Hybrid;2004;115
2025;Kompaktklasse;Hybrid;2005;196
2025;Kompaktklasse;Hybrid;2006;281
2025;Kompaktklasse;Hybrid;2007;404
2025;Kompaktklasse;Hybrid;2008;269
2025;Kompaktklasse;Hybrid;2009;424
2025;Kompaktklasse;Hybrid;2010;471
2025;Kompaktklasse;Hybrid;2011;533
2025;Kompaktklasse;Hybrid;2012;558
2025;Kompaktklasse;Hybrid;2013;694
2025;Kompaktklasse;Hybrid;2014;705
2025;Kompaktklasse;Hybrid;2015;909
2025;Kompaktklasse;Hybrid;2016;1133
2025;Kompaktklasse;Hybrid;2017;1306
2025;Kompaktklasse;Hybrid;2018;1509
2025;Kompaktklasse;Hybrid;2019;2553
2025;Kompaktklasse;Hybrid;2020;9463
2025;Kompaktklasse;Hybrid;2021;22357
2025;Kompaktklasse;Hybrid;2022;25938
2025;Kompaktklasse;Hybrid;2023;13901
2025;Kompaktklasse;Hybrid;2024;41004
2025;Kompaktklasse;Hybrid;2025;30978
2025;Kompaktklasse;Sonstige;1990;3
2025;Kompaktklasse;Sonstige;1991;1
2025;Kompaktklasse;Sonstige;1996;1
2025;Kompaktklasse;Sonstige;2002;1
2025;Kompaktklasse;Sonstige;2003;1
2025;Kompaktklasse;Sonstige;2007;1
2025;Kompaktklasse;Sonstige;2008;3
2025;Kompaktklasse;Sonstige;2009;85
2025;Kompaktklasse;Sonstige;2010;44
2025;Kompaktklasse;Sonstige;2011;124
2025;Kompaktklasse;Sonstige;2012;140
2025;Kompaktklasse;Sonstige;2013;11
2025;Kompaktklasse;Sonstige;2014;6
2025;Kompaktklasse;Sonstige;2015;3
2025;Kompaktklasse;Sonstige;2016;1
2025;Kompaktklasse;Sonstige;2017;1
2025;Kompaktklasse;Sonstige;2018;1
2025;Kompaktklasse;Sonstige;2019;3
2025;Kompaktklasse;Sonstige;2020;5
2025;Kompaktklasse;Sonstige;2021;6
2025;Kompaktklasse;Sonstige;2022;2
2025;Kompaktklasse;Sonstige;2023;1
2025;Kompaktklasse;Flüssiggas (LPG) (einschl. bivalent);1990;5
2025;Kompaktklasse;Flüssiggas (LPG) (einschl. bivalent);1991;10
2025;Kompaktklasse;Flüssiggas (LPG) (einschl. bivalent);1992;10
2025;Kompaktklasse;Flüssiggas (LPG) (einschl. bivalent);1993;5
2025;Kompaktklasse;Flüssiggas (LPG) (einschl. bivalent);1994;19
2025;Kompaktklasse;Flüssiggas (LPG) (einschl. bivalent);1995;20
2025;Kompaktklasse;Flüssiggas (LPG) (einschl. bivalent);1996;47
2025;Kompaktklasse;Flüssiggas (LPG) (einschl. bivalent);1997;53
2025;Kompaktklasse;Flüssiggas (LPG) (einschl. bivalent);1998;149
2025;Kompaktklasse;Flüssiggas (LPG) (einschl. bivalent);1999;254
2025;Kompaktklasse;Flüssiggas (LPG) (einschl. bivalent);2000;266
2025;Kompaktklasse;Flüssiggas (LPG) (einschl. bivalent);2001;317
2025;Kompaktklasse;Flüssiggas (LPG) (einschl. bivalent);2002;392
2025;Kompaktklasse;Flüssiggas (LPG) (einschl. bivalent);2003;443
2025;Kompaktklasse;Flüssiggas (LPG) (einschl. bivalent);2004;572
2025;Kompaktklasse;Flüssiggas (LPG) (einschl. bivalent);2005;706
2025;Kompaktklasse;Flüssiggas (LPG) (einschl. bivalent);2006;823
2025;Kompaktklasse;Flüssiggas (LPG) (einschl. bivalent);2007;881
2025;Kompaktklasse;Flüssiggas (LPG) (einschl. bivalent);2008;1326
2025;Kompaktklasse;Flüssiggas (LPG) (einschl. bivalent);2009;995
2025;Kompaktklasse;Flüssiggas (LPG) (einschl. bivalent);2010;641
2025;Kompaktklasse;Flüssiggas (LPG) (einschl. bivalent);2011;373
2025;Kompaktklasse;Flüssiggas (LPG) (einschl. bivalent);2012;642
2025;Kompaktklasse;Flüssiggas (LPG) (einschl. bivalent);2013;274
2025;Kompaktklasse;Flüssiggas (LPG) (einschl. bivalent);2014;257
2025;Kompaktklasse;Flüssiggas (LPG) (einschl. bivalent);2015;171
2025;Kompaktklasse;Flüssiggas (LPG) (einschl. bivalent);2016;142
2025;Kompaktklasse;Flüssiggas (LPG) (einschl. bivalent);2017;159
2025;Kompaktklasse;Flüssiggas (LPG) (einschl. bivalent);2018;152
2025;Kompaktklasse;Flüssiggas (LPG) (einschl. bivalent);2019;163
2025;Kompaktklasse;Flüssiggas (LPG) (einschl. bivalent);2020;334
2025;Kompaktklasse;Flüssiggas (LPG) (einschl. bivalent);2021;596
2025;Kompaktklasse;Flüssiggas (LPG) (einschl. bivalent);2022;642
2025;Kompaktklasse;Flüssiggas (LPG) (einschl. bivalent);2023;342
2025;Kompaktklasse;Flüssiggas (LPG) (einschl. bivalent);2024;496
2025;Kompaktklasse;Flüssiggas (LPG) (einschl. bivalent);2025;492
2025;Kompaktklasse;Erdgas (CNG) (einschl. bivalent);1996;1
2025;Kompaktklasse;Erdgas (CNG) (einschl. bivalent);1998;2
2025;Kompaktklasse;Erdgas (CNG) (einschl. bivalent);1999;2
2025;Kompaktklasse;Erdgas (CNG) (einschl. bivalent);2000;3
2025;Kompaktklasse;Erdgas (CNG) (einschl. bivalent);2002;4
2025;Kompaktklasse;Erdgas (CNG) (einschl. bivalent);2003;52
2025;Kompaktklasse;Erdgas (CNG) (einschl. bivalent);2004;90
2025;Kompaktklasse;Erdgas (CNG) (einschl. bivalent);2005;103
2025;Kompaktklasse;Erdgas (CNG) (einschl. bivalent);2006;38
2025;Kompaktklasse;Erdgas (CNG) (einschl. bivalent);2007;9
2025;Kompaktklasse;Erdgas (CNG) (einschl. bivalent);2008;15
2025;Kompaktklasse;Erdgas (CNG) (einschl. bivalent);2009;8
2025;Kompaktklasse;Erdgas (CNG) (einschl. bivalent);2010;4
2025;Kompaktklasse;Erdgas (CNG) (einschl. bivalent);2014;202
2025;Kompaktklasse;Erdgas (CNG) (einschl. bivalent);2015;176
2025;Kompaktklasse;Erdgas (CNG) (einschl. bivalent);2016;98
2025;Kompaktklasse;Erdgas (CNG) (einschl. bivalent);2017;93
2025;Kompaktklasse;Erdgas (CNG) (einschl. bivalent);2018;329
2025;Kompaktklasse;Erdgas (CNG) (einschl. bivalent);2019;316
2025;Kompaktklasse;Erdgas (CNG) (einschl. bivalent);2020;310
2025;Kompaktklasse;Erdgas (CNG) (einschl. bivalent);2021;153
2025;Kompaktklasse;Erdgas (CNG) (einschl. bivalent);2022;175
2025;Kompaktklasse;Erdgas (CNG) (einschl. bivalent);2023;19
2025;Kompaktklasse;Erdgas (CNG) (einschl. bivalent);2024;1
2025;Kompaktklasse;Erdgas (CNG) (einschl. bivalent);2025;2
2025;Mittelklasse;Benzin;1990;2751
2025;Mittelklasse;Benzin;1991;3801
2025;Mittelklasse;Benzin;1992;4244
2025;Mittelklasse;Benzin;1993;3718
2025;Mittelklasse;Benzin;1994;5344
2025;Mittelklasse;Benzin;1995;6931
2025;Mittelklasse;Benzin;1996;8274
2025;Mittelklasse;Benzin;1997;10846
2025;Mittelklasse;Benzin;1998;14194
2025;Mittelklasse;Benzin;1999;15314
2025;Mittelklasse;Benzin;2000;15562
2025;Mittelklasse;Benzin;2001;21824
2025;Mittelklasse;Benzin;2002;24661
2025;Mittelklasse;Benzin;2003;26115
2025;Mittelklasse;Benzin;2004;23513
2025;Mittelklasse;Benzin;2005;20973
2025;Mittelklasse;Benzin;2006;21638
2025;Mittelklasse;Benzin;2007;15516
2025;Mittelklasse;Benzin;2008;18676
2025;Mittelklasse;Benzin;2009;18886
2025;Mittelklasse;Benzin;2010;13787
2025;Mittelklasse;Benzin;2011;12632
2025;Mittelklasse;Benzin;2012;9430
2025;Mittelklasse;Benzin;2013;7339
2025;Mittelklasse;Benzin;2014;7379
2025;Mittelklasse;Benzin;2015;7907
2025;Mittelklasse;Benzin;2016;9527
2025;Mittelklasse;Benzin;2017;12009
2025;Mittelklasse;Benzin;2018;11854
2025;Mittelklasse;Benzin;2019;9786
2025;Mittelklasse;Benzin;2020;8102
2025;Mittelklasse;Benzin;2021;7674
2025;Mittelklasse;Benzin;2022;10770
2025;Mittelklasse;Benzin;2023;7843
2025;Mittelklasse;Benzin;2024;13496
2025;Mittelklasse;Benzin;2025;8346
2025;Mittelklasse;Diesel;1990;170
2025;Mittelklasse;Diesel;1991;228
2025;Mittelklasse;Diesel;1992;235
2025;Mittelklasse;Diesel;1993;178
2025;Mittelklasse;Diesel;1994;237
2025;Mittelklasse;Diesel;1995;227
2025;Mittelklasse;Diesel;1996;422
2025;Mittelklasse;Diesel;1997;563
2025;Mittelklasse;Diesel;1998;1030
2025;Mittelklasse;Diesel;1999;1855
2025;Mittelklasse;Diesel;2000;3154
2025;Mittelklasse;Diesel;2001;5005
2025;Mittelklasse;Diesel;2002;7819
2025;Mittelklasse;Diesel;2003;10910
2025;Mittelklasse;Diesel;2004;14564
2025;Mittelklasse;Diesel;2005;15236
2025;Mittelklasse;Diesel;2006;20761
2025;Mittelklasse;Diesel;2007;22735
2025;Mittelklasse;Diesel;2008;24345
2025;Mittelklasse;Diesel;2009;21120
2025;Mittelklasse;Diesel;2010;23353
2025;Mittelklasse;Diesel;2011;26888
2025;Mittelklasse;Diesel;2012;25529
2025;Mittelklasse;Diesel;2013;21704
2025;Mittelklasse;Diesel;2014;21896
2025;Mittelklasse;Diesel;2015;25578
2025;Mittelklasse;Diesel;2016;24416
2025;Mittelklasse;Diesel;2017;19493
2025;Mittelklasse;Diesel;2018;16398
2025;Mittelklasse;Diesel;2019;18431
2025;Mittelklasse;Diesel;2020;18714
2025;Mittelklasse;Diesel;2021;14537
2025;Mittelklasse;Diesel;2022;19025
2025;Mittelklasse;Diesel;2023;8721
2025;Mittelklasse;Diesel;2024;8084
2025;Mittelklasse;Diesel;2025;5498
2025;Mittelklasse;Elektro (BEV);1999;1
2025;Mittelklasse;Elektro (BEV);2018;2
2025;Mittelklasse;Elektro (BEV);2019;844
2025;Mittelklasse;Elektro (BEV);2020;1444
2025;Mittelklasse;Elektro (BEV);2021;6023
2025;Mittelklasse;Elektro (BEV);2022;5678
2025;Mittelklasse;Elektro (BEV);2023;6253
2025;Mittelklasse;Elektro (BEV);2024;3741
2025;Mittelklasse;Elektro (BEV);2025;1933
2025;Mittelklasse;Hybrid;1990;1
2025;Mittelklasse;Hybrid;2012;86
2025;Mittelklasse;Hybrid;2013;139
2025;Mittelklasse;Hybrid;2014;100
2025;Mittelklasse;Hybrid;2015;277
2025;Mittelklasse;Hybrid;2016;285
2025;Mittelklasse;Hybrid;2017;755
2025;Mittelklasse;Hybrid;2018;1894
2025;Mittelklasse;Hybrid;2019;3556
2025;Mittelklasse;Hybrid;2020;14148
2025;Mittelklasse;Hybrid;2021;25102
2025;Mittelklasse;Hybrid;2022;38174
2025;Mittelklasse;Hybrid;2023;18385
2025;Mittelklasse;Hybrid;2024;43162
2025;Mittelklasse;Hybrid;2025;17437
2025;Mittelklasse;Sonstige;1995;1
2025;Mittelklasse;Sonstige;1997;1
2025;Mittelklasse;Sonstige;2001;1
2025;Mittelklasse;Sonstige;2003;2
2025;Mittelklasse;Sonstige;2005;3
2025;Mittelklasse;Sonstige;2006;2
2025;Mittelklasse;Sonstige;2008;1
2025;Mittelklasse;Sonstige;2009;30
2025;Mittelklasse;Sonstige;2010;76
2025;Mittelklasse;Sonstige;2011;110
2025;Mittelklasse;Sonstige;2012;52
2025;Mittelklasse;Sonstige;2013;17
2025;Mittelklasse;Sonstige;2014;6
2025;Mittelklasse;Sonstige;2015;1
2025;Mittelklasse;Sonstige;2021;1
2025;Mittelklasse;Sonstige;2024;1
2025;Mittelklasse;Flüssiggas (LPG) (einschl. bivalent);1990;16
2025;Mittelklasse;Flüssiggas (LPG) (einschl. bivalent);1991;18
2025;Mittelklasse;Flüssiggas (LPG) (einschl. bivalent);1992;28
2025;Mittelklasse;Flüssiggas (LPG) (einschl. bivalent);1993;53
2025;Mittelklasse;Flüssiggas (LPG) (einschl. bivalent);1994;83
2025;Mittelklasse;Flüssiggas (LPG) (einschl. bivalent);1995;106
2025;Mittelklasse;Flüssiggas (LPG) (einschl. bivalent);1996;136
2025;Mittelklasse;Flüssiggas (LPG) (einschl. bivalent);1997;209
2025;Mittelklasse;Flüssiggas (LPG) (einschl. bivalent);1998;292
2025;Mittelklasse;Flüssiggas (LPG) (einschl. bivalent);1999;298
2025;Mittelklasse;Flüssiggas (LPG) (einschl. bivalent);2000;403
2025;Mittelklasse;Flüssiggas (LPG) (einschl. bivalent);2001;760
2025;Mittelklasse;Flüssiggas (LPG) (einschl. bivalent);2002;767
2025;Mittelklasse;Flüssiggas (LPG) (einschl. bivalent);2003;880
2025;Mittelklasse;Flüssiggas (LPG) (einschl. bivalent);2004;831
2025;Mittelklasse;Flüssiggas (LPG) (einschl. bivalent);2005;686
2025;Mittelklasse;Flüssiggas (LPG) (einschl. bivalent);2006;647
2025;Mittelklasse;Flüssiggas (LPG) (einschl. bivalent);2007;513
2025;Mittelklasse;Flüssiggas (LPG) (einschl. bivalent);2008;457
2025;Mittelklasse;Flüssiggas (LPG) (einschl. bivalent);2009;284
2025;Mittelklasse;Flüssiggas (LPG) (einschl. bivalent);2010;159
2025;Mittelklasse;Flüssiggas (LPG) (einschl. bivalent);2011;80
2025;Mittelklasse;Flüssiggas (LPG) (einschl. bivalent);2012;67
2025;Mittelklasse;Flüssiggas (LPG) (einschl. bivalent);2013;25
2025;Mittelklasse;Flüssiggas (LPG) (einschl. bivalent);2014;19
2025;Mittelklasse;Flüssiggas (LPG) (einschl. bivalent);2015;11
2025;Mittelklasse;Flüssiggas (LPG) (einschl. bivalent);2016;20
2025;Mittelklasse;Flüssiggas (LPG) (einschl. bivalent);2017;12
2025;Mittelklasse;Flüssiggas (LPG) (einschl. bivalent);2018;6
2025;Mittelklasse;Flüssiggas (LPG) (einschl. bivalent);2019;5
2025;Mittelklasse;Flüssiggas (LPG) (einschl. bivalent);2020;3
2025;Mittelklasse;Flüssiggas (LPG) (einschl. bivalent);2021;1
2025;Mittelklasse;Flüssiggas (LPG) (einschl. bivalent);2023;1
2025;Mittelklasse;Erdgas (CNG) (einschl. bivalent);1994;2
2025;Mittelklasse;Erdgas (CNG) (einschl. bivalent);1997;1
2025;Mittelklasse;Erdgas (CNG) (einschl. bivalent);1998;2
2025;Mittelklasse;Erdgas (CNG) (einschl. bivalent);1999;4
2025;Mittelklasse;Erdgas (CNG) (einschl. bivalent);2000;2
2025;Mittelklasse;Erdgas (CNG) (einschl. bivalent);2002;4
2025;Mittelklasse;Erdgas (CNG) (einschl. bivalent);2003;1
2025;Mittelklasse;Erdgas (CNG) (einschl. bivalent);2004;3
2025;Mittelklasse;Erdgas (CNG) (einschl. bivalent);2005;8
2025;Mittelklasse;Erdgas (CNG) (einschl. bivalent);2006;18
2025;Mittelklasse;Erdgas (CNG) (einschl. bivalent);2008;1
2025;Mittelklasse;Erdgas (CNG) (einschl. bivalent);2009;190
2025;Mittelklasse;Erdgas (CNG) (einschl. bivalent);2010;118
2025;Mittelklasse;Erdgas (CNG) (einschl. bivalent);2011;93
2025;Mittelklasse;Erdgas (CNG) (einschl. bivalent);2012;96
2025;Mittelklasse;Erdgas (CNG) (einschl. bivalent);2013;76
2025;Mittelklasse;Erdgas (CNG) (einschl. bivalent);2014;42
2025;Mittelklasse;Erdgas (CNG) (einschl. bivalent);2015;4
2025;Mittelklasse;Erdgas (CNG) (einschl. bivalent);2017;56
2025;Mittelklasse;Erdgas (CNG) (einschl. bivalent);2018;148
2025;Mittelklasse;Erdgas (CNG) (einschl. bivalent);2019;40
2025;Mittelklasse;Erdgas (CNG) (einschl. bivalent);2020;65
2025;Mittelklasse;Erdgas (CNG) (einschl. bivalent);2021;28
2025;Mittelklasse;Erdgas (CNG) (einschl. bivalent);2022;26
2025;Mittelklasse;Erdgas (CNG) (einschl. bivalent);2023;8
2025;Obere Mittelklasse;Benzin;1990;1093
2025;Obere Mittelklasse;Benzin;1991;1382
2025;Obere Mittelklasse;Benzin;1992;1537
2025;Obere Mittelklasse;Benzin;1993;1639
2025;Obere Mittelklasse;Benzin;1994;1817
2025;Obere Mittelklasse;Benzin;1995;2219
2025;Obere Mittelklasse;Benzin;1996;3053
2025;Obere Mittelklasse;Benzin;1997;3570
2025;Obere Mittelklasse;Benzin;1998;4818
2025;Obere Mittelklasse;Benzin;1999;4705
2025;Obere Mittelklasse;Benzin;2000;4736
2025;Obere Mittelklasse;Benzin;2001;4207
2025;Obere Mittelklasse;Benzin;2002;4643
2025;Obere Mittelklasse;Benzin;2003;5141
2025;Obere Mittelklasse;Benzin;2004;5626
2025;Obere Mittelklasse;Benzin;2005;4859
2025;Obere Mittelklasse;Benzin;2006;4128
2025;Obere Mittelklasse;Benzin;2007;3350
2025;Obere Mittelklasse;Benzin;2008;2752
2025;Obere Mittelklasse;Benzin;2009;2133
2025;Obere Mittelklasse;Benzin;2010;2681
2025;Obere Mittelklasse;Benzin;2011;1847
2025;Obere Mittelklasse;Benzin;2012;1553
2025;Obere Mittelklasse;Benzin;2013;1239
2025;Obere Mittelklasse;Benzin;2014;1034
2025;Obere Mittelklasse;Benzin;2015;827
2025;Obere Mittelklasse;Benzin;2016;1067
2025;Obere Mittelklasse;Benzin;2017;2199
2025;Obere Mittelklasse;Benzin;2018;2482
2025;Obere Mittelklasse;Benzin;2019;1362
2025;Obere Mittelklasse;Benzin;2020;647
2025;Obere Mittelklasse;Benzin;2021;394
2025;Obere Mittelklasse;Benzin;2022;546
2025;Obere Mittelklasse;Benzin;2023;290
2025;Obere Mittelklasse;Benzin;2024;237
2025;Obere Mittelklasse;Benzin;2025;256
2025;Obere Mittelklasse;Diesel;1990;204
2025;Obere Mittelklasse;Diesel;1991;315
2025;Obere Mittelklasse;Diesel;1992;315
2025;Obere Mittelklasse;Diesel;1993;244
2025;Obere Mittelklasse;Diesel;1994;211
2025;Obere Mittelklasse;Diesel;1995;233
2025;Obere Mittelklasse;Diesel;1996;289
2025;Obere Mittelklasse;Diesel;1997;257
2025;Obere Mittelklasse;Diesel;1998;431
2025;Obere Mittelklasse;Diesel;1999;748
2025;Obere Mittelklasse;Diesel;2000;1524
2025;Obere Mittelklasse;Diesel;2001;1692
2025;Obere Mittelklasse;Diesel;2002;3359
2025;Obere Mittelklasse;Diesel;2003;5610
2025;Obere Mittelklasse;Diesel;2004;8088
2025;Obere Mittelklasse;Diesel;2005;9421
2025;Obere Mittelklasse;Diesel;2006;11280
2025;Obere Mittelklasse;Diesel;2007;11312
2025;Obere Mittelklasse;Diesel;2008;9706
2025;Obere Mittelklasse;Diesel;2009;7609
2025;Obere Mittelklasse;Diesel;2010;9816
2025;Obere Mittelklasse;Diesel;2011;11321
2025;Obere Mittelklasse;Diesel;2012;10252
2025;Obere Mittelklasse;Diesel;2013;9209
2025;Obere Mittelklasse;Diesel;2014;9004
2025;Obere Mittelklasse;Diesel;2015;8618
2025;Obere Mittelklasse;Diesel;2016;9029
2025;Obere Mittelklasse;Diesel;2017;8941
2025;Obere Mittelklasse;Diesel;2018;7619
2025;Obere Mittelklasse;Diesel;2019;5730
2025;Obere Mittelklasse;Diesel;2020;2820
2025;Obere Mittelklasse;Diesel;2021;1677
2025;Obere Mittelklasse;Diesel;2022;863
2025;Obere Mittelklasse;Diesel;2023;327
2025;Obere Mittelklasse;Diesel;2024;92
2025;Obere Mittelklasse;Diesel;2025;13
2025;Obere Mittelklasse;Elektro (BEV);1998;1
2025;Obere Mittelklasse;Elektro (BEV);2021;28
2025;Obere Mittelklasse;Elektro (BEV);2022;657
2025;Obere Mittelklasse;Elektro (BEV);2023;1846
2025;Obere Mittelklasse;Elektro (BEV);2024;9002
2025;Obere Mittelklasse;Elektro (BEV);2025;6365
2025;Obere Mittelklasse;Hybrid;1995;1
2025;Obere Mittelklasse;Hybrid;2006;14
2025;Obere Mittelklasse;Hybrid;2007;28
2025;Obere Mittelklasse;Hybrid;2008;11
2025;Obere Mittelklasse;Hybrid;2009;9
2025;Obere Mittelklasse;Hybrid;2010;6
2025;Obere Mittelklasse;Hybrid;2011;10
2025;Obere Mittelklasse;Hybrid;2012;106
2025;Obere Mittelklasse;Hybrid;2013;125
2025;Obere Mittelklasse;Hybrid;2014;75
2025;Obere Mittelklasse;Hybrid;2015;37
2025;Obere Mittelklasse;Hybrid;2016;20
2025;Obere Mittelklasse;Hybrid;2017;92
2025;Obere Mittelklasse;Hybrid;2018;1202
2025;Obere Mittelklasse;Hybrid;2019;4978
2025;Obere Mittelklasse;Hybrid;2020;9023
2025;Obere Mittelklasse;Hybrid;2021;13688
2025;Obere Mittelklasse;Hybrid;2022;21634
2025;Obere Mittelklasse;Hybrid;2023;8764
2025;Obere Mittelklasse;Hybrid;2024;30696
2025;Obere Mittelklasse;Hybrid;2025;16614
2025;Obere Mittelklasse;Sonstige;1992;1
2025;Obere Mittelklasse;Sonstige;2006;2
2025;Obere Mittelklasse;Sonstige;2009;18
2025;Obere Mittelklasse;Sonstige;2010;30
2025;Obere Mittelklasse;Sonstige;2011;12
2025;Obere Mittelklasse;Sonstige;2012;5
2025;Obere Mittelklasse;Sonstige;2013;3
2025;Obere Mittelklasse;Sonstige;2019;1
2025;Obere Mittelklasse;Sonstige;2021;65
2025;Obere Mittelklasse;Sonstige;2022;160
2025;Obere Mittelklasse;Sonstige;2023;51
2025;Obere Mittelklasse;Sonstige;2024;39
2025;Obere Mittelklasse;Flüssiggas (LPG) (einschl. bivalent);1990;26
2025;Obere Mittelklasse;Flüssiggas (LPG) (einschl. bivalent);1991;42
2025;Obere Mittelklasse;Flüssiggas (LPG) (einschl. bivalent);1992;56
2025;Obere Mittelklasse;Flüssiggas (LPG) (einschl. bivalent);1993;80
2025;Obere Mittelklasse;Flüssiggas (LPG) (einschl. bivalent);1994;104
2025;Obere Mittelklasse;Flüssiggas (LPG) (einschl. bivalent);1995;139
2025;Obere Mittelklasse;Flüssiggas (LPG) (einschl. bivalent);1996;193
2025;Obere Mittelklasse;Flüssiggas (LPG) (einschl. bivalent);1997;282
2025;Obere Mittelklasse;Flüssiggas (LPG) (einschl. bivalent);1998;309
2025;Obere Mittelklasse;Flüssiggas (LPG) (einschl. bivalent);1999;362
2025;Obere Mittelklasse;Flüssiggas (LPG) (einschl. bivalent);2000;389
2025;Obere Mittelklasse;Flüssiggas (LPG) (einschl. bivalent);2001;382
2025;Obere Mittelklasse;Flüssiggas (LPG) (einschl. bivalent);2002;530
2025;Obere Mittelklasse;Flüssiggas (LPG) (einschl. bivalent);2003;653
2025;Obere Mittelklasse;Flüssiggas (LPG) (einschl. bivalent);2004;707
2025;Obere Mittelklasse;Flüssiggas (LPG) (einschl. bivalent);2005;577
2025;Obere Mittelklasse;Flüssiggas (LPG) (einschl. bivalent);2006;411
2025;Obere Mittelklasse;Flüssiggas (LPG) (einschl. bivalent);2007;292
2025;Obere Mittelklasse;Flüssiggas (LPG) (einschl. bivalent);2008;145
2025;Obere Mittelklasse;Flüssiggas (LPG) (einschl. bivalent);2009;46
2025;Obere Mittelklasse;Flüssiggas (LPG) (einschl. bivalent);2010;38
2025;Obere Mittelklasse;Flüssiggas (LPG) (einschl. bivalent);2011;18
2025;Obere Mittelklasse;Flüssiggas (LPG) (einschl. bivalent);2012;8
2025;Obere Mittelklasse;Flüssiggas (LPG) (einschl. bivalent);2013;5
2025;Obere Mittelklasse;Flüssiggas (LPG) (einschl. bivalent);2014;5
2025;Obere Mittelklasse;Flüssiggas (LPG) (einschl. bivalent);2015;3
2025;Obere Mittelklasse;Flüssiggas (LPG) (einschl. bivalent);2018;1
2025;Obere Mittelklasse;Flüssiggas (LPG) (einschl. bivalent);2019;2
2025;Obere Mittelklasse;Erdgas (CNG) (einschl. bivalent);1993;1
2025;Obere Mittelklasse;Erdgas (CNG) (einschl. bivalent);1995;1
2025;Obere Mittelklasse;Erdgas (CNG) (einschl. bivalent);1996;1
2025;Obere Mittelklasse;Erdgas (CNG) (einschl. bivalent);1997;1
2025;Obere Mittelklasse;Erdgas (CNG) (einschl. bivalent);1998;1
2025;Obere Mittelklasse;Erdgas (CNG) (einschl. bivalent);1999;7
2025;Obere Mittelklasse;Erdgas (CNG) (einschl. bivalent);2000;1
2025;Obere Mittelklasse;Erdgas (CNG) (einschl. bivalent);2001;6
2025;Obere Mittelklasse;Erdgas (CNG) (einschl. bivalent);2002;15
2025;Obere Mittelklasse;Erdgas (CNG) (einschl. bivalent);2003;6
2025;Obere Mittelklasse;Erdgas (CNG) (einschl. bivalent);2004;42
2025;Obere Mittelklasse;Erdgas (CNG) (einschl. bivalent);2005;70
2025;Obere Mittelklasse;Erdgas (CNG) (einschl. bivalent);2006;57
2025;Obere Mittelklasse;Erdgas (CNG) (einschl. bivalent);2007;39
2025;Obere Mittelklasse;Erdgas (CNG) (einschl. bivalent);2008;16
2025;Obere Mittelklasse;Erdgas (CNG) (einschl. bivalent);2009;7
2025;Obere Mittelklasse;Erdgas (CNG) (einschl. bivalent);2010;9
2025;Obere Mittelklasse;Erdgas (CNG) (einschl. bivalent);2011;23
2025;Obere Mittelklasse;Erdgas (CNG) (einschl. bivalent);2012;35
2025;Obere Mittelklasse;Erdgas (CNG) (einschl. bivalent);2013;8
2025;Obere Mittelklasse;Erdgas (CNG) (einschl. bivalent);2014;7
2025;Obere Mittelklasse;Erdgas (CNG) (einschl. bivalent);2015;5
2025;Obere Mittelklasse;Erdgas (CNG) (einschl. bivalent);2016;3
2025;Obere Mittelklasse;Erdgas (CNG) (einschl. bivalent);2021;1
2025;Oberklasse;Benzin;1990;68
2025;Oberklasse;Benzin;1991;187
2025;Oberklasse;Benzin;1992;233
2025;Oberklasse;Benzin;1993;177
2025;Oberklasse;Benzin;1994;184
2025;Oberklasse;Benzin;1995;328
2025;Oberklasse;Benzin;1996;330
2025;Oberklasse;Benzin;1997;298
2025;Oberklasse;Benzin;1998;324
2025;Oberklasse;Benzin;1999;712
2025;Oberklasse;Benzin;2000;610
2025;Oberklasse;Benzin;2001;476
2025;Oberklasse;Benzin;2002;419
2025;Oberklasse;Benzin;2003;599
2025;Oberklasse;Benzin;2004;968
2025;Oberklasse;Benzin;2005;1388
2025;Oberklasse;Benzin;2006;1381
2025;Oberklasse;Benzin;2007;1311
2025;Oberklasse;Benzin;2008;1073
2025;Oberklasse;Benzin;2009;800
2025;Oberklasse;Benzin;2010;813
2025;Oberklasse;Benzin;2011;1198
2025;Oberklasse;Benzin;2012;950
2025;Oberklasse;Benzin;2013;876
2025;Oberklasse;Benzin;2014;1056
2025;Oberklasse;Benzin;2015;1136
2025;Oberklasse;Benzin;2016;1053
2025;Oberklasse;Benzin;2017;1111
2025;Oberklasse;Benzin;2018;935
2025;Oberklasse;Benzin;2019;862
2025;Oberklasse;Benzin;2020;600
2025;Oberklasse;Benzin;2021;581
2025;Oberklasse;Benzin;2022;786
2025;Oberklasse;Benzin;2023;440
2025;Oberklasse;Benzin;2024;608
2025;Oberklasse;Benzin;2025;481
2025;Oberklasse;Diesel;1992;1
2025;Oberklasse;Diesel;1993;17
2025;Oberklasse;Diesel;1994;11
2025;Oberklasse;Diesel;1995;11
2025;Oberklasse;Diesel;1996;18
2025;Oberklasse;Diesel;1997;20
2025;Oberklasse;Diesel;1998;31
2025;Oberklasse;Diesel;1999;20
2025;Oberklasse;Diesel;2000;87
2025;Oberklasse;Diesel;2001;164
2025;Oberklasse;Diesel;2002;107
2025;Oberklasse;Diesel;2003;130
2025;Oberklasse;Diesel;2004;329
2025;Oberklasse;Diesel;2005;553
2025;Oberklasse;Diesel;2006;1115
2025;Oberklasse;Diesel;2007;1328
2025;Oberklasse;Diesel;2008;1275
2025;Oberklasse;Diesel;2009;1093
2025;Oberklasse;Diesel;2010;1064
2025;Oberklasse;Diesel;2011;1993
2025;Oberklasse;Diesel;2012;1781
2025;Oberklasse;Diesel;2013;1733
2025;Oberklasse;Diesel;2014;1817
2025;Oberklasse;Diesel;2015;1903
2025;Oberklasse;Diesel;2016;1589
2025;Oberklasse;Diesel;2017;1445
2025;Oberklasse;Diesel;2018;1180
2025;Oberklasse;Diesel;2019;927
2025;Oberklasse;Diesel;2020;614
2025;Oberklasse;Diesel;2021;561
2025;Oberklasse;Diesel;2022;383
2025;Oberklasse;Diesel;2023;208
2025;Oberklasse;Diesel;2024;23
2025;Oberklasse;Diesel;2025;1
2025;Oberklasse;Elektro (BEV);2013;44
2025;Oberklasse;Elektro (BEV);2014;76
2025;Oberklasse;Elektro (BEV);2015;152
2025;Oberklasse;Elektro (BEV);2016;125
2025;Oberklasse;Elektro (BEV);2017;131
2025;Oberklasse;Elektro (BEV);2018;106
2025;Oberklasse;Elektro (BEV);2019;91
2025;Oberklasse;Elektro (BEV);2020;339
2025;Oberklasse;Elektro (BEV);2021;1041
2025;Oberklasse;Elektro (BEV);2022;2813
2025;Oberklasse;Elektro (BEV);2023;2419
2025;Oberklasse;Elektro (BEV);2024;3056
2025;Oberklasse;Elektro (BEV);2025;875
2025;Oberklasse;Hybrid;2007;9
2025;Oberklasse;Hybrid;2008;12
2025;Oberklasse;Hybrid;2009;42
2025;Oberklasse;Hybrid;2010;45
2025;Oberklasse;Hybrid;2011;30
2025;Oberklasse;Hybrid;2012;21
2025;Oberklasse;Hybrid;2013;22
2025;Oberklasse;Hybrid;2014;47
2025;Oberklasse;Hybrid;2015;38
2025;Oberklasse;Hybrid;2016;29
2025;Oberklasse;Hybrid;2017;143
2025;Oberklasse;Hybrid;2018;838
2025;Oberklasse;Hybrid;2019;996
2025;Oberklasse;Hybrid;2020;951
2025;Oberklasse;Hybrid;2021;1586
2025;Oberklasse;Hybrid;2022;2214
2025;Oberklasse;Hybrid;2023;1981
2025;Oberklasse;Hybrid;2024;3506
2025;Oberklasse;Hybrid;2025;2029
2025;Oberklasse;Sonstige;2007;1
2025;Oberklasse;Sonstige;2010;5
2025;Oberklasse;Sonstige;2011;19
2025;Oberklasse;Sonstige;2012;26
2025;Oberklasse;Sonstige;2013;2
2025;Oberklasse;Sonstige;2014;1
2025;Oberklasse;Sonstige;2017;1
2025;Oberklasse;Sonstige;2024;1
2025;Oberklasse;Sonstige;2025;10
2025;Oberklasse;Flüssiggas (LPG) (einschl. bivalent);1991;10
2025;Oberklasse;Flüssiggas (LPG) (einschl. bivalent);1992;15
2025;Oberklasse;Flüssiggas (LPG) (einschl. bivalent);1993;5
2025;Oberklasse;Flüssiggas (LPG) (einschl. bivalent);1994;13
2025;Oberklasse;Flüssiggas (LPG) (einschl. bivalent);1995;22
2025;Oberklasse;Flüssiggas (LPG) (einschl. bivalent);1996;24
2025;Oberklasse;Flüssiggas (LPG) (einschl. bivalent);1997;29
2025;Oberklasse;Flüssiggas (LPG) (einschl. bivalent);1998;37
2025;Oberklasse;Flüssiggas (LPG) (einschl. bivalent);1999;115
2025;Oberklasse;Flüssiggas (LPG) (einschl. bivalent);2000;76
2025;Oberklasse;Flüssiggas (LPG) (einschl. bivalent);2001;56
2025;Oberklasse;Flüssiggas (LPG) (einschl. bivalent);2002;55
2025;Oberklasse;Flüssiggas (LPG) (einschl. bivalent);2003;151
2025;Oberklasse;Flüssiggas (LPG) (einschl. bivalent);2004;165
2025;Oberklasse;Flüssiggas (LPG) (einschl. bivalent);2005;215
2025;Oberklasse;Flüssiggas (LPG) (einschl. bivalent);2006;142
2025;Oberklasse;Flüssiggas (LPG) (einschl. bivalent);2007;81
2025;Oberklasse;Flüssiggas (LPG) (einschl. bivalent);2008;79
2025;Oberklasse;Flüssiggas (LPG) (einschl. bivalent);2009;49
2025;Oberklasse;Flüssiggas (LPG) (einschl. bivalent);2010;12
2025;Oberklasse;Flüssiggas (LPG) (einschl. bivalent);2011;4
2025;Oberklasse;Flüssiggas (LPG) (einschl. bivalent);2012;4
2025;Oberklasse;Flüssiggas (LPG) (einschl. bivalent);2013;1
2025;Oberklasse;Flüssiggas (LPG) (einschl. bivalent);2015;1
2025;SUVs;Benzin;1990;84
2025;SUVs;Benzin;1991;109
2025;SUVs;Benzin;1992;145
2025;SUVs;Benzin;1993;185
2025;SUVs;Benzin;1994;185
2025;SUVs;Benzin;1995;276
2025;SUVs;Benzin;1996;303
2025;SUVs;Benzin;1997;405
2025;SUVs;Benzin;1998;541
2025;SUVs;Benzin;1999;729
2025;SUVs;Benzin;2000;539
2025;SUVs;Benzin;2001;649
2025;SUVs;Benzin;2002;688
2025;SUVs;Benzin;2003;810
2025;SUVs;Benzin;2004;1126
2025;SUVs;Benzin;2005;1487
2025;SUVs;Benzin;2006;2099
2025;SUVs;Benzin;2007;2513
2025;SUVs;Benzin;2008;2790
2025;SUVs;Benzin;2009;3754
2025;SUVs;Benzin;2010;5480
2025;SUVs;Benzin;2011;5867
2025;SUVs;Benzin;2012;6441
2025;SUVs;Benzin;2013;8065
2025;SUVs;Benzin;2014;11514
2025;SUVs;Benzin;2015;13853
2025;SUVs;Benzin;2016;18411
2025;SUVs;Benzin;2017;25122
2025;SUVs;Benzin;2018;36299
2025;SUVs;Benzin;2019;41960
2025;SUVs;Benzin;2020;32238
2025;SUVs;Benzin;2021;46557
2025;SUVs;Benzin;2022;44945
2025;SUVs;Benzin;2023;35193
2025;SUVs;Benzin;2024;79110
2025;SUVs;Benzin;2025;51726
2025;SUVs;Diesel;1990;1
2025;SUVs;Diesel;1991;1
2025;SUVs;Diesel;1992;3
2025;SUVs;Diesel;1993;5
2025;SUVs;Diesel;1994;4
2025;SUVs;Diesel;1995;6
2025;SUVs;Diesel;1996;7
2025;SUVs;Diesel;1997;5
2025;SUVs;Diesel;1998;7
2025;SUVs;Diesel;1999;39
2025;SUVs;Diesel;2000;51
2025;SUVs;Diesel;2001;36
2025;SUVs;Diesel;2002;164
2025;SUVs;Diesel;2003;174
2025;SUVs;Diesel;2004;173
2025;SUVs;Diesel;2005;543
2025;SUVs;Diesel;2006;1636
2025;SUVs;Diesel;2007;2551
2025;SUVs;Diesel;2008;3555
2025;SUVs;Diesel;2009;4795
2025;SUVs;Diesel;2010;8116
2025;SUVs;Diesel;2011;10934
2025;SUVs;Diesel;2012;12576
2025;SUVs;Diesel;2013;12436
2025;SUVs;Diesel;2014;13143
2025;SUVs;Diesel;2015;13927
2025;SUVs;Diesel;2016;15383
2025;SUVs;Diesel;2017;12218
2025;SUVs;Diesel;2018;10481
2025;SUVs;Diesel;2019;12585
2025;SUVs;Diesel;2020;12487
2025;SUVs;Diesel;2021;12024
2025;SUVs;Diesel;2022;15586
2025;SUVs;Diesel;2023;6198
2025;SUVs;Diesel;2024;9603
2025;SUVs;Diesel;2025;7747
2025;SUVs;Elektro (BEV);2005;1
2025;SUVs;Elektro (BEV);2015;1
2025;SUVs;Elektro (BEV);2016;42
2025;SUVs;Elektro (BEV);2017;105
2025;SUVs;Elektro (BEV);2018;81
2025;SUVs;Elektro (BEV);2019;405
2025;SUVs;Elektro (BEV);2020;2956
2025;SUVs;Elektro (BEV);2021;18533
2025;SUVs;Elektro (BEV);2022;36711
2025;SUVs;Elektro (BEV);2023;29724
2025;SUVs;Elektro (BEV);2024;32484
2025;SUVs;Elektro (BEV);2025;26288
2025;SUVs;Hybrid;2000;1
2025;SUVs;Hybrid;2004;1
2025;SUVs;Hybrid;2005;29
2025;SUVs;Hybrid;2006;60
2025;SUVs;Hybrid;2007;68
2025;SUVs;Hybrid;2008;56
2025;SUVs;Hybrid;2009;49
2025;SUVs;Hybrid;2010;67
2025;SUVs;Hybrid;2011;33
2025;SUVs;Hybrid;2012;34
2025;SUVs;Hybrid;2013;32
2025;SUVs;Hybrid;2014;100
2025;SUVs;Hybrid;2015;98
2025;SUVs;Hybrid;2016;656
2025;SUVs;Hybrid;2017;1685
2025;SUVs;Hybrid;2018;1935
2025;SUVs;Hybrid;2019;3850
2025;SUVs;Hybrid;2020;11701
2025;SUVs;Hybrid;2021;31535
2025;SUVs;Hybrid;2022;45569
2025;SUVs;Hybrid;2023;20776
2025;SUVs;Hybrid;2024;49469
2025;SUVs;Hybrid;2025;67359
2025;SUVs;Sonstige;2005;1
2025;SUVs;Sonstige;2010;1
2025;SUVs;Sonstige;2011;6
2025;SUVs;Sonstige;2012;17
2025;SUVs;Sonstige;2013;4
2025;SUVs;Sonstige;2015;17
2025;SUVs;Sonstige;2016;9
2025;SUVs;Sonstige;2017;5
2025;SUVs;Sonstige;2018;16
2025;SUVs;Sonstige;2019;21
2025;SUVs;Sonstige;2020;31
2025;SUVs;Sonstige;2021;25
2025;SUVs;Sonstige;2022;110
2025;SUVs;Sonstige;2023;7
2025;SUVs;Sonstige;2024;1
2025;SUVs;Sonstige;2025;1
2025;SUVs;Flüssiggas (LPG) (einschl. bivalent);1990;1
2025;SUVs;Flüssiggas (LPG) (einschl. bivalent);1992;3
2025;SUVs;Flüssiggas (LPG) (einschl. bivalent);1993;2
2025;SUVs;Flüssiggas (LPG) (einschl. bivalent);1994;3
2025;SUVs;Flüssiggas (LPG) (einschl. bivalent);1995;6
2025;SUVs;Flüssiggas (LPG) (einschl. bivalent);1996;13
2025;SUVs;Flüssiggas (LPG) (einschl. bivalent);1997;13
2025;SUVs;Flüssiggas (LPG) (einschl. bivalent);1998;29
2025;SUVs;Flüssiggas (LPG) (einschl. bivalent);1999;33
2025;SUVs;Flüssiggas (LPG) (einschl. bivalent);2000;39
2025;SUVs;Flüssiggas (LPG) (einschl. bivalent);2001;59
2025;SUVs;Flüssiggas (LPG) (einschl. bivalent);2002;71
2025;SUVs;Flüssiggas (LPG) (einschl. bivalent);2003;68
2025;SUVs;Flüssiggas (LPG) (einschl. bivalent);2004;91
2025;SUVs;Flüssiggas (LPG) (einschl. bivalent);2005;144
2025;SUVs;Flüssiggas (LPG) (einschl. bivalent);2006;314
2025;SUVs;Flüssiggas (LPG) (einschl. bivalent);2007;386
2025;SUVs;Flüssiggas (LPG) (einschl. bivalent);2008;484
2025;SUVs;Flüssiggas (LPG) (einschl. bivalent);2009;337
2025;SUVs;Flüssiggas (LPG) (einschl. bivalent);2010;280
2025;SUVs;Flüssiggas (LPG) (einschl. bivalent);2011;185
2025;SUVs;Flüssiggas (LPG) (einschl. bivalent);2012;382
2025;SUVs;Flüssiggas (LPG) (einschl. bivalent);2013;203
2025;SUVs;Flüssiggas (LPG) (einschl. bivalent);2014;186
2025;SUVs;Flüssiggas (LPG) (einschl. bivalent);2015;119
2025;SUVs;Flüssiggas (LPG) (einschl. bivalent);2016;118
2025;SUVs;Flüssiggas (LPG) (einschl. bivalent);2017;151
2025;SUVs;Flüssiggas (LPG) (einschl. bivalent);2018;107
2025;SUVs;Flüssiggas (LPG) (einschl. bivalent);2019;209
2025;SUVs;Flüssiggas (LPG) (einschl. bivalent);2020;366
2025;SUVs;Flüssiggas (LPG) (einschl. bivalent);2021;409
2025;SUVs;Flüssiggas (LPG) (einschl. bivalent);2022;292
2025;SUVs;Flüssiggas (LPG) (einschl. bivalent);2023;108
2025;SUVs;Flüssiggas (LPG) (einschl. bivalent);2024;112
2025;SUVs;Flüssiggas (LPG) (einschl. bivalent);2025;293
2025;SUVs;Erdgas (CNG) (einschl. bivalent);2008;1
2025;SUVs;Erdgas (CNG) (einschl. bivalent);2009;1
2025;SUVs;Erdgas (CNG) (einschl. bivalent);2012;1
2025;SUVs;Erdgas (CNG) (einschl. bivalent);2013;1
2025;SUVs;Erdgas (CNG) (einschl. bivalent);2015;1
2025;SUVs;Erdgas (CNG) (einschl. bivalent);2018;1
2025;SUVs;Erdgas (CNG) (einschl. bivalent);2019;99
2025;SUVs;Erdgas (CNG) (einschl. bivalent);2020;254
2025;SUVs;Erdgas (CNG) (einschl. bivalent);2021;308
2025;SUVs;Erdgas (CNG) (einschl. bivalent);2022;66
2025;SUVs;Erdgas (CNG) (einschl. bivalent);2023;21
2025;SUVs;Erdgas (CNG) (einschl. bivalent);2024;2
2025;Geländewagen;Benzin;1990;62
2025;Geländewagen;Benzin;1991;88
2025;Geländewagen;Benzin;1992;98
2025;Geländewagen;Benzin;1993;109
2025;Geländewagen;Benzin;1994;121
2025;Geländewagen;Benzin;1995;151
2025;Geländewagen;Benzin;1996;162
2025;Geländewagen;Benzin;1997;290
2025;Geländewagen;Benzin;1998;553
2025;Geländewagen;Benzin;1999;1062
2025;Geländewagen;Benzin;2000;1068
2025;Geländewagen;Benzin;2001;1126
2025;Geländewagen;Benzin;2002;1367
2025;Geländewagen;Benzin;2003;1866
2025;Geländewagen;Benzin;2004;2564
2025;Geländewagen;Benzin;2005;2625
2025;Geländewagen;Benzin;2006;2822
2025;Geländewagen;Benzin;2007;2115
2025;Geländewagen;Benzin;2008;2723
2025;Geländewagen;Benzin;2009;3649
2025;Geländewagen;Benzin;2010;2741
2025;Geländewagen;Benzin;2011;2846
2025;Geländewagen;Benzin;2012;3406
2025;Geländewagen;Benzin;2013;2852
2025;Geländewagen;Benzin;2014;3332
2025;Geländewagen;Benzin;2015;3590
2025;Geländewagen;Benzin;2016;4480
2025;Geländewagen;Benzin;2017;6411
2025;Geländewagen;Benzin;2018;8537
2025;Geländewagen;Benzin;2019;9866
2025;Geländewagen;Benzin;2020;8437
2025;Geländewagen;Benzin;2021;10772
2025;Geländewagen;Benzin;2022;11079
2025;Geländewagen;Benzin;2023;7653
2025;Geländewagen;Benzin;2024;10218
2025;Geländewagen;Benzin;2025;5928
2025;Geländewagen;Diesel;1990;51
2025;Geländewagen;Diesel;1991;55
2025;Geländewagen;Diesel;1992;71
2025;Geländewagen;Diesel;1993;63
2025;Geländewagen;Diesel;1994;46
2025;Geländewagen;Diesel;1995;78
2025;Geländewagen;Diesel;1996;94
2025;Geländewagen;Diesel;1997;111
2025;Geländewagen;Diesel;1998;164
2025;Geländewagen;Diesel;1999;259
2025;Geländewagen;Diesel;2000;423
2025;Geländewagen;Diesel;2001;813
2025;Geländewagen;Diesel;2002;1577
2025;Geländewagen;Diesel;2003;2544
2025;Geländewagen;Diesel;2004;4337
2025;Geländewagen;Diesel;2005;5625
2025;Geländewagen;Diesel;2006;8707
2025;Geländewagen;Diesel;2007;9450
2025;Geländewagen;Diesel;2008;10972
2025;Geländewagen;Diesel;2009;9450
2025;Geländewagen;Diesel;2010;9382
2025;Geländewagen;Diesel;2011;11745
2025;Geländewagen;Diesel;2012;14603
2025;Geländewagen;Diesel;2013;13062
2025;Geländewagen;Diesel;2014;13987
2025;Geländewagen;Diesel;2015;15941
2025;Geländewagen;Diesel;2016;17917
2025;Geländewagen;Diesel;2017;15901
2025;Geländewagen;Diesel;2018;13937
2025;Geländewagen;Diesel;2019;16010
2025;Geländewagen;Diesel;2020;15317
2025;Geländewagen;Diesel;2021;13367
2025;Geländewagen;Diesel;2022;16506
2025;Geländewagen;Diesel;2023;6528
2025;Geländewagen;Diesel;2024;15570
2025;Geländewagen;Diesel;2025;8261
2025;Geländewagen;Elektro (BEV);1992;1
2025;Geländewagen;Elektro (BEV);1997;1
2025;Geländewagen;Elektro (BEV);2018;7
2025;Geländewagen;Elektro (BEV);2019;189
2025;Geländewagen;Elektro (BEV);2020;662
2025;Geländewagen;Elektro (BEV);2021;1870
2025;Geländewagen;Elektro (BEV);2022;9095
2025;Geländewagen;Elektro (BEV);2023;3006
2025;Geländewagen;Elektro (BEV);2024;2912
2025;Geländewagen;Elektro (BEV);2025;1222
2025;Geländewagen;Hybrid;1999;1
2025;Geländewagen;Hybrid;2008;1
2025;Geländewagen;Hybrid;2009;2
2025;Geländewagen;Hybrid;2010;37
2025;Geländewagen;Hybrid;2011;48
2025;Geländewagen;Hybrid;2012;29
2025;Geländewagen;Hybrid;2013;11
2025;Geländewagen;Hybrid;2014;15
2025;Geländewagen;Hybrid;2015;62
2025;Geländewagen;Hybrid;2016;121
2025;Geländewagen;Hybrid;2017;146
2025;Geländewagen;Hybrid;2018;439
2025;Geländewagen;Hybrid;2019;2465
2025;Geländewagen;Hybrid;2020;9904
2025;Geländewagen;Hybrid;2021;27233
2025;Geländewagen;Hybrid;2022;46348
2025;Geländewagen;Hybrid;2023;17607
2025;Geländewagen;Hybrid;2024;46193
2025;Geländewagen;Hybrid;2025;34661
2025;Geländewagen;Sonstige;2005;1
2025;Geländewagen;Sonstige;2007;1
2025;Geländewagen;Sonstige;2011;2
2025;Geländewagen;Sonstige;2012;5
2025;Geländewagen;Sonstige;2013;1
2025;Geländewagen;Sonstige;2014;1
2025;Geländewagen;Sonstige;2015;10
2025;Geländewagen;Sonstige;2016;2
2025;Geländewagen;Sonstige;2022;1
2025;Geländewagen;Sonstige;2023;6
2025;Geländewagen;Sonstige;2024;1
2025;Geländewagen;Sonstige;2025;3
2025;Geländewagen;Flüssiggas (LPG) (einschl. bivalent);1991;6
2025;Geländewagen;Flüssiggas (LPG) (einschl. bivalent);1992;8
2025;Geländewagen;Flüssiggas (LPG) (einschl. bivalent);1993;3
2025;Geländewagen;Flüssiggas (LPG) (einschl. bivalent);1994;12
2025;Geländewagen;Flüssiggas (LPG) (einschl. bivalent);1995;14
2025;Geländewagen;Flüssiggas (LPG) (einschl. bivalent);1996;16
2025;Geländewagen;Flüssiggas (LPG) (einschl. bivalent);1997;40
2025;Geländewagen;Flüssiggas (LPG) (einschl. bivalent);1998;102
2025;Geländewagen;Flüssiggas (LPG) (einschl. bivalent);1999;179
2025;Geländewagen;Flüssiggas (LPG) (einschl. bivalent);2000;162
2025;Geländewagen;Flüssiggas (LPG) (einschl. bivalent);2001;173
2025;Geländewagen;Flüssiggas (LPG) (einschl. bivalent);2002;196
2025;Geländewagen;Flüssiggas (LPG) (einschl. bivalent);2003;338
2025;Geländewagen;Flüssiggas (LPG) (einschl. bivalent);2004;403
2025;Geländewagen;Flüssiggas (LPG) (einschl. bivalent);2005;497
2025;Geländewagen;Flüssiggas (LPG) (einschl. bivalent);2006;540
2025;Geländewagen;Flüssiggas (LPG) (einschl. bivalent);2007;438
2025;Geländewagen;Flüssiggas (LPG) (einschl. bivalent);2008;383
2025;Geländewagen;Flüssiggas (LPG) (einschl. bivalent);2009;168
2025;Geländewagen;Flüssiggas (LPG) (einschl. bivalent);2010;116
2025;Geländewagen;Flüssiggas (LPG) (einschl. bivalent);2011;70
2025;Geländewagen;Flüssiggas (LPG) (einschl. bivalent);2012;46
2025;Geländewagen;Flüssiggas (LPG) (einschl. bivalent);2013;39
2025;Geländewagen;Flüssiggas (LPG) (einschl. bivalent);2014;27
2025;Geländewagen;Flüssiggas (LPG) (einschl. bivalent);2015;32
2025;Geländewagen;Flüssiggas (LPG) (einschl. bivalent);2016;25
2025;Geländewagen;Flüssiggas (LPG) (einschl. bivalent);2017;28
2025;Geländewagen;Flüssiggas (LPG) (einschl. bivalent);2018;26
2025;Geländewagen;Flüssiggas (LPG) (einschl. bivalent);2019;24
2025;Geländewagen;Flüssiggas (LPG) (einschl. bivalent);2020;10
2025;Geländewagen;Flüssiggas (LPG) (einschl. bivalent);2021;4
2025;Geländewagen;Flüssiggas (LPG) (einschl. bivalent);2022;2
2025;Geländewagen;Flüssiggas (LPG) (einschl. bivalent);2023;1
2025;Geländewagen;Flüssiggas (LPG) (einschl. bivalent);2024;2
2025;Geländewagen;Flüssiggas (LPG) (einschl. bivalent);2025;1
2025;Geländewagen;Erdgas (CNG) (einschl. bivalent);1995;1
2025;Geländewagen;Erdgas (CNG) (einschl. bivalent);1998;1
2025;Geländewagen;Erdgas (CNG) (einschl. bivalent);2003;2
2025;Geländewagen;Erdgas (CNG) (einschl. bivalent);2005;1
2025;Sportwagen;Benzin;1990;524
2025;Sportwagen;Benzin;1991;789
2025;Sportwagen;Benzin;1992;891
2025;Sportwagen;Benzin;1993;676
2025;Sportwagen;Benzin;1994;693
2025;Sportwagen;Benzin;1995;629
2025;Sportwagen;Benzin;1996;980
2025;Sportwagen;Benzin;1997;2311
2025;Sportwagen;Benzin;1998;3445
2025;Sportwagen;Benzin;1999;4804
2025;Sportwagen;Benzin;2000;4963
2025;Sportwagen;Benzin;2001;3768
2025;Sportwagen;Benzin;2002;3837
2025;Sportwagen;Benzin;2003;4144
2025;Sportwagen;Benzin;2004;4092
2025;Sportwagen;Benzin;2005;3531
2025;Sportwagen;Benzin;2006;3419
2025;Sportwagen;Benzin;2007;3681
2025;Sportwagen;Benzin;2008;3258
2025;Sportwagen;Benzin;2009;2496
2025;Sportwagen;Benzin;2010;2765
2025;Sportwagen;Benzin;2011;2843
2025;Sportwagen;Benzin;2012;2807
2025;Sportwagen;Benzin;2013;2314
2025;Sportwagen;Benzin;2014;2189
2025;Sportwagen;Benzin;2015;2538
2025;Sportwagen;Benzin;2016;2802
2025;Sportwagen;Benzin;2017;2979
2025;Sportwagen;Benzin;2018;3384
2025;Sportwagen;Benzin;2019;3427
2025;Sportwagen;Benzin;2020;2947
2025;Sportwagen;Benzin;2021;3356
2025;Sportwagen;Benzin;2022;3784
2025;Sportwagen;Benzin;2023;3318
2025;Sportwagen;Benzin;2024;5603
2025;Sportwagen;Benzin;2025;3059
2025;Sportwagen;Diesel;2001;1
2025;Sportwagen;Diesel;2002;18
2025;Sportwagen;Diesel;2003;104
2025;Sportwagen;Diesel;2004;95
2025;Sportwagen;Diesel;2005;113
2025;Sportwagen;Diesel;2006;268
2025;Sportwagen;Diesel;2007;239
2025;Sportwagen;Diesel;2008;211
2025;Sportwagen;Diesel;2009;402
2025;Sportwagen;Diesel;2010;549
2025;Sportwagen;Diesel;2011;620
2025;Sportwagen;Diesel;2012;530
2025;Sportwagen;Diesel;2013;438
2025;Sportwagen;Diesel;2014;350
2025;Sportwagen;Diesel;2015;323
2025;Sportwagen;Diesel;2016;171
2025;Sportwagen;Diesel;2017;183
2025;Sportwagen;Diesel;2018;289
2025;Sportwagen;Diesel;2019;267
2025;Sportwagen;Diesel;2020;190
2025;Sportwagen;Diesel;2021;156
2025;Sportwagen;Diesel;2022;85
2025;Sportwagen;Diesel;2023;77
2025;Sportwagen;Diesel;2024;9
2025;Sportwagen;Elektro (BEV);1997;1
2025;Sportwagen;Elektro (BEV);1998;1
2025;Sportwagen;Elektro (BEV);2001;1
2025;Sportwagen;Elektro (BEV);2024;16
2025;Sportwagen;Elektro (BEV);2025;55
2025;Sportwagen;Hybrid;2010;100
2025;Sportwagen;Hybrid;2011;57
2025;Sportwagen;Hybrid;2012;32
2025;Sportwagen;Hybrid;2013;3
2025;Sportwagen;Hybrid;2014;15
2025;Sportwagen;Hybrid;2015;26
2025;Sportwagen;Hybrid;2016;21
2025;Sportwagen;Hybrid;2017;15
2025;Sportwagen;Hybrid;2018;109
2025;Sportwagen;Hybrid;2019;362
2025;Sportwagen;Hybrid;2020;357
2025;Sportwagen;Hybrid;2021;471
2025;Sportwagen;Hybrid;2022;565
2025;Sportwagen;Hybrid;2023;694
2025;Sportwagen;Hybrid;2024;827
2025;Sportwagen;Hybrid;2025;957
2025;Sportwagen;Sonstige;2007;1
2025;Sportwagen;Flüssiggas (LPG) (einschl. bivalent);1990;3
2025;Sportwagen;Flüssiggas (LPG) (einschl. bivalent);1991;1
2025;Sportwagen;Flüssiggas (LPG) (einschl. bivalent);1992;6
2025;Sportwagen;Flüssiggas (LPG) (einschl. bivalent);1993;8
2025;Sportwagen;Flüssiggas (LPG) (einschl. bivalent);1994;6
2025;Sportwagen;Flüssiggas (LPG) (einschl. bivalent);1995;4
2025;Sportwagen;Flüssiggas (LPG) (einschl. bivalent);1996;12
2025;Sportwagen;Flüssiggas (LPG) (einschl. bivalent);1997;25
2025;Sportwagen;Flüssiggas (LPG) (einschl. bivalent);1998;77
2025;Sportwagen;Flüssiggas (LPG) (einschl. bivalent);1999;152
2025;Sportwagen;Flüssiggas (LPG) (einschl. bivalent);2000;136
2025;Sportwagen;Flüssiggas (LPG) (einschl. bivalent);2001;122
2025;Sportwagen;Flüssiggas (LPG) (einschl. bivalent);2002;121
2025;Sportwagen;Flüssiggas (LPG) (einschl. bivalent);2003;139
2025;Sportwagen;Flüssiggas (LPG) (einschl. bivalent);2004;117
2025;Sportwagen;Flüssiggas (LPG) (einschl. bivalent);2005;86
2025;Sportwagen;Flüssiggas (LPG) (einschl. bivalent);2006;63
2025;Sportwagen;Flüssiggas (LPG) (einschl. bivalent);2007;54
2025;Sportwagen;Flüssiggas (LPG) (einschl. bivalent);2008;47
2025;Sportwagen;Flüssiggas (LPG) (einschl. bivalent);2009;16
2025;Sportwagen;Flüssiggas (LPG) (einschl. bivalent);2010;20
2025;Sportwagen;Flüssiggas (LPG) (einschl. bivalent);2011;11
2025;Sportwagen;Flüssiggas (LPG) (einschl. bivalent);2012;12
2025;Sportwagen;Flüssiggas (LPG) (einschl. bivalent);2013;28
2025;Sportwagen;Flüssiggas (LPG) (einschl. bivalent);2014;44
2025;Sportwagen;Flüssiggas (LPG) (einschl. bivalent);2015;25
2025;Sportwagen;Flüssiggas (LPG) (einschl. bivalent);2016;34
2025;Sportwagen;Flüssiggas (LPG) (einschl. bivalent);2017;27
2025;Sportwagen;Flüssiggas (LPG) (einschl. bivalent);2018;8
2025;Mini-Vans;Benzin;1990;1
2025;Mini-Vans;Benzin;1991;3
2025;Mini-Vans;Benzin;1992;4
2025;Mini-Vans;Benzin;1993;5
2025;Mini-Vans;Benzin;1994;4
2025;Mini-Vans;Benzin;1995;17
2025;Mini-Vans;Benzin;1996;34
2025;Mini-Vans;Benzin;1997;76
2025;Mini-Vans;Benzin;1998;128
2025;Mini-Vans;Benzin;1999;460
2025;Mini-Vans;Benzin;2000;1260
2025;Mini-Vans;Benzin;2001;1609
2025;Mini-Vans;Benzin;2002;2634
2025;Mini-Vans;Benzin;2003;6253
2025;Mini-Vans;Benzin;2004;10975
2025;Mini-Vans;Benzin;2005;16071
2025;Mini-Vans;Benzin;2006;18123
2025;Mini-Vans;Benzin;2007;11988
2025;Mini-Vans;Benzin;2008;10733
2025;Mini-Vans;Benzin;2009;10960
2025;Mini-Vans;Benzin;2010;9079
2025;Mini-Vans;Benzin;2011;9501
2025;Mini-Vans;Benzin;2012;9245
2025;Mini-Vans;Benzin;2013;8649
2025;Mini-Vans;Benzin;2014;7616
2025;Mini-Vans;Benzin;2015;6274
2025;Mini-Vans;Benzin;2016;5449
2025;Mini-Vans;Benzin;2017;5314
2025;Mini-Vans;Benzin;2018;3803
2025;Mini-Vans;Benzin;2019;4203
2025;Mini-Vans;Benzin;2020;1964
2025;Mini-Vans;Benzin;2021;1485
2025;Mini-Vans;Benzin;2022;993
2025;Mini-Vans;Benzin;2023;2705
2025;Mini-Vans;Benzin;2024;542
2025;Mini-Vans;Diesel;1998;3
2025;Mini-Vans;Diesel;1999;4
2025;Mini-Vans;Diesel;2000;40
2025;Mini-Vans;Diesel;2001;66
2025;Mini-Vans;Diesel;2002;323
2025;Mini-Vans;Diesel;2003;507
2025;Mini-Vans;Diesel;2004;1795
2025;Mini-Vans;Diesel;2005;2748
2025;Mini-Vans;Diesel;2006;4460
2025;Mini-Vans;Diesel;2007;4426
2025;Mini-Vans;Diesel;2008;3440
2025;Mini-Vans;Diesel;2009;2614
2025;Mini-Vans;Diesel;2010;3535
2025;Mini-Vans;Diesel;2011;4668
2025;Mini-Vans;Diesel;2012;5226
2025;Mini-Vans;Diesel;2013;3990
2025;Mini-Vans;Diesel;2014;3570
2025;Mini-Vans;Diesel;2015;2902
2025;Mini-Vans;Diesel;2016;2009
2025;Mini-Vans;Diesel;2017;1914
2025;Mini-Vans;Diesel;2018;1433
2025;Mini-Vans;Diesel;2019;1686
2025;Mini-Vans;Diesel;2020;1380
2025;Mini-Vans;Diesel;2021;725
2025;Mini-Vans;Diesel;2022;704
2025;Mini-Vans;Diesel;2023;642
2025;Mini-Vans;Diesel;2024;840
2025;Mini-Vans;Diesel;2025;186
2025;Mini-Vans;Elektro (BEV);2014;1
2025;Mini-Vans;Elektro (BEV);2015;39
2025;Mini-Vans;Elektro (BEV);2016;59
2025;Mini-Vans;Elektro (BEV);2017;51
2025;Mini-Vans;Elektro (BEV);2018;31
2025;Mini-Vans;Elektro (BEV);2019;30
2025;Mini-Vans;Elektro (BEV);2020;134
2025;Mini-Vans;Elektro (BEV);2021;275
2025;Mini-Vans;Elektro (BEV);2022;145
2025;Mini-Vans;Elektro (BEV);2023;51
2025;Mini-Vans;Elektro (BEV);2024;548
2025;Mini-Vans;Elektro (BEV);2025;273
2025;Mini-Vans;Hybrid;2004;1
2025;Mini-Vans;Hybrid;2011;5
2025;Mini-Vans;Hybrid;2012;79
2025;Mini-Vans;Hybrid;2013;20
2025;Mini-Vans;Hybrid;2014;7
2025;Mini-Vans;Hybrid;2015;32
2025;Mini-Vans;Hybrid;2016;2
2025;Mini-Vans;Hybrid;2017;11
2025;Mini-Vans;Hybrid;2018;8
2025;Mini-Vans;Hybrid;2019;1
2025;Mini-Vans;Hybrid;2020;370
2025;Mini-Vans;Hybrid;2021;1588
2025;Mini-Vans;Hybrid;2022;2027
2025;Mini-Vans;Hybrid;2023;1099
2025;Mini-Vans;Hybrid;2024;6349
2025;Mini-Vans;Hybrid;2025;3225
2025;Mini-Vans;Sonstige;2000;1
2025;Mini-Vans;Sonstige;2002;1
2025;Mini-Vans;Sonstige;2005;1
2025;Mini-Vans;Sonstige;2008;1
2025;Mini-Vans;Sonstige;2009;1
2025;Mini-Vans;Sonstige;2010;20
2025;Mini-Vans;Sonstige;2011;9
2025;Mini-Vans;Sonstige;2012;10
2025;Mini-Vans;Flüssiggas (LPG) (einschl. bivalent);1998;1
2025;Mini-Vans;Flüssiggas (LPG) (einschl. bivalent);1999;6
2025;Mini-Vans;Flüssiggas (LPG) (einschl. bivalent);2000;11
2025;Mini-Vans;Flüssiggas (LPG) (einschl. bivalent);2001;22
2025;Mini-Vans;Flüssiggas (LPG) (einschl. bivalent);2002;57
2025;Mini-Vans;Flüssiggas (LPG) (einschl. bivalent);2003;78
2025;Mini-Vans;Flüssiggas (LPG) (einschl. bivalent);2004;190
2025;Mini-Vans;Flüssiggas (LPG) (einschl. bivalent);2005;237
2025;Mini-Vans;Flüssiggas (LPG) (einschl. bivalent);2006;399
2025;Mini-Vans;Flüssiggas (LPG) (einschl. bivalent);2007;333
2025;Mini-Vans;Flüssiggas (LPG) (einschl. bivalent);2008;440
2025;Mini-Vans;Flüssiggas (LPG) (einschl. bivalent);2009;219
2025;Mini-Vans;Flüssiggas (LPG) (einschl. bivalent);2010;110
2025;Mini-Vans;Flüssiggas (LPG) (einschl. bivalent);2011;95
2025;Mini-Vans;Flüssiggas (LPG) (einschl. bivalent);2012;112
2025;Mini-Vans;Flüssiggas (LPG) (einschl. bivalent);2013;51
2025;Mini-Vans;Flüssiggas (LPG) (einschl. bivalent);2014;86
2025;Mini-Vans;Flüssiggas (LPG) (einschl. bivalent);2015;87
2025;Mini-Vans;Flüssiggas (LPG) (einschl. bivalent);2016;25
2025;Mini-Vans;Flüssiggas (LPG) (einschl. bivalent);2017;58
2025;Mini-Vans;Flüssiggas (LPG) (einschl. bivalent);2018;47
2025;Mini-Vans;Flüssiggas (LPG) (einschl. bivalent);2019;66
2025;Mini-Vans;Flüssiggas (LPG) (einschl. bivalent);2020;9
2025;Mini-Vans;Flüssiggas (LPG) (einschl. bivalent);2021;2
2025;Mini-Vans;Erdgas (CNG) (einschl. bivalent);2000;2
2025;Mini-Vans;Erdgas (CNG) (einschl. bivalent);2001;4
2025;Mini-Vans;Erdgas (CNG) (einschl. bivalent);2002;3
2025;Mini-Vans;Erdgas (CNG) (einschl. bivalent);2003;1
2025;Mini-Vans;Erdgas (CNG) (einschl. bivalent);2004;9
2025;Mini-Vans;Erdgas (CNG) (einschl. bivalent);2005;11
2025;Mini-Vans;Erdgas (CNG) (einschl. bivalent);2006;50
2025;Mini-Vans;Erdgas (CNG) (einschl. bivalent);2007;14
2025;Mini-Vans;Erdgas (CNG) (einschl. bivalent);2008;93
2025;Mini-Vans;Erdgas (CNG) (einschl. bivalent);2009;85
2025;Mini-Vans;Erdgas (CNG) (einschl. bivalent);2010;49
2025;Mini-Vans;Erdgas (CNG) (einschl. bivalent);2011;16
2025;Mini-Vans;Erdgas (CNG) (einschl. bivalent);2013;3
2025;Mini-Vans;Erdgas (CNG) (einschl. bivalent);2014;20
2025;Mini-Vans;Erdgas (CNG) (einschl. bivalent);2015;15
2025;Mini-Vans;Erdgas (CNG) (einschl. bivalent);2016;7
2025;Mini-Vans;Erdgas (CNG) (einschl. bivalent);2017;9
2025;Großraum-Vans;Benzin;1990;5
2025;Großraum-Vans;Benzin;1991;9
2025;Großraum-Vans;Benzin;1992;22
2025;Großraum-Vans;Benzin;1993;26
2025;Großraum-Vans;Benzin;1994;44
2025;Großraum-Vans;Benzin;1995;78
2025;Großraum-Vans;Benzin;1996;203
2025;Großraum-Vans;Benzin;1997;376
2025;Großraum-Vans;Benzin;1998;495
2025;Großraum-Vans;Benzin;1999;1159
2025;Großraum-Vans;Benzin;2000;1907
2025;Großraum-Vans;Benzin;2001;2298
2025;Großraum-Vans;Benzin;2002;3159
2025;Großraum-Vans;Benzin;2003;4559
2025;Großraum-Vans;Benzin;2004;5489
2025;Großraum-Vans;Benzin;2005;7067
2025;Großraum-Vans;Benzin;2006;7983
2025;Großraum-Vans;Benzin;2007;5250
2025;Großraum-Vans;Benzin;2008;5316
2025;Großraum-Vans;Benzin;2009;6382
2025;Großraum-Vans;Benzin;2010;4942
2025;Großraum-Vans;Benzin;2011;5297
2025;Großraum-Vans;Benzin;2012;4794
2025;Großraum-Vans;Benzin;2013;3373
2025;Großraum-Vans;Benzin;2014;3057
2025;Großraum-Vans;Benzin;2015;2132
2025;Großraum-Vans;Benzin;2016;2837
2025;Großraum-Vans;Benzin;2017;3323
2025;Großraum-Vans;Benzin;2018;3198
2025;Großraum-Vans;Benzin;2019;2317
2025;Großraum-Vans;Benzin;2020;1240
2025;Großraum-Vans;Benzin;2021;1836
2025;Großraum-Vans;Benzin;2022;2053
2025;Großraum-Vans;Benzin;2023;2502
2025;Großraum-Vans;Benzin;2024;4766
2025;Großraum-Vans;Benzin;2025;3229
2025;Großraum-Vans;Diesel;1990;2
2025;Großraum-Vans;Diesel;1991;3
2025;Großraum-Vans;Diesel;1993;1
2025;Großraum-Vans;Diesel;1994;5
2025;Großraum-Vans;Diesel;1995;5
2025;Großraum-Vans;Diesel;1996;20
2025;Großraum-Vans;Diesel;1997;51
2025;Großraum-Vans;Diesel;1998;86
2025;Großraum-Vans;Diesel;1999;127
2025;Großraum-Vans;Diesel;2000;369
2025;Großraum-Vans;Diesel;2001;665
2025;Großraum-Vans;Diesel;2002;1208
2025;Großraum-Vans;Diesel;2003;4044
2025;Großraum-Vans;Diesel;2004;7882
2025;Großraum-Vans;Diesel;2005;8014
2025;Großraum-Vans;Diesel;2006;12930
2025;Großraum-Vans;Diesel;2007;11252
2025;Großraum-Vans;Diesel;2008;9935
2025;Großraum-Vans;Diesel;2009;8127
2025;Großraum-Vans;Diesel;2010;7747
2025;Großraum-Vans;Diesel;2011;11518
2025;Großraum-Vans;Diesel;2012;11675
2025;Großraum-Vans;Diesel;2013;8669
2025;Großraum-Vans;Diesel;2014;8704
2025;Großraum-Vans;Diesel;2015;7644
2025;Großraum-Vans;Diesel;2016;7863
2025;Großraum-Vans;Diesel;2017;6381
2025;Großraum-Vans;Diesel;2018;5048
2025;Großraum-Vans;Diesel;2019;6381
2025;Großraum-Vans;Diesel;2020;6903
2025;Großraum-Vans;Diesel;2021;5521
2025;Großraum-Vans;Diesel;2022;5355
2025;Großraum-Vans;Diesel;2023;2815
2025;Großraum-Vans;Diesel;2024;7321
2025;Großraum-Vans;Diesel;2025;3674
2025;Großraum-Vans;Elektro (BEV);2019;2
2025;Großraum-Vans;Elektro (BEV);2020;93
2025;Großraum-Vans;Elektro (BEV);2021;249
2025;Großraum-Vans;Elektro (BEV);2022;236
2025;Großraum-Vans;Elektro (BEV);2023;189
2025;Großraum-Vans;Elektro (BEV);2024;1355
2025;Großraum-Vans;Elektro (BEV);2025;255
2025;Großraum-Vans;Hybrid;2000;1
2025;Großraum-Vans;Hybrid;2012;90
2025;Großraum-Vans;Hybrid;2013;104
2025;Großraum-Vans;Hybrid;2014;70
2025;Großraum-Vans;Hybrid;2015;177
2025;Großraum-Vans;Hybrid;2016;154
2025;Großraum-Vans;Hybrid;2017;144
2025;Großraum-Vans;Hybrid;2018;244
2025;Großraum-Vans;Hybrid;2019;239
2025;Großraum-Vans;Hybrid;2020;240
2025;Großraum-Vans;Hybrid;2021;218
2025;Großraum-Vans;Hybrid;2022;232
2025;Großraum-Vans;Hybrid;2023;396
2025;Großraum-Vans;Hybrid;2024;923
2025;Großraum-Vans;Hybrid;2025;1943
2025;Großraum-Vans;Sonstige;1993;1
2025;Großraum-Vans;Sonstige;2002;2
2025;Großraum-Vans;Sonstige;2005;1
2025;Großraum-Vans;Sonstige;2006;1
2025;Großraum-Vans;Sonstige;2009;7
2025;Großraum-Vans;Sonstige;2010;12
2025;Großraum-Vans;Sonstige;2011;10
2025;Großraum-Vans;Sonstige;2012;1
2025;Großraum-Vans;Sonstige;2023;1
2025;Großraum-Vans;Sonstige;2025;2
2025;Großraum-Vans;Flüssiggas (LPG) (einschl. bivalent);1994;5
2025;Großraum-Vans;Flüssiggas (LPG) (einschl. bivalent);1995;3
2025;Großraum-Vans;Flüssiggas (LPG) (einschl. bivalent);1996;15
2025;Großraum-Vans;Flüssiggas (LPG) (einschl. bivalent);1997;22
2025;Großraum-Vans;Flüssiggas (LPG) (einschl. bivalent);1998;32
2025;Großraum-Vans;Flüssiggas (LPG) (einschl. bivalent);1999;52
2025;Großraum-Vans;Flüssiggas (LPG) (einschl. bivalent);2000;76
2025;Großraum-Vans;Flüssiggas (LPG) (einschl. bivalent);2001;109
2025;Großraum-Vans;Flüssiggas (LPG) (einschl. bivalent);2002;156
2025;Großraum-Vans;Flüssiggas (LPG) (einschl. bivalent);2003;176
2025;Großraum-Vans;Flüssiggas (LPG) (einschl. bivalent);2004;226
2025;Großraum-Vans;Flüssiggas (LPG) (einschl. bivalent);2005;236
2025;Großraum-Vans;Flüssiggas (LPG) (einschl. bivalent);2006;271
2025;Großraum-Vans;Flüssiggas (LPG) (einschl. bivalent);2007;245
2025;Großraum-Vans;Flüssiggas (LPG) (einschl. bivalent);2008;316
2025;Großraum-Vans;Flüssiggas (LPG) (einschl. bivalent);2009;171
2025;Großraum-Vans;Flüssiggas (LPG) (einschl. bivalent);2010;100
2025;Großraum-Vans;Flüssiggas (LPG) (einschl. bivalent);2011;66
2025;Großraum-Vans;Flüssiggas (LPG) (einschl. bivalent);2012;50
2025;Großraum-Vans;Flüssiggas (LPG) (einschl. bivalent);2013;50
2025;Großraum-Vans;Flüssiggas (LPG) (einschl. bivalent);2014;24
2025;Großraum-Vans;Flüssiggas (LPG) (einschl. bivalent);2015;13
2025;Großraum-Vans;Flüssiggas (LPG) (einschl. bivalent);2016;16
2025;Großraum-Vans;Flüssiggas (LPG) (einschl. bivalent);2017;21
2025;Großraum-Vans;Flüssiggas (LPG) (einschl. bivalent);2018;12
2025;Großraum-Vans;Flüssiggas (LPG) (einschl. bivalent);2019;2
2025;Großraum-Vans;Flüssiggas (LPG) (einschl. bivalent);2022;421
2025;Großraum-Vans;Flüssiggas (LPG) (einschl. bivalent);2023;343
2025;Großraum-Vans;Flüssiggas (LPG) (einschl. bivalent);2024;253
2025;Großraum-Vans;Flüssiggas (LPG) (einschl. bivalent);2025;352
2025;Großraum-Vans;Erdgas (CNG) (einschl. bivalent);2002;13
2025;Großraum-Vans;Erdgas (CNG) (einschl. bivalent);2003;27
2025;Großraum-Vans;Erdgas (CNG) (einschl. bivalent);2004;54
2025;Großraum-Vans;Erdgas (CNG) (einschl. bivalent);2005;118
2025;Großraum-Vans;Erdgas (CNG) (einschl. bivalent);2006;235
2025;Großraum-Vans;Erdgas (CNG) (einschl. bivalent);2007;351
2025;Großraum-Vans;Erdgas (CNG) (einschl. bivalent);2008;312
2025;Großraum-Vans;Erdgas (CNG) (einschl. bivalent);2009;238
2025;Großraum-Vans;Erdgas (CNG) (einschl. bivalent);2010;133
2025;Großraum-Vans;Erdgas (CNG) (einschl. bivalent);2011;202
2025;Großraum-Vans;Erdgas (CNG) (einschl. bivalent);2012;286
2025;Großraum-Vans;Erdgas (CNG) (einschl. bivalent);2013;147
2025;Großraum-Vans;Erdgas (CNG) (einschl. bivalent);2014;87
2025;Großraum-Vans;Erdgas (CNG) (einschl. bivalent);2015;37
2025;Großraum-Vans;Erdgas (CNG) (einschl. bivalent);2016;14
2025;Großraum-Vans;Erdgas (CNG) (einschl. bivalent);2017;18
2025;Großraum-Vans;Erdgas (CNG) (einschl. bivalent);2018;12
2025;Utilities;Benzin;1990;138
2025;Utilities;Benzin;1991;154
2025;Utilities;Benzin;1992;226
2025;Utilities;Benzin;1993;169
2025;Utilities;Benzin;1994;273
2025;Utilities;Benzin;1995;428
2025;Utilities;Benzin;1996;393
2025;Utilities;Benzin;1997;374
2025;Utilities;Benzin;1998;435
2025;Utilities;Benzin;1999;664
2025;Utilities;Benzin;2000;822
2025;Utilities;Benzin;2001;1165
2025;Utilities;Benzin;2002;1576
2025;Utilities;Benzin;2003;1811
2025;Utilities;Benzin;2004;1831
2025;Utilities;Benzin;2005;2427
2025;Utilities;Benzin;2006;2300
2025;Utilities;Benzin;2007;1523
2025;Utilities;Benzin;2008;2185
2025;Utilities;Benzin;2009;3816
2025;Utilities;Benzin;2010;2062
2025;Utilities;Benzin;2011;1933
2025;Utilities;Benzin;2012;1480
2025;Utilities;Benzin;2013;1225
2025;Utilities;Benzin;2014;1321
2025;Utilities;Benzin;2015;1409
2025;Utilities;Benzin;2016;1754
2025;Utilities;Benzin;2017;2488
2025;Utilities;Benzin;2018;2576
2025;Utilities;Benzin;2019;2711
2025;Utilities;Benzin;2020;2475
2025;Utilities;Benzin;2021;2022
2025;Utilities;Benzin;2022;2121
2025;Utilities;Benzin;2023;1914
2025;Utilities;Benzin;2024;3572
2025;Utilities;Benzin;2025;3436
2025;Utilities;Diesel;1990;171
2025;Utilities;Diesel;1991;129
2025;Utilities;Diesel;1992;189
2025;Utilities;Diesel;1993;164
2025;Utilities;Diesel;1994;305
2025;Utilities;Diesel;1995;462
2025;Utilities;Diesel;1996;841
2025;Utilities;Diesel;1997;999
2025;Utilities;Diesel;1998;1392
2025;Utilities;Diesel;1999;1677
2025;Utilities;Diesel;2000;1828
2025;Utilities;Diesel;2001;1910
2025;Utilities;Diesel;2002;2497
2025;Utilities;Diesel;2003;3052
2025;Utilities;Diesel;2004;4401
2025;Utilities;Diesel;2005;5529
2025;Utilities;Diesel;2006;7153
2025;Utilities;Diesel;2007;7184
2025;Utilities;Diesel;2008;7818
2025;Utilities;Diesel;2009;7528
2025;Utilities;Diesel;2010;7835
2025;Utilities;Diesel;2011;8427
2025;Utilities;Diesel;2012;8073
2025;Utilities;Diesel;2013;7846
2025;Utilities;Diesel;2014;8525
2025;Utilities;Diesel;2015;9713
2025;Utilities;Diesel;2016;10799
2025;Utilities;Diesel;2017;10885
2025;Utilities;Diesel;2018;10229
2025;Utilities;Diesel;2019;12748
2025;Utilities;Diesel;2020;13409
2025;Utilities;Diesel;2021;13521
2025;Utilities;Diesel;2022;9701
2025;Utilities;Diesel;2023;6511
2025;Utilities;Diesel;2024;13381
2025;Utilities;Diesel;2025;9710
2025;Utilities;Elektro (BEV);2001;1
2025;Utilities;Elektro (BEV);2002;2
2025;Utilities;Elektro (BEV);2004;1
2025;Utilities;Elektro (BEV);2005;1
2025;Utilities;Elektro (BEV);2006;2
2025;Utilities;Elektro (BEV);2008;1
2025;Utilities;Elektro (BEV);2011;3
2025;Utilities;Elektro (BEV);2014;1
2025;Utilities;Elektro (BEV);2015;7
2025;Utilities;Elektro (BEV);2016;3
2025;Utilities;Elektro (BEV);2017;7
2025;Utilities;Elektro (BEV);2018;15
2025;Utilities;Elektro (BEV);2019;34
2025;Utilities;Elektro (BEV);2020;114
2025;Utilities;Elektro (BEV);2021;309
2025;Utilities;Elektro (BEV);2022;672
2025;Utilities;Elektro (BEV);2023;1573
2025;Utilities;Elektro (BEV);2024;1260
2025;Utilities;Elektro (BEV);2025;1274
2025;Utilities;Hybrid;2018;2
2025;Utilities;Hybrid;2019;26
2025;Utilities;Hybrid;2020;245
2025;Utilities;Hybrid;2021;508
2025;Utilities;Hybrid;2022;922
2025;Utilities;Hybrid;2023;437
2025;Utilities;Hybrid;2024;326
2025;Utilities;Hybrid;2025;1874
2025;Utilities;Sonstige;1995;1
2025;Utilities;Sonstige;2006;1
2025;Utilities;Sonstige;2011;1
2025;Utilities;Sonstige;2018;1
2025;Utilities;Flüssiggas (LPG) (einschl. bivalent);1990;7
2025;Utilities;Flüssiggas (LPG) (einschl. bivalent);1991;17
2025;Utilities;Flüssiggas (LPG) (einschl. bivalent);1992;15
2025;Utilities;Flüssiggas (LPG) (einschl. bivalent);1993;15
2025;Utilities;Flüssiggas (LPG) (einschl. bivalent);1994;42
2025;Utilities;Flüssiggas (LPG) (einschl. bivalent);1995;79
2025;Utilities;Flüssiggas (LPG) (einschl. bivalent);1996;80
2025;Utilities;Flüssiggas (LPG) (einschl. bivalent);1997;76
2025;Utilities;Flüssiggas (LPG) (einschl. bivalent);1998;45
2025;Utilities;Flüssiggas (LPG) (einschl. bivalent);1999;42
2025;Utilities;Flüssiggas (LPG) (einschl. bivalent);2000;27
2025;Utilities;Flüssiggas (LPG) (einschl. bivalent);2001;20
2025;Utilities;Flüssiggas (LPG) (einschl. bivalent);2002;35
2025;Utilities;Flüssiggas (LPG) (einschl. bivalent);2003;50
2025;Utilities;Flüssiggas (LPG) (einschl. bivalent);2004;48
2025;Utilities;Flüssiggas (LPG) (einschl. bivalent);2005;135
2025;Utilities;Flüssiggas (LPG) (einschl. bivalent);2006;108
2025;Utilities;Flüssiggas (LPG) (einschl. bivalent);2007;85
2025;Utilities;Flüssiggas (LPG) (einschl. bivalent);2008;226
2025;Utilities;Flüssiggas (LPG) (einschl. bivalent);2009;170
2025;Utilities;Flüssiggas (LPG) (einschl. bivalent);2010;77
2025;Utilities;Flüssiggas (LPG) (einschl. bivalent);2011;74
2025;Utilities;Flüssiggas (LPG) (einschl. bivalent);2012;73
2025;Utilities;Flüssiggas (LPG) (einschl. bivalent);2013;39
2025;Utilities;Flüssiggas (LPG) (einschl. bivalent);2014;71
2025;Utilities;Flüssiggas (LPG) (einschl. bivalent);2015;83
2025;Utilities;Flüssiggas (LPG) (einschl. bivalent);2016;10
2025;Utilities;Flüssiggas (LPG) (einschl. bivalent);2017;77
2025;Utilities;Flüssiggas (LPG) (einschl. bivalent);2018;115
2025;Utilities;Flüssiggas (LPG) (einschl. bivalent);2019;88
2025;Utilities;Flüssiggas (LPG) (einschl. bivalent);2020;2
2025;Utilities;Flüssiggas (LPG) (einschl. bivalent);2021;1
2025;Utilities;Erdgas (CNG) (einschl. bivalent);1999;2
2025;Utilities;Erdgas (CNG) (einschl. bivalent);2000;1
2025;Utilities;Erdgas (CNG) (einschl. bivalent);2001;1
2025;Utilities;Erdgas (CNG) (einschl. bivalent);2002;3
2025;Utilities;Erdgas (CNG) (einschl. bivalent);2003;2
2025;Utilities;Erdgas (CNG) (einschl. bivalent);2004;4
2025;Utilities;Erdgas (CNG) (einschl. bivalent);2005;79
2025;Utilities;Erdgas (CNG) (einschl. bivalent);2006;465
2025;Utilities;Erdgas (CNG) (einschl. bivalent);2007;418
2025;Utilities;Erdgas (CNG) (einschl. bivalent);2008;486
2025;Utilities;Erdgas (CNG) (einschl. bivalent);2009;383
2025;Utilities;Erdgas (CNG) (einschl. bivalent);2010;194
2025;Utilities;Erdgas (CNG) (einschl. bivalent);2011;250
2025;Utilities;Erdgas (CNG) (einschl. bivalent);2012;183
2025;Utilities;Erdgas (CNG) (einschl. bivalent);2013;89
2025;Utilities;Erdgas (CNG) (einschl. bivalent);2014;83
2025;Utilities;Erdgas (CNG) (einschl. bivalent);2015;60
2025;Utilities;Erdgas (CNG) (einschl. bivalent);2016;68
2025;Utilities;Erdgas (CNG) (einschl. bivalent);2017;70
2025;Utilities;Erdgas (CNG) (einschl. bivalent);2018;94
2025;Utilities;Erdgas (CNG) (einschl. bivalent);2019;90
2025;Utilities;Erdgas (CNG) (einschl. bivalent);2020;78
2025;Utilities;Erdgas (CNG) (einschl. bivalent);2021;2
2025;Utilities;Erdgas (CNG) (einschl. bivalent);2022;1
2025;Utilities;Erdgas (CNG) (einschl. bivalent);2023;4
2025;Utilities;Erdgas (CNG) (einschl. bivalent);2024;3
2025;Utilities;Erdgas (CNG) (einschl. bivalent);2025;1
2025;Wohnmobile;Benzin;1990;66
2025;Wohnmobile;Benzin;1991;68
2025;Wohnmobile;Benzin;1992;83
2025;Wohnmobile;Benzin;1993;60
2025;Wohnmobile;Benzin;1994;47
2025;Wohnmobile;Benzin;1995;54
2025;Wohnmobile;Benzin;1996;31
2025;Wohnmobile;Benzin;1997;27
2025;Wohnmobile;Benzin;1998;23
2025;Wohnmobile;Benzin;1999;23
2025;Wohnmobile;Benzin;2000;18
2025;Wohnmobile;Benzin;2001;8
2025;Wohnmobile;Benzin;2002;11
2025;Wohnmobile;Benzin;2003;6
2025;Wohnmobile;Benzin;2004;6
2025;Wohnmobile;Benzin;2005;9
2025;Wohnmobile;Benzin;2006;10
2025;Wohnmobile;Benzin;2007;4
2025;Wohnmobile;Benzin;2008;5
2025;Wohnmobile;Benzin;2009;1
2025;Wohnmobile;Benzin;2010;3
2025;Wohnmobile;Benzin;2011;2
2025;Wohnmobile;Benzin;2012;4
2025;Wohnmobile;Benzin;2013;6
2025;Wohnmobile;Benzin;2014;7
2025;Wohnmobile;Benzin;2015;6
2025;Wohnmobile;Benzin;2016;8
2025;Wohnmobile;Benzin;2017;13
2025;Wohnmobile;Benzin;2018;21
2025;Wohnmobile;Benzin;2019;17
2025;Wohnmobile;Benzin;2020;17
2025;Wohnmobile;Benzin;2021;20
2025;Wohnmobile;Benzin;2022;38
2025;Wohnmobile;Benzin;2023;29
2025;Wohnmobile;Benzin;2024;55
2025;Wohnmobile;Benzin;2025;94
2025;Wohnmobile;Diesel;1990;906
2025;Wohnmobile;Diesel;1991;1177
2025;Wohnmobile;Diesel;1992;1268
2025;Wohnmobile;Diesel;1993;1010
2025;Wohnmobile;Diesel;1994;977
2025;Wohnmobile;Diesel;1995;1114
2025;Wohnmobile;Diesel;1996;1259
2025;Wohnmobile;Diesel;1997;1245
2025;Wohnmobile;Diesel;1998;1364
2025;Wohnmobile;Diesel;1999;1668
2025;Wohnmobile;Diesel;2000;1713
2025;Wohnmobile;Diesel;2001;1860
2025;Wohnmobile;Diesel;2002;1759
2025;Wohnmobile;Diesel;2003;1728
2025;Wohnmobile;Diesel;2004;1815
2025;Wohnmobile;Diesel;2005;1841
2025;Wohnmobile;Diesel;2006;1963
2025;Wohnmobile;Diesel;2007;2022
2025;Wohnmobile;Diesel;2008;2058
2025;Wohnmobile;Diesel;2009;1673
2025;Wohnmobile;Diesel;2010;1726
2025;Wohnmobile;Diesel;2011;2063
2025;Wohnmobile;Diesel;2012;2091
2025;Wohnmobile;Diesel;2013;2017
2025;Wohnmobile;Diesel;2014;2010
2025;Wohnmobile;Diesel;2015;2317
2025;Wohnmobile;Diesel;2016;2763
2025;Wohnmobile;Diesel;2017;3014
2025;Wohnmobile;Diesel;2018;3370
2025;Wohnmobile;Diesel;2019;3789
2025;Wohnmobile;Diesel;2020;5341
2025;Wohnmobile;Diesel;2021;6029
2025;Wohnmobile;Diesel;2022;5390
2025;Wohnmobile;Diesel;2023;6709
2025;Wohnmobile;Diesel;2024;10873
2025;Wohnmobile;Diesel;2025;14976
2025;Wohnmobile;Elektro (BEV);2017;1
2025;Wohnmobile;Elektro (BEV);2022;1
2025;Wohnmobile;Elektro (BEV);2023;5
2025;Wohnmobile;Elektro (BEV);2024;4
2025;Wohnmobile;Elektro (BEV);2025;36
2025;Wohnmobile;Hybrid;2020;2
2025;Wohnmobile;Hybrid;2021;2
2025;Wohnmobile;Hybrid;2022;1
2025;Wohnmobile;Hybrid;2023;8
2025;Wohnmobile;Hybrid;2024;6
2025;Wohnmobile;Hybrid;2025;42
2025;Wohnmobile;Sonstige;1993;1
2025;Wohnmobile;Sonstige;1996;1
2025;Wohnmobile;Sonstige;2010;1
2025;Wohnmobile;Sonstige;2011;1
2025;Wohnmobile;Sonstige;2012;1
2025;Wohnmobile;Sonstige;2014;1
2025;Wohnmobile;Sonstige;2016;1
2025;Wohnmobile;Sonstige;2019;1
2025;Wohnmobile;Sonstige;2020;2
2025;Wohnmobile;Sonstige;2022;1
2025;Wohnmobile;Sonstige;2024;2
2025;Wohnmobile;Sonstige;2025;7
2025;Wohnmobile;Flüssiggas (LPG) (einschl. bivalent);1990;15
2025;Wohnmobile;Flüssiggas (LPG) (einschl. bivalent);1991;15
2025;Wohnmobile;Flüssiggas (LPG) (einschl. bivalent);1992;16
2025;Wohnmobile;Flüssiggas (LPG) (einschl. bivalent);1993;14
2025;Wohnmobile;Flüssiggas (LPG) (einschl. bivalent);1994;24
2025;Wohnmobile;Flüssiggas (LPG) (einschl. bivalent);1995;25
2025;Wohnmobile;Flüssiggas (LPG) (einschl. bivalent);1996;17
2025;Wohnmobile;Flüssiggas (LPG) (einschl. bivalent);1997;13
2025;Wohnmobile;Flüssiggas (LPG) (einschl. bivalent);1998;11
2025;Wohnmobile;Flüssiggas (LPG) (einschl. bivalent);1999;8
2025;Wohnmobile;Flüssiggas (LPG) (einschl. bivalent);2000;7
2025;Wohnmobile;Flüssiggas (LPG) (einschl. bivalent);2001;5
2025;Wohnmobile;Flüssiggas (LPG) (einschl. bivalent);2002;4
2025;Wohnmobile;Flüssiggas (LPG) (einschl. bivalent);2003;3
2025;Wohnmobile;Flüssiggas (LPG) (einschl. bivalent);2004;2
2025;Wohnmobile;Flüssiggas (LPG) (einschl. bivalent);2005;11
2025;Wohnmobile;Flüssiggas (LPG) (einschl. bivalent);2006;2
2025;Wohnmobile;Flüssiggas (LPG) (einschl. bivalent);2008;12
2025;Wohnmobile;Flüssiggas (LPG) (einschl. bivalent);2009;2
2025;Wohnmobile;Flüssiggas (LPG) (einschl. bivalent);2010;4
2025;Wohnmobile;Flüssiggas (LPG) (einschl. bivalent);2011;2
2025;Wohnmobile;Flüssiggas (LPG) (einschl. bivalent);2012;1
2025;Wohnmobile;Flüssiggas (LPG) (einschl. bivalent);2013;1
2025;Wohnmobile;Flüssiggas (LPG) (einschl. bivalent);2018;2
2025;Wohnmobile;Flüssiggas (LPG) (einschl. bivalent);2021;1
2025;Wohnmobile;Flüssiggas (LPG) (einschl. bivalent);2023;1
2025;Wohnmobile;Flüssiggas (LPG) (einschl. bivalent);2025;1
2025;Wohnmobile;Erdgas (CNG) (einschl. bivalent);1991;1
2025;Wohnmobile;Erdgas (CNG) (einschl. bivalent);1997;2
2025;Wohnmobile;Erdgas (CNG) (einschl. bivalent);1998;1
2025;Wohnmobile;Erdgas (CNG) (einschl. bivalent);2003;2
2025;Wohnmobile;Erdgas (CNG) (einschl. bivalent);2004;1
2025;Wohnmobile;Erdgas (CNG) (einschl. bivalent);2005;3
2025;Wohnmobile;Erdgas (CNG) (einschl. bivalent);2006;4
2025;Wohnmobile;Erdgas (CNG) (einschl. bivalent);2007;2
2025;Wohnmobile;Erdgas (CNG) (einschl. bivalent);2008;2
2025;Wohnmobile;Erdgas (CNG) (einschl. bivalent);2010;3
2025;Wohnmobile;Erdgas (CNG) (einschl. bivalent);2012;2
2025;Wohnmobile;Erdgas (CNG) (einschl. bivalent);2013;1
2025;Wohnmobile;Erdgas (CNG) (einschl. bivalent);2014;1
2025;Wohnmobile;Erdgas (CNG) (einschl. bivalent);2015;1
2025;Sonstige;Benzin;1902;1
2025;Sonstige;Benzin;1907;2
2025;Sonstige;Benzin;1909;1
2025;Sonstige;Benzin;1910;2
2025;Sonstige;Benzin;1911;3
2025;Sonstige;Benzin;1912;1
2025;Sonstige;Benzin;1914;4
2025;Sonstige;Benzin;1915;5
2025;Sonstige;Benzin;1916;5
2025;Sonstige;Benzin;1917;1
2025;Sonstige;Benzin;1919;1
2025;Sonstige;Benzin;1920;3
2025;Sonstige;Benzin;1921;3
2025;Sonstige;Benzin;1922;2
2025;Sonstige;Benzin;1923;8
2025;Sonstige;Benzin;1924;7
2025;Sonstige;Benzin;1925;4
2025;Sonstige;Benzin;1926;15
2025;Sonstige;Benzin;1927;22
2025;Sonstige;Benzin;1928;40
2025;Sonstige;Benzin;1929;49
2025;Sonstige;Benzin;1930;51
2025;Sonstige;Benzin;1931;54
2025;Sonstige;Benzin;1932;42
2025;Sonstige;Benzin;1933;29
2025;Sonstige;Benzin;1934;43
2025;Sonstige;Benzin;1935;52
2025;Sonstige;Benzin;1936;50
2025;Sonstige;Benzin;1937;51
2025;Sonstige;Benzin;1938;68
2025;Sonstige;Benzin;1939;53
2025;Sonstige;Benzin;1940;27
2025;Sonstige;Benzin;1941;12
2025;Sonstige;Benzin;1942;12
2025;Sonstige;Benzin;1943;24
2025;Sonstige;Benzin;1944;25
2025;Sonstige;Benzin;1945;4
2025;Sonstige;Benzin;1946;10
2025;Sonstige;Benzin;1947;23
2025;Sonstige;Benzin;1948;43
2025;Sonstige;Benzin;1949;42
2025;Sonstige;Benzin;1950;79
2025;Sonstige;Benzin;1951;86
2025;Sonstige;Benzin;1952;109
2025;Sonstige;Benzin;1953;128
2025;Sonstige;Benzin;1954;143
2025;Sonstige;Benzin;1955;196
2025;Sonstige;Benzin;1956;245
2025;Sonstige;Benzin;1957;314
2025;Sonstige;Benzin;1958;338
2025;Sonstige;Benzin;1959;437
2025;Sonstige;Benzin;1960;474
2025;Sonstige;Benzin;1961;401
2025;Sonstige;Benzin;1962;521
2025;Sonstige;Benzin;1963;482
2025;Sonstige;Benzin;1964;577
2025;Sonstige;Benzin;1965;814
2025;Sonstige;Benzin;1966;869
2025;Sonstige;Benzin;1967;976
2025;Sonstige;Benzin;1968;1062
2025;Sonstige;Benzin;1969;1065
2025;Sonstige;Benzin;1970;1229
2025;Sonstige;Benzin;1971;1383
2025;Sonstige;Benzin;1972;1495
2025;Sonstige;Benzin;1973;1475
2025;Sonstige;Benzin;1974;969
2025;Sonstige;Benzin;1975;977
2025;Sonstige;Benzin;1976;997
2025;Sonstige;Benzin;1977;1170
2025;Sonstige;Benzin;1978;1387
2025;Sonstige;Benzin;1979;1598
2025;Sonstige;Benzin;1980;1229
2025;Sonstige;Benzin;1981;1347
2025;Sonstige;Benzin;1982;1552
2025;Sonstige;Benzin;1983;2264
2025;Sonstige;Benzin;1984;2124
2025;Sonstige;Benzin;1985;2110
2025;Sonstige;Benzin;1986;3007
2025;Sonstige;Benzin;1987;4011
2025;Sonstige;Benzin;1988;5196
2025;Sonstige;Benzin;1989;6893
2025;Sonstige;Benzin;1990;1540
2025;Sonstige;Benzin;1991;1372
2025;Sonstige;Benzin;1992;1061
2025;Sonstige;Benzin;1993;923
2025;Sonstige;Benzin;1994;932
2025;Sonstige;Benzin;1995;1325
2025;Sonstige;Benzin;1996;1566
2025;Sonstige;Benzin;1997;1399
2025;Sonstige;Benzin;1998;1291
2025;Sonstige;Benzin;1999;1141
2025;Sonstige;Benzin;2000;1557
2025;Sonstige;Benzin;2001;1933
2025;Sonstige;Benzin;2002;2454
2025;Sonstige;Benzin;2003;2237
2025;Sonstige;Benzin;2004;2172
2025;Sonstige;Benzin;2005;2390
2025;Sonstige;Benzin;2006;1624
2025;Sonstige;Benzin;2007;847
2025;Sonstige;Benzin;2008;947
2025;Sonstige;Benzin;2009;1022
2025;Sonstige;Benzin;2010;555
2025;Sonstige;Benzin;2011;669
2025;Sonstige;Benzin;2012;879
2025;Sonstige;Benzin;2013;1006
2025;Sonstige;Benzin;2014;1059
2025;Sonstige;Benzin;2015;1309
2025;Sonstige;Benzin;2016;1225
2025;Sonstige;Benzin;2017;1213
2025;Sonstige;Benzin;2018;1323
2025;Sonstige;Benzin;2019;1187
2025;Sonstige;Benzin;2020;1048
2025;Sonstige;Benzin;2021;1115
2025;Sonstige;Benzin;2022;1279
2025;Sonstige;Benzin;2023;1631
2025;Sonstige;Benzin;2024;2108
2025;Sonstige;Benzin;2025;2749
2025;Sonstige;Diesel;1906;1
2025;Sonstige;Diesel;1914;1
2025;Sonstige;Diesel;1915;1
2025;Sonstige;Diesel;1918;1
2025;Sonstige;Diesel;1932;1
2025;Sonstige;Diesel;1949;2
2025;Sonstige;Diesel;1950;3
2025;Sonstige;Diesel;1951;13
2025;Sonstige;Diesel;1952;9
2025;Sonstige;Diesel;1953;12
2025;Sonstige;Diesel;1954;9
2025;Sonstige;Diesel;1955;3
2025;Sonstige;Diesel;1956;4
2025;Sonstige;Diesel;1957;5
2025;Sonstige;Diesel;1958;6
2025;Sonstige;Diesel;1959;18
2025;Sonstige;Diesel;1960;22
2025;Sonstige;Diesel;1961;16
2025;Sonstige;Diesel;1962;11
2025;Sonstige;Diesel;1963;11
2025;Sonstige;Diesel;1964;16
2025;Sonstige;Diesel;1965;26
2025;Sonstige;Diesel;1966;37
2025;Sonstige;Diesel;1967;39
2025;Sonstige;Diesel;1968;30
2025;Sonstige;Diesel;1969;29
2025;Sonstige;Diesel;1970;37
2025;Sonstige;Diesel;1971;49
2025;Sonstige;Diesel;1972;71
2025;Sonstige;Diesel;1973;66
2025;Sonstige;Diesel;1974;60
2025;Sonstige;Diesel;1975;74
2025;Sonstige;Diesel;1976;85
2025;Sonstige;Diesel;1977;89
2025;Sonstige;Diesel;1978;128
2025;Sonstige;Diesel;1979;191
2025;Sonstige;Diesel;1980;209
2025;Sonstige;Diesel;1981;295
2025;Sonstige;Diesel;1982;426
2025;Sonstige;Diesel;1983;411
2025;Sonstige;Diesel;1984;402
2025;Sonstige;Diesel;1985;638
2025;Sonstige;Diesel;1986;927
2025;Sonstige;Diesel;1987;1053
2025;Sonstige;Diesel;1988;1165
2025;Sonstige;Diesel;1989;1292
2025;Sonstige;Diesel;1990;39
2025;Sonstige;Diesel;1991;42
2025;Sonstige;Diesel;1992;39
2025;Sonstige;Diesel;1993;24
2025;Sonstige;Diesel;1994;36
2025;Sonstige;Diesel;1995;65
2025;Sonstige;Diesel;1996;68
2025;Sonstige;Diesel;1997;76
2025;Sonstige;Diesel;1998;88
2025;Sonstige;Diesel;1999;136
2025;Sonstige;Diesel;2000;352
2025;Sonstige;Diesel;2001;713
2025;Sonstige;Diesel;2002;753
2025;Sonstige;Diesel;2003;742
2025;Sonstige;Diesel;2004;771
2025;Sonstige;Diesel;2005;434
2025;Sonstige;Diesel;2006;401
2025;Sonstige;Diesel;2007;260
2025;Sonstige;Diesel;2008;187
2025;Sonstige;Diesel;2009;157
2025;Sonstige;Diesel;2010;89
2025;Sonstige;Diesel;2011;215
2025;Sonstige;Diesel;2012;322
2025;Sonstige;Diesel;2013;152
2025;Sonstige;Diesel;2014;125
2025;Sonstige;Diesel;2015;108
2025;Sonstige;Diesel;2016;83
2025;Sonstige;Diesel;2017;62
2025;Sonstige;Diesel;2018;53
2025;Sonstige;Diesel;2019;58
2025;Sonstige;Diesel;2020;46
2025;Sonstige;Diesel;2021;74
2025;Sonstige;Diesel;2022;98
2025;Sonstige;Diesel;2023;57
2025;Sonstige;Diesel;2024;116
2025;Sonstige;Diesel;2025;39
2025;Sonstige;Elektro (BEV);1922;1
2025;Sonstige;Elektro (BEV);1961;1
2025;Sonstige;Elektro (BEV);1965;1
2025;Sonstige;Elektro (BEV);1967;2
2025;Sonstige;Elektro (BEV);1968;3
2025;Sonstige;Elektro (BEV);1969;1
2025;Sonstige;Elektro (BEV);1970;3
2025;Sonstige;Elektro (BEV);1972;2
2025;Sonstige;Elektro (BEV);1973;2
2025;Sonstige;Elektro (BEV);1977;3
2025;Sonstige;Elektro (BEV);1979;1
2025;Sonstige;Elektro (BEV);1982;1
2025;Sonstige;Elektro (BEV);1985;1
2025;Sonstige;Elektro (BEV);1986;2
2025;Sonstige;Elektro (BEV);1988;1
2025;Sonstige;Elektro (BEV);1990;1
2025;Sonstige;Elektro (BEV);1991;8
2025;Sonstige;Elektro (BEV);1992;4
2025;Sonstige;Elektro (BEV);1993;2
2025;Sonstige;Elektro (BEV);1994;3
2025;Sonstige;Elektro (BEV);1995;2
2025;Sonstige;Elektro (BEV);1996;8
2025;Sonstige;Elektro (BEV);1997;4
2025;Sonstige;Elektro (BEV);1998;3
2025;Sonstige;Elektro (BEV);1999;1
2025;Sonstige;Elektro (BEV);2000;2
2025;Sonstige;Elektro (BEV);2002;1
2025;Sonstige;Elektro (BEV);2005;3
2025;Sonstige;Elektro (BEV);2008;2
2025;Sonstige;Elektro (BEV);2009;3
2025;Sonstige;Elektro (BEV);2010;3
2025;Sonstige;Elektro (BEV);2011;11
2025;Sonstige;Elektro (BEV);2012;16
2025;Sonstige;Elektro (BEV);2013;11
2025;Sonstige;Elektro (BEV);2014;21
2025;Sonstige;Elektro (BEV);2015;17
2025;Sonstige;Elektro (BEV);2016;9
2025;Sonstige;Elektro (BEV);2017;8
2025;Sonstige;Elektro (BEV);2018;1
2025;Sonstige;Elektro (BEV);2019;23
2025;Sonstige;Elektro (BEV);2020;70
2025;Sonstige;Elektro (BEV);2021;76
2025;Sonstige;Elektro (BEV);2022;290
2025;Sonstige;Elektro (BEV);2023;519
2025;Sonstige;Elektro (BEV);2024;773
2025;Sonstige;Elektro (BEV);2025;700
2025;Sonstige;Hybrid;1921;1
2025;Sonstige;Hybrid;1955;1
2025;Sonstige;Hybrid;1987;1
2025;Sonstige;Hybrid;2002;1
2025;Sonstige;Hybrid;2004;1
2025;Sonstige;Hybrid;2005;2
2025;Sonstige;Hybrid;2007;12
2025;Sonstige;Hybrid;2008;9
2025;Sonstige;Hybrid;2009;6
2025;Sonstige;Hybrid;2010;6
2025;Sonstige;Hybrid;2011;7
2025;Sonstige;Hybrid;2012;15
2025;Sonstige;Hybrid;2013;26
2025;Sonstige;Hybrid;2014;30
2025;Sonstige;Hybrid;2015;32
2025;Sonstige;Hybrid;2016;12
2025;Sonstige;Hybrid;2017;15
2025;Sonstige;Hybrid;2018;30
2025;Sonstige;Hybrid;2019;29
2025;Sonstige;Hybrid;2020;34
2025;Sonstige;Hybrid;2021;111
2025;Sonstige;Hybrid;2022;130
2025;Sonstige;Hybrid;2023;264
2025;Sonstige;Hybrid;2024;373
2025;Sonstige;Hybrid;2025;310
2025;Sonstige;Sonstige;1919;1
2025;Sonstige;Sonstige;1952;1
2025;Sonstige;Sonstige;1957;2
2025;Sonstige;Sonstige;1959;1
2025;Sonstige;Sonstige;1961;1
2025;Sonstige;Sonstige;1962;1
2025;Sonstige;Sonstige;1963;1
2025;Sonstige;Sonstige;1965;2
2025;Sonstige;Sonstige;1966;1
2025;Sonstige;Sonstige;1967;1
2025;Sonstige;Sonstige;1968;1
2025;Sonstige;Sonstige;1969;2
2025;Sonstige;Sonstige;1970;1
2025;Sonstige;Sonstige;1972;3
2025;Sonstige;Sonstige;1981;2
2025;Sonstige;Sonstige;1982;2
2025;Sonstige;Sonstige;1983;1
2025;Sonstige;Sonstige;1984;2
2025;Sonstige;Sonstige;1985;1
2025;Sonstige;Sonstige;1987;1
2025;Sonstige;Sonstige;1988;1
2025;Sonstige;Sonstige;1992;2
2025;Sonstige;Sonstige;1996;1
2025;Sonstige;Sonstige;2008;1
2025;Sonstige;Sonstige;2009;3
2025;Sonstige;Sonstige;2010;1
2025;Sonstige;Sonstige;2012;1
2025;Sonstige;Sonstige;2014;2
2025;Sonstige;Sonstige;2015;5
2025;Sonstige;Sonstige;2016;10
2025;Sonstige;Sonstige;2017;11
2025;Sonstige;Sonstige;2018;9
2025;Sonstige;Sonstige;2019;13
2025;Sonstige;Sonstige;2020;14
2025;Sonstige;Sonstige;2022;9
2025;Sonstige;Sonstige;2023;1
2025;Sonstige;Sonstige;2024;2
2025;Sonstige;Sonstige;2025;7
2025;Sonstige;Flüssiggas (LPG) (einschl. bivalent);1954;1
2025;Sonstige;Flüssiggas (LPG) (einschl. bivalent);1958;1
2025;Sonstige;Flüssiggas (LPG) (einschl. bivalent);1965;1
2025;Sonstige;Flüssiggas (LPG) (einschl. bivalent);1966;2
2025;Sonstige;Flüssiggas (LPG) (einschl. bivalent);1968;5
2025;Sonstige;Flüssiggas (LPG) (einschl. bivalent);1969;4
2025;Sonstige;Flüssiggas (LPG) (einschl. bivalent);1970;2
2025;Sonstige;Flüssiggas (LPG) (einschl. bivalent);1971;3
2025;Sonstige;Flüssiggas (LPG) (einschl. bivalent);1972;3
2025;Sonstige;Flüssiggas (LPG) (einschl. bivalent);1973;6
2025;Sonstige;Flüssiggas (LPG) (einschl. bivalent);1974;8
2025;Sonstige;Flüssiggas (LPG) (einschl. bivalent);1975;3
2025;Sonstige;Flüssiggas (LPG) (einschl. bivalent);1976;7
2025;Sonstige;Flüssiggas (LPG) (einschl. bivalent);1977;10
2025;Sonstige;Flüssiggas (LPG) (einschl. bivalent);1978;5
2025;Sonstige;Flüssiggas (LPG) (einschl. bivalent);1979;13
2025;Sonstige;Flüssiggas (LPG) (einschl. bivalent);1980;11
2025;Sonstige;Flüssiggas (LPG) (einschl. bivalent);1981;11
2025;Sonstige;Flüssiggas (LPG) (einschl. bivalent);1982;10
2025;Sonstige;Flüssiggas (LPG) (einschl. bivalent);1983;18
2025;Sonstige;Flüssiggas (LPG) (einschl. bivalent);1984;16
2025;Sonstige;Flüssiggas (LPG) (einschl. bivalent);1985;17
2025;Sonstige;Flüssiggas (LPG) (einschl. bivalent);1986;20
2025;Sonstige;Flüssiggas (LPG) (einschl. bivalent);1987;38
2025;Sonstige;Flüssiggas (LPG) (einschl. bivalent);1988;60
2025;Sonstige;Flüssiggas (LPG) (einschl. bivalent);1989;83
2025;Sonstige;Flüssiggas (LPG) (einschl. bivalent);1990;31
2025;Sonstige;Flüssiggas (LPG) (einschl. bivalent);1991;27
2025;Sonstige;Flüssiggas (LPG) (einschl. bivalent);1992;33
2025;Sonstige;Flüssiggas (LPG) (einschl. bivalent);1993;24
2025;Sonstige;Flüssiggas (LPG) (einschl. bivalent);1994;26
2025;Sonstige;Flüssiggas (LPG) (einschl. bivalent);1995;37
2025;Sonstige;Flüssiggas (LPG) (einschl. bivalent);1996;45
2025;Sonstige;Flüssiggas (LPG) (einschl. bivalent);1997;73
2025;Sonstige;Flüssiggas (LPG) (einschl. bivalent);1998;76
2025;Sonstige;Flüssiggas (LPG) (einschl. bivalent);1999;85
2025;Sonstige;Flüssiggas (LPG) (einschl. bivalent);2000;93
2025;Sonstige;Flüssiggas (LPG) (einschl. bivalent);2001;91
2025;Sonstige;Flüssiggas (LPG) (einschl. bivalent);2002;119
2025;Sonstige;Flüssiggas (LPG) (einschl. bivalent);2003;101
2025;Sonstige;Flüssiggas (LPG) (einschl. bivalent);2004;119
2025;Sonstige;Flüssiggas (LPG) (einschl. bivalent);2005;168
2025;Sonstige;Flüssiggas (LPG) (einschl. bivalent);2006;131
2025;Sonstige;Flüssiggas (LPG) (einschl. bivalent);2007;126
2025;Sonstige;Flüssiggas (LPG) (einschl. bivalent);2008;137
2025;Sonstige;Flüssiggas (LPG) (einschl. bivalent);2009;74
2025;Sonstige;Flüssiggas (LPG) (einschl. bivalent);2010;73
2025;Sonstige;Flüssiggas (LPG) (einschl. bivalent);2011;70
2025;Sonstige;Flüssiggas (LPG) (einschl. bivalent);2012;69
2025;Sonstige;Flüssiggas (LPG) (einschl. bivalent);2013;67
2025;Sonstige;Flüssiggas (LPG) (einschl. bivalent);2014;94
2025;Sonstige;Flüssiggas (LPG) (einschl. bivalent);2015;72
2025;Sonstige;Flüssiggas (LPG) (einschl. bivalent);2016;69
2025;Sonstige;Flüssiggas (LPG) (einschl. bivalent);2017;80
2025;Sonstige;Flüssiggas (LPG) (einschl. bivalent);2018;99
2025;Sonstige;Flüssiggas (LPG) (einschl. bivalent);2019;89
2025;Sonstige;Flüssiggas (LPG) (einschl. bivalent);2020;57
2025;Sonstige;Flüssiggas (LPG) (einschl. bivalent);2021;88
2025;Sonstige;Flüssiggas (LPG) (einschl. bivalent);2022;63
2025;Sonstige;Flüssiggas (LPG) (einschl. bivalent);2023;38
2025;Sonstige;Flüssiggas (LPG) (einschl. bivalent);2024;37
2025;Sonstige;Flüssiggas (LPG) (einschl. bivalent);2025;29
2025;Sonstige;Erdgas (CNG) (einschl. bivalent);1973;1
2025;Sonstige;Erdgas (CNG) (einschl. bivalent);1987;1
2025;Sonstige;Erdgas (CNG) (einschl. bivalent);1993;1
2025;Sonstige;Erdgas (CNG) (einschl. bivalent);1997;1
2025;Sonstige;Erdgas (CNG) (einschl. bivalent);1998;1
2025;Sonstige;Erdgas (CNG) (einschl. bivalent);1999;1
2025;Sonstige;Erdgas (CNG) (einschl. bivalent);2001;2
2025;Sonstige;Erdgas (CNG) (einschl. bivalent);2002;1
2025;Sonstige;Erdgas (CNG) (einschl. bivalent);2003;3
2025;Sonstige;Erdgas (CNG) (einschl. bivalent);2007;1
2025;Sonstige;Erdgas (CNG) (einschl. bivalent);2012;9
2025;Sonstige;Erdgas (CNG) (einschl. bivalent);2013;11
2025;Sonstige;Erdgas (CNG) (einschl. bivalent);2014;2
